atm_id,transaction_date,daily_transactions,avg_withdrawal_amount,daily_cash_dispensed,cash_balance_eod,was_replenished
ATM001,2024-01-01,171,92.54,15843.04,104156.96,False
ATM001,2024-01-02,146,86.48,12588.76,91568.2,False
ATM001,2024-01-03,167,89.15,14864.04,76704.16,False
ATM001,2024-01-04,185,87.7,16215.76,103784.24,True
ATM001,2024-01-05,257,92.1,23660.31,80123.93,False
ATM001,2024-01-06,263,93.04,24465.09,55658.84,False
ATM001,2024-01-07,209,87.68,18328.16,37330.68,False
ATM001,2024-01-08,176,87.41,15425.34,104574.66,True
ATM001,2024-01-09,171,89.87,15346.21,89228.46,False
ATM001,2024-01-10,165,88.16,14542.21,74686.24,False
ATM001,2024-01-11,197,89.58,17685.37,57000.87,False
ATM001,2024-01-12,242,89.05,21590.6,98409.4,True
ATM001,2024-01-13,278,90.99,25276.79,73132.61,False
ATM001,2024-01-14,200,91.16,18258.02,54874.59,False
ATM001,2024-01-15,196,88.9,17463.52,37411.07,False
ATM001,2024-01-16,159,87.8,13922.69,106077.31,True
ATM001,2024-01-17,165,93.05,15380.72,90696.59,False
ATM001,2024-01-18,184,87.73,16105.87,74590.73,False
ATM001,2024-01-19,229,91.76,21000.1,53590.63,False
ATM001,2024-01-20,280,91.47,25652.8,94347.2,True
ATM001,2024-01-21,187,90.63,16930.68,77416.52,False
ATM001,2024-01-22,167,90.59,15155.55,62260.97,False
ATM001,2024-01-23,169,90.6,15338.67,46922.3,False
ATM001,2024-01-24,171,90.18,15448.63,104551.37,True
ATM001,2024-01-25,181,91.7,16566.76,87984.62,False
ATM001,2024-01-26,225,89.14,20090.36,67894.26,False
ATM001,2024-01-27,267,88.28,23563.5,44330.76,False
ATM001,2024-01-28,185,94.04,17399.71,102600.29,True
ATM001,2024-01-29,153,92.61,14148.25,88452.05,False
ATM001,2024-01-30,144,89.1,12827.3,75624.75,False
ATM001,2024-01-31,163,91.58,14900.41,60724.33,False
ATM001,2024-02-01,154,92.14,14219.64,105780.36,True
ATM001,2024-02-02,204,88.75,18092.7,87687.66,False
ATM001,2024-02-03,241,89.48,21549.7,66137.96,False
ATM001,2024-02-04,155,86.94,13518.97,52619.0,False
ATM001,2024-02-05,129,91.34,11746.03,108253.97,True
ATM001,2024-02-06,132,91.86,12146.31,96107.66,False
ATM001,2024-02-07,132,90.43,11914.63,84193.03,False
ATM001,2024-02-08,159,89.16,14134.66,70058.38,False
ATM001,2024-02-09,217,88.21,19142.17,100857.83,True
ATM001,2024-02-10,222,88.97,19784.32,81073.51,False
ATM001,2024-02-11,149,91.31,13594.74,67478.77,False
ATM001,2024-02-12,135,90.03,12121.96,55356.81,False
ATM001,2024-02-13,136,91.21,12437.39,107562.61,True
ATM001,2024-02-14,143,89.73,12861.67,94700.94,False
ATM001,2024-02-15,222,89.78,19963.74,100036.26,True
ATM001,2024-02-16,291,86.09,25041.04,74995.21,False
ATM001,2024-02-17,322,87.31,28118.42,91881.58,True
ATM001,2024-02-18,264,87.56,23105.86,68775.72,False
ATM001,2024-02-19,198,93.51,18543.44,101456.56,True
ATM001,2024-02-20,194,91.99,17829.01,83627.54,False
ATM001,2024-02-21,195,89.45,17479.55,102520.45,True
ATM001,2024-02-22,216,89.08,19241.07,83279.38,False
ATM001,2024-02-23,350,85.34,29887.83,90112.17,True
ATM001,2024-02-24,351,90.64,31798.64,58313.54,False
ATM001,2024-02-25,250,86.1,21552.92,98447.08,True
ATM001,2024-02-26,216,88.57,19137.25,79309.83,False
ATM001,2024-02-27,206,90.06,18579.39,101420.61,True
ATM001,2024-02-28,234,89.35,20874.11,80546.5,False
ATM001,2024-02-29,212,90.48,19142.36,100857.64,True
ATM001,2024-03-01,306,93.67,28617.82,72239.82,False
ATM001,2024-03-02,360,90.96,32703.15,87296.85,True
ATM001,2024-03-03,287,86.79,24891.67,62405.18,False
ATM001,2024-03-04,208,87.5,18206.98,101793.02,True
ATM001,2024-03-05,206,86.28,17787.2,84005.82,False
ATM001,2024-03-06,218,89.4,19508.41,100491.59,True
ATM001,2024-03-07,213,87.26,18552.27,81939.32,False
ATM001,2024-03-08,312,92.26,28805.77,91194.23,True
ATM001,2024-03-09,362,97.87,35473.46,55720.77,False
ATM001,2024-03-10,265,87.33,23129.54,96870.46,True
ATM001,2024-03-11,181,90.72,16401.03,80469.42,False
ATM001,2024-03-12,194,88.88,17268.08,102731.92,True
ATM001,2024-03-13,199,89.62,17877.41,84854.51,False
ATM001,2024-03-14,245,90.42,22157.31,97842.69,True
ATM001,2024-03-15,320,87.2,27869.29,69973.41,False
ATM001,2024-03-16,204,88.69,18048.73,101951.27,True
ATM001,2024-03-17,155,94.77,14726.18,87225.08,False
ATM001,2024-03-18,136,92.65,12641.64,74583.44,False
ATM001,2024-03-19,134,86.8,11612.76,62970.68,False
ATM001,2024-03-20,130,88.04,11474.38,108525.62,True
ATM001,2024-03-21,179,87.78,15702.68,92822.95,False
ATM001,2024-03-22,225,87.56,19660.54,73162.41,False
ATM001,2024-03-23,238,91.04,21661.0,51501.41,False
ATM001,2024-03-24,163,89.89,14620.53,105379.47,True
ATM001,2024-03-25,131,91.2,11965.67,93413.79,False
ATM001,2024-03-26,134,86.69,11648.84,81764.95,False
ATM001,2024-03-27,124,90.47,11225.85,70539.11,False
ATM001,2024-03-28,167,90.43,15110.27,104889.73,True
ATM001,2024-03-29,203,90.77,18386.46,86503.27,False
ATM001,2024-03-30,245,90.59,22236.24,64267.02,False
ATM001,2024-03-31,154,92.99,14362.59,49904.44,False
ATM001,2024-04-01,165,94.15,15490.26,104509.74,True
ATM001,2024-04-02,169,86.69,14617.26,89892.47,False
ATM001,2024-04-03,142,94.46,13386.21,76506.26,False
ATM001,2024-04-04,205,89.52,18316.76,58189.5,False
ATM001,2024-04-05,231,93.95,21658.93,98341.07,True
ATM001,2024-04-06,257,87.58,22536.4,75804.67,False
ATM001,2024-04-07,209,88.93,18555.13,57249.54,False
ATM001,2024-04-08,168,89.56,15026.88,42222.67,False
ATM001,2024-04-09,158,93.8,14776.04,105223.96,True
ATM001,2024-04-10,162,91.74,14825.33,90398.63,False
ATM001,2024-04-11,157,89.87,14064.41,76334.22,False
ATM001,2024-04-12,242,86.71,20972.56,55361.66,False
ATM001,2024-04-13,257,89.1,22900.4,97099.6,True
ATM001,2024-04-14,219,86.42,18912.56,78187.04,False
ATM001,2024-04-15,170,88.69,15064.53,63122.51,False
ATM001,2024-04-16,152,92.71,14103.74,49018.77,False
ATM001,2024-04-17,163,93.61,15297.11,104702.89,True
ATM001,2024-04-18,182,88.12,16060.2,88642.68,False
ATM001,2024-04-19,242,90.65,21901.84,66740.84,False
ATM001,2024-04-20,283,87.07,24655.13,42085.71,False
ATM001,2024-04-21,197,90.62,17850.79,102149.21,True
ATM001,2024-04-22,189,95.07,17929.04,84220.17,False
ATM001,2024-04-23,152,89.22,13594.29,70625.88,False
ATM001,2024-04-24,150,88.41,13297.22,57328.66,False
ATM001,2024-04-25,178,93.26,16597.5,103402.5,True
ATM001,2024-04-26,240,88.23,21140.8,82261.69,False
ATM001,2024-04-27,234,89.56,20953.69,61308.0,False
ATM001,2024-04-28,186,88.57,16466.77,44841.24,False
ATM001,2024-04-29,158,89.75,14137.33,105862.67,True
ATM001,2024-04-30,148,86.04,12760.26,93102.41,False
ATM001,2024-05-01,165,86.52,14249.5,78852.91,False
ATM001,2024-05-02,132,94.96,12529.22,66323.69,False
ATM001,2024-05-03,262,86.84,22720.65,97279.35,True
ATM001,2024-05-04,218,90.92,19777.13,77502.23,False
ATM001,2024-05-05,191,87.34,16683.17,60819.06,False
ATM001,2024-05-06,134,92.1,12313.64,48505.41,False
ATM001,2024-05-07,139,88.98,12397.43,107602.57,True
ATM001,2024-05-08,141,86.29,12161.89,95440.69,False
ATM001,2024-05-09,149,89.28,13305.35,82135.34,False
ATM001,2024-05-10,213,88.5,18843.56,63291.78,False
ATM001,2024-05-11,226,92.73,20974.58,99025.42,True
ATM001,2024-05-12,164,90.95,14943.43,84081.99,False
ATM001,2024-05-13,140,90.0,12573.58,71508.41,False
ATM001,2024-05-14,126,90.85,11433.48,60074.92,False
ATM001,2024-05-15,127,95.65,12193.03,107806.97,True
ATM001,2024-05-16,166,91.04,15104.2,92702.77,False
ATM001,2024-05-17,202,87.0,17575.49,75127.28,False
ATM001,2024-05-18,243,90.71,22058.18,53069.1,False
ATM001,2024-05-19,179,85.29,15286.98,104713.02,True
ATM001,2024-05-20,147,91.23,13367.12,91345.9,False
ATM001,2024-05-21,125,88.73,11126.45,80219.45,False
ATM001,2024-05-22,139,90.14,12505.08,67714.37,False
ATM001,2024-05-23,148,89.72,13255.15,106744.85,True
ATM001,2024-05-24,201,90.41,18215.65,88529.2,False
ATM001,2024-05-25,271,83.07,22495.33,66033.87,False
ATM001,2024-05-26,161,90.48,14538.67,51495.2,False
ATM001,2024-05-27,144,89.0,12789.15,107210.85,True
ATM001,2024-05-28,117,90.89,10634.3,96576.55,False
ATM001,2024-05-29,161,85.86,13854.21,82722.34,False
ATM001,2024-05-30,161,89.11,14372.35,68349.99,False
ATM001,2024-05-31,212,87.16,18460.38,101539.62,True
ATM001,2024-06-01,212,93.51,19823.96,81715.66,False
ATM001,2024-06-02,163,94.68,15397.08,66318.59,False
ATM001,2024-06-03,149,91.19,13603.08,52715.51,False
ATM001,2024-06-04,149,91.19,13587.23,106412.77,True
ATM001,2024-06-05,146,89.2,13008.9,93403.87,False
ATM001,2024-06-06,154,88.12,13592.21,79811.66,False
ATM001,2024-06-07,229,86.82,19869.59,59942.07,False
ATM001,2024-06-08,240,89.49,21435.92,98564.08,True
ATM001,2024-06-09,174,92.03,16044.71,82519.38,False
ATM001,2024-06-10,155,91.97,14229.57,68289.8,False
ATM001,2024-06-11,120,89.82,10772.67,57517.13,False
ATM001,2024-06-12,128,88.6,11309.4,108690.6,True
ATM001,2024-06-13,164,91.72,15038.66,93651.94,False
ATM001,2024-06-14,202,87.26,17654.56,75997.38,False
ATM001,2024-06-15,235,86.72,20340.18,55657.2,False
ATM001,2024-06-16,155,90.84,14103.34,105896.66,True
ATM001,2024-06-17,148,91.64,13582.05,92314.61,False
ATM001,2024-06-18,113,90.82,10243.72,82070.88,False
ATM001,2024-06-19,135,91.12,12338.41,69732.48,False
ATM001,2024-06-20,179,84.43,15149.58,104850.42,True
ATM001,2024-06-21,194,91.6,17788.32,87062.1,False
ATM001,2024-06-22,193,93.99,18166.73,68895.37,False
ATM001,2024-06-23,164,92.29,15167.83,53727.54,False
ATM001,2024-06-24,131,92.2,12036.11,107963.89,True
ATM001,2024-06-25,143,90.63,12959.75,95004.14,False
ATM001,2024-06-26,138,90.73,12479.44,82524.7,False
ATM001,2024-06-27,142,89.6,12735.64,69789.06,False
ATM001,2024-06-28,201,91.04,18342.9,101657.1,True
ATM001,2024-06-29,250,87.14,21764.74,79892.36,False
ATM001,2024-06-30,156,94.0,14652.94,65239.42,False
ATM001,2024-07-01,135,87.78,11891.53,53347.89,False
ATM001,2024-07-02,132,92.28,12197.33,107802.67,True
ATM001,2024-07-03,131,93.59,12286.17,95516.5,False
ATM001,2024-07-04,156,92.27,14365.28,81151.23,False
ATM001,2024-07-05,200,96.28,19273.05,61878.18,False
ATM001,2024-07-06,236,84.59,20004.2,99995.8,True
ATM001,2024-07-07,186,88.76,16538.48,83457.33,False
ATM001,2024-07-08,135,93.54,12621.84,70835.49,False
ATM001,2024-07-09,124,86.62,10749.91,60085.58,False
ATM001,2024-07-10,125,87.86,10974.62,109025.38,True
ATM001,2024-07-11,153,91.42,13951.86,95073.52,False
ATM001,2024-07-12,219,86.19,18901.83,76171.7,False
ATM001,2024-07-13,192,90.15,17263.53,58908.17,False
ATM001,2024-07-14,157,91.24,14301.54,105698.46,True
ATM001,2024-07-15,146,90.37,13157.79,92540.67,False
ATM001,2024-07-16,140,90.62,12683.03,79857.64,False
ATM001,2024-07-17,145,88.1,12740.41,67117.23,False
ATM001,2024-07-18,148,90.53,13360.0,106640.0,True
ATM001,2024-07-19,221,88.94,19635.84,87004.16,False
ATM001,2024-07-20,236,89.28,21047.57,65956.59,False
ATM001,2024-07-21,159,92.24,14660.6,51295.99,False
ATM001,2024-07-22,126,86.5,10895.64,109104.36,True
ATM001,2024-07-23,130,83.7,10840.64,98263.71,False
ATM001,2024-07-24,127,92.02,11707.11,86556.61,False
ATM001,2024-07-25,146,90.53,13261.92,73294.69,False
ATM001,2024-07-26,214,93.58,20008.65,99991.35,True
ATM001,2024-07-27,216,93.65,20195.58,79795.77,False
ATM001,2024-07-28,170,87.74,14877.36,64918.41,False
ATM001,2024-07-29,140,86.0,12016.36,52902.05,False
ATM001,2024-07-30,127,89.03,11300.94,108699.06,True
ATM001,2024-07-31,137,94.65,12986.7,95712.36,False
ATM001,2024-08-01,135,91.06,12281.4,83430.97,False
ATM001,2024-08-02,189,91.28,17237.4,66193.57,False
ATM001,2024-08-03,236,85.06,20108.19,99891.81,True
ATM001,2024-08-04,179,88.37,15774.15,84117.66,False
ATM001,2024-08-05,139,87.11,12067.36,72050.3,False
ATM001,2024-08-06,126,91.16,11487.45,60562.85,False
ATM001,2024-08-07,133,90.89,12114.8,107885.2,True
ATM001,2024-08-08,148,93.57,13876.17,94009.04,False
ATM001,2024-08-09,210,86.01,18100.22,75908.81,False
ATM001,2024-08-10,245,89.1,21867.66,54041.15,False
ATM001,2024-08-11,176,91.04,15981.2,104018.8,True
ATM001,2024-08-12,136,90.94,12412.42,91606.38,False
ATM001,2024-08-13,144,95.61,13785.62,77820.76,False
ATM001,2024-08-14,136,90.43,12336.12,65484.64,False
ATM001,2024-08-15,166,87.72,14587.65,105412.35,True
ATM001,2024-08-16,211,89.93,18977.12,86435.23,False
ATM001,2024-08-17,236,87.75,20744.41,65690.81,False
ATM001,2024-08-18,157,84.4,13225.17,52465.64,False
ATM001,2024-08-19,131,88.76,11584.41,108415.59,True
ATM001,2024-08-20,124,95.23,11781.52,96634.07,False
ATM001,2024-08-21,152,87.4,13264.54,83369.54,False
ATM001,2024-08-22,156,88.9,13862.37,69507.17,False
ATM001,2024-08-23,201,90.5,18174.4,101825.6,True
ATM001,2024-08-24,238,89.08,21192.46,80633.14,False
ATM001,2024-08-25,183,86.92,15924.54,64708.6,False
ATM001,2024-08-26,129,97.01,12532.45,52176.16,False
ATM001,2024-08-27,130,93.87,12215.07,107784.93,True
ATM001,2024-08-28,135,91.57,12355.25,95429.68,False
ATM001,2024-08-29,150,89.54,13475.37,81954.31,False
ATM001,2024-08-30,193,91.16,17555.29,64399.01,False
ATM001,2024-08-31,208,91.8,19119.25,100880.75,True
ATM001,2024-09-01,175,90.99,15948.45,84932.3,False
ATM001,2024-09-02,135,91.23,12278.38,72653.92,False
ATM001,2024-09-03,127,92.53,11768.76,60885.16,False
ATM001,2024-09-04,121,89.09,10799.24,109200.76,True
ATM001,2024-09-05,137,85.96,11769.15,97431.61,False
ATM001,2024-09-06,221,92.42,20397.04,77034.57,False
ATM001,2024-09-07,225,85.94,19296.81,57737.76,False
ATM001,2024-09-08,136,88.53,12011.62,107988.38,True
ATM001,2024-09-09,163,91.17,14839.7,93148.67,False
ATM001,2024-09-10,127,91.26,11563.87,81584.81,False
ATM001,2024-09-11,123,89.2,11005.64,70579.17,False
ATM001,2024-09-12,152,89.77,13623.57,106376.43,True
ATM001,2024-09-13,215,90.93,19595.03,86781.4,False
ATM001,2024-09-14,241,88.14,21265.5,65515.9,False
ATM001,2024-09-15,167,94.4,15740.53,49775.37,False
ATM001,2024-09-16,134,87.6,11704.42,108295.58,True
ATM001,2024-09-17,148,89.48,13204.53,95091.04,False
ATM001,2024-09-18,153,88.81,13543.98,81547.07,False
ATM001,2024-09-19,166,90.36,14979.63,66567.43,False
ATM001,2024-09-20,200,94.22,18877.96,101122.04,True
ATM001,2024-09-21,226,87.46,19786.1,81335.94,False
ATM001,2024-09-22,157,91.22,14324.8,67011.14,False
ATM001,2024-09-23,122,91.72,11226.47,55784.67,False
ATM001,2024-09-24,124,93.1,11580.72,108419.28,True
ATM001,2024-09-25,118,87.88,10382.03,98037.26,False
ATM001,2024-09-26,137,87.77,12022.57,86014.69,False
ATM001,2024-09-27,211,89.52,18864.01,67150.68,False
ATM001,2024-09-28,223,89.57,19936.79,100063.21,True
ATM001,2024-09-29,172,87.28,14993.68,85069.52,False
ATM001,2024-09-30,143,91.79,13162.3,71907.22,False
ATM001,2024-10-01,135,91.5,12354.35,59552.88,False
ATM001,2024-10-02,131,95.49,12533.73,107466.27,True
ATM001,2024-10-03,151,89.17,13446.81,94019.46,False
ATM001,2024-10-04,202,87.21,17587.22,76432.24,False
ATM001,2024-10-05,212,87.6,18600.54,57831.7,False
ATM001,2024-10-06,162,90.9,14708.77,105291.23,True
ATM001,2024-10-07,143,87.93,12571.81,92719.42,False
ATM001,2024-10-08,139,92.0,12807.98,79911.44,False
ATM001,2024-10-09,138,88.24,12139.92,67771.52,False
ATM001,2024-10-10,155,90.51,14058.51,105941.49,True
ATM001,2024-10-11,187,89.82,16752.55,89188.94,False
ATM001,2024-10-12,236,87.57,20669.23,68519.71,False
ATM001,2024-10-13,174,86.07,14979.47,53540.24,False
ATM001,2024-10-14,147,93.37,13755.11,106244.89,True
ATM001,2024-10-15,130,90.98,11815.11,94429.78,False
ATM001,2024-10-16,119,86.88,10370.65,84059.13,False
ATM001,2024-10-17,152,87.11,13253.66,70805.47,False
ATM001,2024-10-18,204,95.39,19490.5,100509.5,True
ATM001,2024-10-19,213,87.74,18689.1,81820.4,False
ATM001,2024-10-20,159,94.35,15027.37,66793.04,False
ATM001,2024-10-21,127,90.67,11499.59,55293.45,False
ATM001,2024-10-22,160,85.54,13661.02,106338.98,True
ATM001,2024-10-23,126,88.86,11223.39,95115.6,False
ATM001,2024-10-24,141,92.19,13044.9,82070.7,False
ATM001,2024-10-25,221,85.21,18856.08,63214.62,False
ATM001,2024-10-26,238,88.44,21039.09,98960.91,True
ATM001,2024-10-27,183,88.31,16161.03,82799.88,False
ATM001,2024-10-28,131,91.46,11980.91,70818.97,False
ATM001,2024-10-29,139,91.21,12685.51,58133.46,False
ATM001,2024-10-30,119,91.45,10910.03,109089.97,True
ATM001,2024-10-31,139,90.64,12584.13,96505.84,False
ATM001,2024-11-01,217,91.21,19801.79,76704.04,False
ATM001,2024-11-02,262,86.54,22631.8,54072.25,False
ATM001,2024-11-03,202,90.65,18336.13,101663.87,True
ATM001,2024-11-04,151,93.92,14159.89,87503.98,False
ATM001,2024-11-05,153,90.09,13759.42,73744.55,False
ATM001,2024-11-06,167,88.33,14761.36,58983.19,False
ATM001,2024-11-07,186,88.56,16499.54,103500.46,True
ATM001,2024-11-08,227,93.68,21255.57,82244.89,False
ATM001,2024-11-09,267,83.49,22264.13,59980.76,False
ATM001,2024-11-10,202,96.88,19524.53,40456.23,False
ATM001,2024-11-11,169,84.77,14368.28,105631.72,True
ATM001,2024-11-12,156,89.23,13885.37,91746.35,False
ATM001,2024-11-13,164,86.99,14294.78,77451.57,False
ATM001,2024-11-14,182,91.42,16625.24,60826.33,False
ATM001,2024-11-15,214,91.89,19704.07,100295.93,True
ATM001,2024-11-16,306,90.46,27646.68,72649.24,False
ATM001,2024-11-17,190,89.62,17035.4,55613.85,False
ATM001,2024-11-18,181,85.33,15432.25,40181.59,False
ATM001,2024-11-19,161,88.95,14354.69,105645.31,True
ATM001,2024-11-20,184,89.53,16486.42,89158.89,False
ATM001,2024-11-21,206,87.02,17941.29,71217.6,False
ATM001,2024-11-22,251,90.86,22795.02,48422.58,False
ATM001,2024-11-23,249,90.48,22533.08,97466.92,True
ATM001,2024-11-24,213,89.13,18987.53,78479.39,False
ATM001,2024-11-25,146,89.95,13130.72,65348.67,False
ATM001,2024-11-26,150,89.08,13321.78,52026.89,False
ATM001,2024-11-27,169,85.39,14403.6,105596.4,True
ATM001,2024-11-28,156,91.3,14257.12,91339.28,False
ATM001,2024-11-29,254,83.08,21090.94,70248.34,False
ATM001,2024-11-30,279,90.74,25298.8,44949.54,False
ATM001,2024-12-01,192,86.44,16592.24,103407.76,True
ATM001,2024-12-02,172,90.94,15672.35,87735.41,False
ATM001,2024-12-03,184,91.13,16765.98,70969.43,False
ATM001,2024-12-04,166,89.55,14884.62,56084.81,False
ATM001,2024-12-05,184,91.69,16903.61,103096.39,True
ATM001,2024-12-06,270,88.59,23880.32,79216.08,False
ATM001,2024-12-07,262,88.71,23227.56,55988.52,False
ATM001,2024-12-08,196,94.05,18435.21,37553.31,False
ATM001,2024-12-09,161,88.85,14314.5,105685.5,True
ATM001,2024-12-10,162,89.34,14505.89,91179.61,False
ATM001,2024-12-11,185,83.92,15484.39,75695.21,False
ATM001,2024-12-12,171,87.89,15066.65,60628.57,False
ATM001,2024-12-13,213,87.4,18597.16,101402.84,True
ATM001,2024-12-14,251,89.46,22460.47,78942.37,False
ATM001,2024-12-15,211,89.34,18855.67,60086.7,False
ATM001,2024-12-16,153,89.85,13752.69,46334.0,False
ATM001,2024-12-17,175,87.36,15271.86,104728.14,True
ATM001,2024-12-18,149,91.51,13591.56,91136.58,False
ATM001,2024-12-19,171,91.75,15718.61,75417.98,False
ATM001,2024-12-20,238,91.89,21856.07,53561.91,False
ATM001,2024-12-21,248,89.97,22272.71,97727.29,True
ATM001,2024-12-22,198,86.72,17187.08,80540.21,False
ATM001,2024-12-23,144,91.85,13249.35,67290.86,False
ATM001,2024-12-24,159,87.24,13846.09,53444.77,False
ATM001,2024-12-25,155,93.05,14388.89,105611.11,True
ATM001,2024-12-26,158,85.96,13608.59,92002.52,False
ATM001,2024-12-27,218,93.95,20508.34,71494.18,False
ATM001,2024-12-28,265,92.07,24424.8,47069.38,False
ATM001,2024-12-29,185,86.98,16104.44,103895.56,True
ATM001,2024-12-30,169,90.16,15252.43,88643.14,False
ATM001,2024-12-31,165,89.49,14746.14,73896.99,False
ATM002,2024-01-01,118,97.3,11521.75,98478.25,False
ATM002,2024-01-02,106,88.6,9351.9,89126.35,False
ATM002,2024-01-03,117,98.39,11469.74,77656.62,False
ATM002,2024-01-04,122,89.7,10971.6,66685.02,False
ATM002,2024-01-05,167,97.65,16260.96,93739.04,True
ATM002,2024-01-06,208,96.47,20046.41,73692.63,False
ATM002,2024-01-07,136,92.45,12544.56,61148.07,False
ATM002,2024-01-08,116,94.15,10919.98,50228.09,False
ATM002,2024-01-09,97,100.84,9756.32,40471.77,False
ATM002,2024-01-10,123,98.24,12116.3,97883.7,True
ATM002,2024-01-11,113,97.44,11048.49,86835.21,False
ATM002,2024-01-12,175,96.26,16888.09,69947.12,False
ATM002,2024-01-13,199,96.81,19292.09,50655.03,False
ATM002,2024-01-14,140,96.82,13559.78,37095.25,False
ATM002,2024-01-15,124,89.92,11174.65,98825.35,True
ATM002,2024-01-16,113,93.41,10536.27,88289.07,False
ATM002,2024-01-17,98,99.79,9776.69,78512.38,False
ATM002,2024-01-18,135,98.87,13300.26,65212.13,False
ATM002,2024-01-19,166,98.85,16439.71,48772.42,False
ATM002,2024-01-20,185,95.58,17691.11,92308.89,True
ATM002,2024-01-21,124,96.13,11926.51,80382.37,False
ATM002,2024-01-22,120,91.29,10957.45,69424.92,False
ATM002,2024-01-23,110,94.77,10437.31,58987.62,False
ATM002,2024-01-24,124,97.55,12126.81,46860.8,False
ATM002,2024-01-25,123,95.71,11793.57,98206.43,True
ATM002,2024-01-26,172,94.42,16198.68,82007.75,False
ATM002,2024-01-27,173,94.57,16386.35,65621.4,False
ATM002,2024-01-28,134,91.44,12220.07,53401.32,False
ATM002,2024-01-29,118,96.12,11308.76,42092.56,False
ATM002,2024-01-30,98,94.65,9243.32,100756.68,True
ATM002,2024-01-31,117,98.02,11464.89,89291.8,False
ATM002,2024-02-01,114,95.11,10821.75,78470.04,False
ATM002,2024-02-02,142,91.91,13009.47,65460.57,False
ATM002,2024-02-03,161,96.08,15476.72,49983.84,False
ATM002,2024-02-04,123,98.13,12042.19,97957.81,True
ATM002,2024-02-05,101,91.45,9239.92,88717.89,False
ATM002,2024-02-06,92,95.62,8755.04,79962.86,False
ATM002,2024-02-07,97,93.35,9010.95,70951.91,False
ATM002,2024-02-08,110,93.56,10251.78,60700.12,False
ATM002,2024-02-09,138,95.89,13208.57,96791.43,True
ATM002,2024-02-10,153,95.7,14688.66,82102.77,False
ATM002,2024-02-11,122,91.75,11216.97,70885.8,False
ATM002,2024-02-12,91,99.1,9016.91,61868.89,False
ATM002,2024-02-13,93,88.97,8253.37,53615.52,False
ATM002,2024-02-14,84,95.08,8022.55,101977.45,True
ATM002,2024-02-15,154,94.66,14555.15,87422.29,False
ATM002,2024-02-16,248,87.38,21668.4,88331.6,True
ATM002,2024-02-17,225,99.45,22397.77,65933.83,False
ATM002,2024-02-18,156,93.92,14663.91,51269.91,False
ATM002,2024-02-19,138,92.45,12757.48,97242.52,True
ATM002,2024-02-20,127,99.07,12618.44,84624.08,False
ATM002,2024-02-21,159,94.04,14987.76,69636.32,False
ATM002,2024-02-22,175,95.1,16595.56,93404.44,True
ATM002,2024-02-23,238,94.73,22502.36,70902.08,False
ATM002,2024-02-24,229,96.04,21986.31,48915.77,False
ATM002,2024-02-25,203,97.43,19823.22,90176.78,True
ATM002,2024-02-26,131,97.76,12798.29,77378.49,False
ATM002,2024-02-27,134,93.6,12587.06,64791.43,False
ATM002,2024-02-28,148,95.09,14044.34,95955.66,True
ATM002,2024-02-29,156,95.04,14809.68,81145.98,False
ATM002,2024-03-01,212,96.21,20377.32,60768.66,False
ATM002,2024-03-02,196,96.9,19023.18,90976.82,True
ATM002,2024-03-03,163,90.89,14814.3,76162.52,False
ATM002,2024-03-04,141,95.24,13392.98,62769.54,False
ATM002,2024-03-05,126,97.37,12298.19,97701.81,True
ATM002,2024-03-06,128,93.84,11997.1,85704.71,False
ATM002,2024-03-07,147,94.87,13941.08,71763.63,False
ATM002,2024-03-08,220,92.13,20295.16,89704.84,True
ATM002,2024-03-09,241,95.18,22918.53,66786.31,False
ATM002,2024-03-10,155,89.42,13900.13,52886.18,False
ATM002,2024-03-11,142,94.37,13436.27,96563.73,True
ATM002,2024-03-12,135,94.92,12816.82,83746.91,False
ATM002,2024-03-13,137,97.7,13388.64,70358.28,False
ATM002,2024-03-14,147,91.66,13436.88,96563.12,True
ATM002,2024-03-15,192,95.82,18436.44,78126.67,False
ATM002,2024-03-16,176,93.77,16483.52,61643.15,False
ATM002,2024-03-17,102,90.14,9236.7,52406.46,False
ATM002,2024-03-18,94,93.41,8797.58,43608.88,False
ATM002,2024-03-19,91,95.11,8700.49,34908.39,False
ATM002,2024-03-20,91,97.99,8942.04,101057.96,True
ATM002,2024-03-21,104,92.54,9606.39,91451.57,False
ATM002,2024-03-22,157,90.62,14272.75,77178.82,False
ATM002,2024-03-23,163,95.29,15525.65,61653.17,False
ATM002,2024-03-24,109,99.53,10891.5,50761.67,False
ATM002,2024-03-25,89,100.87,8928.37,101071.63,True
ATM002,2024-03-26,96,91.36,8812.64,92258.99,False
ATM002,2024-03-27,100,91.93,9184.16,83074.83,False
ATM002,2024-03-28,99,96.13,9555.6,73519.23,False
ATM002,2024-03-29,154,93.23,14349.59,59169.64,False
ATM002,2024-03-30,165,98.3,16189.02,93810.98,True
ATM002,2024-03-31,126,96.51,12168.42,81642.56,False
ATM002,2024-04-01,134,89.64,12003.91,69638.64,False
ATM002,2024-04-02,111,92.53,10244.26,59394.39,False
ATM002,2024-04-03,115,93.37,10782.62,48611.77,False
ATM002,2024-04-04,116,100.36,11647.86,98352.14,True
ATM002,2024-04-05,166,96.18,15957.9,82394.24,False
ATM002,2024-04-06,183,95.22,17391.12,65003.11,False
ATM002,2024-04-07,134,96.28,12880.68,52122.44,False
ATM002,2024-04-08,119,99.7,11838.58,40283.85,False
ATM002,2024-04-09,111,96.68,10704.28,99295.72,True
ATM002,2024-04-10,104,94.75,9865.36,89430.36,False
ATM002,2024-04-11,129,97.47,12585.86,76844.5,False
ATM002,2024-04-12,168,97.53,16389.61,60454.9,False
ATM002,2024-04-13,186,98.42,18293.99,42160.91,False
ATM002,2024-04-14,140,93.99,13138.7,96861.3,True
ATM002,2024-04-15,129,86.65,11170.78,85690.52,False
ATM002,2024-04-16,127,84.6,10759.32,74931.2,False
ATM002,2024-04-17,98,96.29,9477.75,65453.44,False
ATM002,2024-04-18,133,91.69,12184.69,53268.75,False
ATM002,2024-04-19,155,98.91,15363.39,94636.61,True
ATM002,2024-04-20,169,101.39,17087.32,77549.29,False
ATM002,2024-04-21,134,96.16,12873.52,64675.77,False
ATM002,2024-04-22,128,95.37,12218.78,52456.99,False
ATM002,2024-04-23,103,94.69,9765.02,42691.98,False
ATM002,2024-04-24,117,91.11,10666.38,99333.62,True
ATM002,2024-04-25,125,92.88,11574.97,87758.64,False
ATM002,2024-04-26,181,95.1,17228.06,70530.58,False
ATM002,2024-04-27,183,94.7,17329.72,53200.86,False
ATM002,2024-04-28,135,96.76,13077.92,40122.94,False
ATM002,2024-04-29,111,92.03,10173.77,99826.23,True
ATM002,2024-04-30,121,93.82,11316.91,88509.32,False
ATM002,2024-05-01,86,96.26,8276.39,80232.93,False
ATM002,2024-05-02,115,90.64,10403.95,69828.98,False
ATM002,2024-05-03,144,97.1,14025.75,55803.23,False
ATM002,2024-05-04,160,96.8,15509.02,94490.98,True
ATM002,2024-05-05,104,95.94,9974.23,84516.75,False
ATM002,2024-05-06,98,93.62,9130.36,75386.39,False
ATM002,2024-05-07,96,99.22,9515.34,65871.04,False
ATM002,2024-05-08,105,98.75,10362.48,55508.56,False
ATM002,2024-05-09,104,96.01,9994.83,100005.17,True
ATM002,2024-05-10,153,95.35,14563.36,85441.81,False
ATM002,2024-05-11,157,97.35,15246.78,70195.03,False
ATM002,2024-05-12,118,92.92,10958.92,59236.11,False
ATM002,2024-05-13,94,96.81,9059.15,50176.96,False
ATM002,2024-05-14,93,95.97,8954.68,101045.32,True
ATM002,2024-05-15,102,93.93,9578.22,91467.1,False
ATM002,2024-05-16,111,96.08,10619.45,80847.65,False
ATM002,2024-05-17,128,99.11,12659.32,68188.33,False
ATM002,2024-05-18,162,90.28,14587.47,53600.86,False
ATM002,2024-05-19,111,92.09,10228.22,99771.78,True
ATM002,2024-05-20,99,94.22,9359.96,90411.83,False
ATM002,2024-05-21,90,96.77,8744.18,81667.64,False
ATM002,2024-05-22,98,95.9,9359.36,72308.28,False
ATM002,2024-05-23,107,96.76,10365.03,61943.25,False
ATM002,2024-05-24,127,93.96,11908.76,98091.24,True
ATM002,2024-05-25,136,95.1,12969.5,85121.74,False
ATM002,2024-05-26,112,97.98,11000.92,74120.82,False
ATM002,2024-05-27,106,95.58,10134.27,63986.55,False
ATM002,2024-05-28,90,96.38,8644.66,55341.89,False
ATM002,2024-05-29,93,95.0,8807.75,101192.25,True
ATM002,2024-05-30,116,93.41,10791.72,90400.53,False
ATM002,2024-05-31,151,96.93,14603.02,75797.51,False
ATM002,2024-06-01,145,97.78,14131.12,61666.39,False
ATM002,2024-06-02,121,95.29,11555.98,50110.41,False
ATM002,2024-06-03,96,92.55,8841.23,101158.77,True
ATM002,2024-06-04,89,96.55,8622.11,92536.65,False
ATM002,2024-06-05,89,96.25,8547.96,83988.7,False
ATM002,2024-06-06,98,94.42,9233.4,74755.3,False
ATM002,2024-06-07,136,101.97,13908.58,60846.72,False
ATM002,2024-06-08,138,99.2,13719.29,96280.71,True
ATM002,2024-06-09,116,96.17,11120.52,85160.19,False
ATM002,2024-06-10,98,96.27,9403.42,75756.77,False
ATM002,2024-06-11,89,99.14,8857.01,66899.77,False
ATM002,2024-06-12,90,98.23,8851.91,58047.86,False
ATM002,2024-06-13,102,94.83,9627.7,100372.3,True
ATM002,2024-06-14,133,96.3,12804.46,87567.84,False
ATM002,2024-06-15,176,94.78,16716.12,70851.72,False
ATM002,2024-06-16,118,91.82,10853.86,59997.85,False
ATM002,2024-06-17,101,90.46,9177.35,50820.51,False
ATM002,2024-06-18,88,95.65,8398.6,101601.4,True
ATM002,2024-06-19,97,103.01,10023.35,91578.05,False
ATM002,2024-06-20,98,99.09,9666.72,81911.33,False
ATM002,2024-06-21,148,94.57,14039.76,67871.57,False
ATM002,2024-06-22,164,95.18,15572.34,52299.23,False
ATM002,2024-06-23,118,93.84,11089.86,98910.14,True
ATM002,2024-06-24,93,90.6,8456.38,90453.76,False
ATM002,2024-06-25,99,94.21,9371.69,81082.07,False
ATM002,2024-06-26,92,95.02,8765.82,72316.25,False
ATM002,2024-06-27,111,95.51,10648.24,61668.01,False
ATM002,2024-06-28,134,98.49,13182.72,96817.28,True
ATM002,2024-06-29,175,96.41,16873.73,79943.55,False
ATM002,2024-06-30,120,98.54,11780.67,68162.88,False
ATM002,2024-07-01,104,96.75,10093.54,58069.34,False
ATM002,2024-07-02,97,96.48,9335.75,48733.59,False
ATM002,2024-07-03,87,97.0,8463.58,101536.42,True
ATM002,2024-07-04,99,92.74,9159.97,92376.45,False
ATM002,2024-07-05,155,97.39,15120.94,77255.51,False
ATM002,2024-07-06,178,94.23,16765.66,60489.85,False
ATM002,2024-07-07,108,94.31,10151.75,50338.1,False
ATM002,2024-07-08,99,95.23,9392.68,100607.32,True
ATM002,2024-07-09,103,93.97,9692.23,90915.09,False
ATM002,2024-07-10,102,92.18,9367.33,81547.75,False
ATM002,2024-07-11,109,95.01,10394.45,71153.3,False
ATM002,2024-07-12,139,94.33,13096.49,58056.82,False
ATM002,2024-07-13,158,94.23,14914.33,95085.67,True
ATM002,2024-07-14,132,94.72,12457.18,82628.49,False
ATM002,2024-07-15,103,89.02,9167.97,73460.52,False
ATM002,2024-07-16,89,94.25,8409.59,65050.93,False
ATM002,2024-07-17,88,98.94,8710.91,56340.02,False
ATM002,2024-07-18,101,98.67,9956.29,100043.71,True
ATM002,2024-07-19,146,95.11,13861.98,86181.73,False
ATM002,2024-07-20,158,95.01,15014.24,71167.49,False
ATM002,2024-07-21,140,88.39,12411.44,58756.04,False
ATM002,2024-07-22,87,93.45,8106.62,50649.43,False
ATM002,2024-07-23,92,96.97,8961.91,101038.09,True
ATM002,2024-07-24,101,93.9,9447.05,91591.04,False
ATM002,2024-07-25,110,97.94,10816.61,80774.43,False
ATM002,2024-07-26,143,97.74,13981.22,66793.21,False
ATM002,2024-07-27,165,93.4,15398.96,51394.25,False
ATM002,2024-07-28,121,95.32,11555.37,98444.63,True
ATM002,2024-07-29,94,99.2,9326.71,89117.92,False
ATM002,2024-07-30,83,90.96,7541.38,81576.53,False
ATM002,2024-07-31,90,93.96,8410.59,73165.95,False
ATM002,2024-08-01,109,90.7,9893.99,63271.96,False
ATM002,2024-08-02,139,92.55,12882.5,97117.5,True
ATM002,2024-08-03,179,100.13,17943.62,79173.88,False
ATM002,2024-08-04,114,93.96,10691.84,68482.04,False
ATM002,2024-08-05,96,89.56,8605.01,59877.03,False
ATM002,2024-08-06,96,92.16,8879.85,50997.18,False
ATM002,2024-08-07,100,90.44,9085.2,100914.8,True
ATM002,2024-08-08,100,95.42,9548.76,91366.04,False
ATM002,2024-08-09,147,96.19,14160.63,77205.41,False
ATM002,2024-08-10,141,97.44,13773.97,63431.44,False
ATM002,2024-08-11,107,96.8,10405.02,53026.42,False
ATM002,2024-08-12,102,91.08,9318.9,100681.1,True
ATM002,2024-08-13,91,96.04,8756.82,91924.28,False
ATM002,2024-08-14,101,94.6,9540.0,82384.28,False
ATM002,2024-08-15,115,97.87,11211.88,71172.4,False
ATM002,2024-08-16,140,97.14,13556.49,57615.91,False
ATM002,2024-08-17,172,100.59,17297.82,92702.18,True
ATM002,2024-08-18,109,92.36,10098.06,82604.12,False
ATM002,2024-08-19,112,91.98,10347.38,72256.74,False
ATM002,2024-08-20,87,93.61,8161.18,64095.56,False
ATM002,2024-08-21,99,94.71,9412.15,54683.41,False
ATM002,2024-08-22,103,93.08,9623.52,100376.48,True
ATM002,2024-08-23,142,92.49,13130.89,87245.59,False
ATM002,2024-08-24,185,95.85,17724.17,69521.42,False
ATM002,2024-08-25,125,93.61,11709.22,57812.2,False
ATM002,2024-08-26,99,92.97,9205.23,48606.97,False
ATM002,2024-08-27,82,91.07,7436.11,102563.89,True
ATM002,2024-08-28,91,88.59,8051.37,94512.52,False
ATM002,2024-08-29,94,98.78,9263.43,85249.09,False
ATM002,2024-08-30,139,98.68,13759.37,71489.71,False
ATM002,2024-08-31,160,97.23,15548.8,55940.91,False
ATM002,2024-09-01,107,96.49,10331.94,99668.06,True
ATM002,2024-09-02,105,93.36,9813.89,89854.17,False
ATM002,2024-09-03,96,96.61,9310.42,80543.74,False
ATM002,2024-09-04,96,91.8,8794.42,71749.32,False
ATM002,2024-09-05,97,95.25,9270.72,62478.6,False
ATM002,2024-09-06,152,92.74,14121.83,95878.17,True
ATM002,2024-09-07,157,96.63,15136.0,80742.18,False
ATM002,2024-09-08,116,99.42,11491.14,69251.03,False
ATM002,2024-09-09,111,92.15,10197.86,59053.18,False
ATM002,2024-09-10,108,93.49,10072.59,48980.59,False
ATM002,2024-09-11,103,95.19,9832.83,100167.17,True
ATM002,2024-09-12,109,89.85,9785.48,90381.69,False
ATM002,2024-09-13,151,90.56,13637.47,76744.22,False
ATM002,2024-09-14,163,99.32,16166.25,60577.96,False
ATM002,2024-09-15,109,95.86,10407.42,50170.54,False
ATM002,2024-09-16,95,93.21,8864.12,101135.88,True
ATM002,2024-09-17,100,94.89,9451.58,91684.31,False
ATM002,2024-09-18,110,93.63,10322.87,81361.44,False
ATM002,2024-09-19,113,95.28,10801.7,70559.74,False
ATM002,2024-09-20,156,93.73,14592.9,55966.84,False
ATM002,2024-09-21,159,94.67,15055.54,94944.46,True
ATM002,2024-09-22,107,96.89,10378.94,84565.52,False
ATM002,2024-09-23,101,96.69,9760.13,74805.38,False
ATM002,2024-09-24,101,99.13,9969.74,64835.65,False
ATM002,2024-09-25,93,96.06,8902.57,55933.08,False
ATM002,2024-09-26,101,95.07,9641.7,100358.3,True
ATM002,2024-09-27,133,99.62,13234.78,87123.51,False
ATM002,2024-09-28,164,94.38,15497.42,71626.09,False
ATM002,2024-09-29,135,88.81,11963.45,59662.64,False
ATM002,2024-09-30,83,97.27,8099.49,51563.14,False
ATM002,2024-10-01,94,95.71,8990.78,101009.22,True
ATM002,2024-10-02,88,94.93,8328.96,92680.26,False
ATM002,2024-10-03,119,97.35,11588.29,81091.97,False
ATM002,2024-10-04,149,93.75,13967.18,67124.79,False
ATM002,2024-10-05,165,88.93,14696.29,52428.5,False
ATM002,2024-10-06,115,97.41,11204.75,98795.25,True
ATM002,2024-10-07,90,93.11,8351.95,90443.29,False
ATM002,2024-10-08,89,92.25,8256.03,82187.26,False
ATM002,2024-10-09,103,89.06,9173.6,73013.66,False
ATM002,2024-10-10,108,97.15,10514.43,62499.23,False
ATM002,2024-10-11,154,87.93,13561.75,96438.25,True
ATM002,2024-10-12,143,98.51,14090.0,82348.24,False
ATM002,2024-10-13,96,94.01,9059.77,73288.47,False
ATM002,2024-10-14,88,97.29,8586.48,64701.99,False
ATM002,2024-10-15,89,96.15,8539.55,56162.44,False
ATM002,2024-10-16,95,100.23,9508.33,100491.67,True
ATM002,2024-10-17,103,96.07,9929.84,90561.83,False
ATM002,2024-10-18,126,98.39,12439.5,78122.33,False
ATM002,2024-10-19,153,93.4,14324.61,63797.72,False
ATM002,2024-10-20,121,90.55,10987.36,52810.36,False
ATM002,2024-10-21,97,97.76,9476.38,100523.62,True
ATM002,2024-10-22,101,90.47,9138.28,91385.34,False
ATM002,2024-10-23,93,97.11,9060.46,82324.88,False
ATM002,2024-10-24,96,91.94,8831.2,73493.68,False
ATM002,2024-10-25,153,95.77,14675.64,58818.05,False
ATM002,2024-10-26,155,100.3,15549.88,94450.12,True
ATM002,2024-10-27,117,96.87,11371.41,83078.71,False
ATM002,2024-10-28,119,94.39,11274.47,71804.24,False
ATM002,2024-10-29,88,96.22,8466.48,63337.76,False
ATM002,2024-10-30,101,93.5,9424.53,53913.24,False
ATM002,2024-10-31,92,101.58,9369.71,100630.29,True
ATM002,2024-11-01,179,92.91,16663.56,83966.73,False
ATM002,2024-11-02,201,94.69,19007.71,64959.02,False
ATM002,2024-11-03,132,96.6,12757.46,52201.57,False
ATM002,2024-11-04,105,96.0,10053.0,42148.56,False
ATM002,2024-11-05,125,96.33,12078.03,97921.97,True
ATM002,2024-11-06,112,93.55,10504.1,87417.87,False
ATM002,2024-11-07,122,94.28,11548.33,75869.54,False
ATM002,2024-11-08,162,97.61,15861.56,60007.98,False
ATM002,2024-11-09,162,97.46,15790.44,44217.54,False
ATM002,2024-11-10,132,96.07,12644.72,97355.28,True
ATM002,2024-11-11,103,98.79,10169.71,87185.57,False
ATM002,2024-11-12,118,97.73,11526.81,75658.76,False
ATM002,2024-11-13,100,97.36,9699.44,65959.32,False
ATM002,2024-11-14,135,90.42,12226.48,53732.84,False
ATM002,2024-11-15,169,96.04,16258.97,93741.03,True
ATM002,2024-11-16,194,95.51,18534.89,75206.15,False
ATM002,2024-11-17,134,99.2,13252.73,61953.42,False
ATM002,2024-11-18,138,86.83,11990.63,49962.78,False
ATM002,2024-11-19,109,94.53,10332.15,39630.63,False
ATM002,2024-11-20,100,95.27,9539.62,100460.38,True
ATM002,2024-11-21,141,91.9,12970.5,87489.88,False
ATM002,2024-11-22,180,92.39,16674.71,70815.17,False
ATM002,2024-11-23,171,99.21,17008.2,53806.97,False
ATM002,2024-11-24,130,96.32,12501.37,41305.6,False
ATM002,2024-11-25,96,100.31,9653.47,100346.53,True
ATM002,2024-11-26,117,94.48,11019.51,89327.02,False
ATM002,2024-11-27,123,90.98,11227.75,78099.27,False
ATM002,2024-11-28,137,94.08,12910.51,65188.76,False
ATM002,2024-11-29,172,93.6,16055.64,49133.12,False
ATM002,2024-11-30,177,96.98,17117.2,92882.8,True
ATM002,2024-12-01,136,96.86,13220.0,79662.8,False
ATM002,2024-12-02,114,96.46,10997.72,68665.08,False
ATM002,2024-12-03,101,101.35,10259.07,58406.01,False
ATM002,2024-12-04,98,98.59,9663.4,48742.62,False
ATM002,2024-12-05,141,92.57,13079.13,96920.87,True
ATM002,2024-12-06,195,97.84,19037.19,77883.68,False
ATM002,2024-12-07,201,95.08,19081.31,58802.37,False
ATM002,2024-12-08,135,94.4,12789.34,46013.04,False
ATM002,2024-12-09,114,98.99,11309.47,34703.57,False
ATM002,2024-12-10,116,92.4,10699.25,99300.75,True
ATM002,2024-12-11,117,97.63,11425.07,87875.68,False
ATM002,2024-12-12,128,97.12,12442.16,75433.52,False
ATM002,2024-12-13,173,92.35,15980.68,59452.85,False
ATM002,2024-12-14,186,90.34,16776.11,42676.74,False
ATM002,2024-12-15,139,94.76,13202.47,96797.53,True
ATM002,2024-12-16,123,86.58,10670.73,86126.8,False
ATM002,2024-12-17,99,98.19,9681.04,76445.77,False
ATM002,2024-12-18,107,96.03,10294.16,66151.61,False
ATM002,2024-12-19,109,99.1,10782.41,55369.19,False
ATM002,2024-12-20,168,95.83,16123.27,93876.73,True
ATM002,2024-12-21,211,99.32,20979.25,72897.48,False
ATM002,2024-12-22,136,93.31,12709.61,60187.88,False
ATM002,2024-12-23,112,96.45,10756.55,49431.32,False
ATM002,2024-12-24,112,93.87,10486.78,38944.54,False
ATM002,2024-12-25,126,94.67,11950.86,98049.14,True
ATM002,2024-12-26,147,95.26,13960.55,84088.59,False
ATM002,2024-12-27,192,96.02,18454.67,65633.92,False
ATM002,2024-12-28,205,92.93,19070.38,46563.53,False
ATM002,2024-12-29,127,96.31,12231.99,34331.54,False
ATM002,2024-12-30,124,95.11,11792.95,98207.05,True
ATM002,2024-12-31,106,91.12,9654.59,88552.46,False
ATM003,2024-01-01,128,118.37,15111.21,129888.79,True
ATM003,2024-01-02,125,129.22,16154.18,113734.61,False
ATM003,2024-01-03,140,116.52,16349.46,97385.15,False
ATM003,2024-01-04,143,124.39,17795.48,79589.68,False
ATM003,2024-01-05,239,119.54,28619.79,50969.88,False
ATM003,2024-01-06,200,131.4,26322.27,24647.61,False
ATM003,2024-01-07,160,127.11,20335.12,124664.88,True
ATM003,2024-01-08,133,126.24,16833.27,107831.61,False
ATM003,2024-01-09,139,121.96,16927.63,90903.97,False
ATM003,2024-01-10,145,119.85,17402.22,73501.75,False
ATM003,2024-01-11,147,125.67,18454.04,55047.71,False
ATM003,2024-01-12,189,124.91,23670.7,31377.01,False
ATM003,2024-01-13,214,120.98,25898.5,119101.5,True
ATM003,2024-01-14,159,120.86,19222.82,99878.69,False
ATM003,2024-01-15,142,120.69,17080.41,82798.27,False
ATM003,2024-01-16,140,120.57,16850.04,65948.23,False
ATM003,2024-01-17,128,122.66,15728.8,50219.44,False
ATM003,2024-01-18,157,126.24,19787.65,30431.79,False
ATM003,2024-01-19,192,126.87,24350.62,120649.38,True
ATM003,2024-01-20,187,124.84,23342.12,97307.27,False
ATM003,2024-01-21,181,125.5,22661.72,74645.55,False
ATM003,2024-01-22,132,127.06,16778.37,57867.18,False
ATM003,2024-01-23,145,117.51,17068.03,40799.15,False
ATM003,2024-01-24,116,125.79,14546.8,26252.35,False
ATM003,2024-01-25,132,129.92,17154.43,127845.57,True
ATM003,2024-01-26,205,117.75,24174.94,103670.64,False
ATM003,2024-01-27,216,114.69,24754.36,78916.27,False
ATM003,2024-01-28,156,124.29,19384.28,59532.0,False
ATM003,2024-01-29,126,129.05,16209.93,43322.06,False
ATM003,2024-01-30,140,124.36,17433.8,25888.26,False
ATM003,2024-01-31,111,127.31,14093.38,130906.62,True
ATM003,2024-02-01,135,126.16,17045.1,113861.52,False
ATM003,2024-02-02,199,120.63,24065.33,89796.19,False
ATM003,2024-02-03,233,121.4,28305.76,61490.43,False
ATM003,2024-02-04,159,118.67,18877.8,42612.63,False
ATM003,2024-02-05,109,130.69,14223.68,28388.96,False
ATM003,2024-02-06,112,128.15,14309.75,130690.25,True
ATM003,2024-02-07,121,124.61,15125.93,115564.31,False
ATM003,2024-02-08,145,124.11,18037.57,97526.74,False
ATM003,2024-02-09,163,121.99,19834.38,77692.36,False
ATM003,2024-02-10,202,126.48,25560.19,52132.17,False
ATM003,2024-02-11,131,122.28,16052.21,36079.96,False
ATM003,2024-02-12,118,123.63,14574.97,130425.03,True
ATM003,2024-02-13,108,122.64,13235.34,117189.69,False
ATM003,2024-02-14,111,127.89,14137.36,103052.33,False
ATM003,2024-02-15,176,124.45,21861.73,123138.27,True
ATM003,2024-02-16,219,125.52,27542.7,95595.57,False
ATM003,2024-02-17,242,120.7,29265.34,66330.23,False
ATM003,2024-02-18,172,122.62,21133.03,123866.97,True
ATM003,2024-02-19,140,125.61,17631.64,106235.33,False
ATM003,2024-02-20,162,119.05,19324.93,86910.4,False
ATM003,2024-02-21,151,124.18,18778.16,126221.84,True
ATM003,2024-02-22,169,124.95,21157.72,105064.12,False
ATM003,2024-02-23,213,120.27,25570.22,79493.91,False
ATM003,2024-02-24,241,128.86,31050.78,113949.22,True
ATM003,2024-02-25,153,126.3,19330.02,94619.2,False
ATM003,2024-02-26,167,124.43,20788.74,73830.46,False
ATM003,2024-02-27,156,122.36,19083.62,125916.38,True
ATM003,2024-02-28,156,118.92,18589.18,107327.2,False
ATM003,2024-02-29,136,128.54,17531.43,89795.77,False
ATM003,2024-03-01,214,123.29,26422.89,118577.11,True
ATM003,2024-03-02,235,119.71,28120.91,90456.21,False
ATM003,2024-03-03,182,122.26,22297.71,68158.5,False
ATM003,2024-03-04,155,126.7,19640.55,125359.45,True
ATM003,2024-03-05,149,125.89,18779.68,106579.77,False
ATM003,2024-03-06,173,121.0,20934.1,85645.68,False
ATM003,2024-03-07,159,129.25,20578.64,124421.36,True
ATM003,2024-03-08,258,119.67,30929.12,93492.24,False
ATM003,2024-03-09,233,130.09,30316.72,63175.52,False
ATM003,2024-03-10,186,125.73,23387.88,121612.12,True
ATM003,2024-03-11,152,123.56,18838.45,102773.66,False
ATM003,2024-03-12,151,124.05,18736.84,84036.83,False
ATM003,2024-03-13,149,125.29,18689.37,126310.63,True
ATM003,2024-03-14,155,127.0,19700.31,106610.32,False
ATM003,2024-03-15,293,118.34,34715.19,71895.14,False
ATM003,2024-03-16,206,122.15,25156.93,46738.2,False
ATM003,2024-03-17,149,125.17,18652.11,28086.1,False
ATM003,2024-03-18,124,129.41,16012.28,12073.82,False
ATM003,2024-03-19,114,129.25,14771.12,130228.88,True
ATM003,2024-03-20,96,130.96,12625.55,117603.33,False
ATM003,2024-03-21,130,129.04,16831.33,100772.0,False
ATM003,2024-03-22,169,121.88,20628.57,80143.43,False
ATM003,2024-03-23,199,124.94,24845.29,55298.14,False
ATM003,2024-03-24,142,129.07,18271.74,37026.4,False
ATM003,2024-03-25,104,128.65,13416.17,131583.83,True
ATM003,2024-03-26,117,124.24,14581.95,117001.88,False
ATM003,2024-03-27,106,126.89,13421.34,103580.55,False
ATM003,2024-03-28,109,127.43,13846.05,89734.5,False
ATM003,2024-03-29,162,125.2,20239.2,69495.3,False
ATM003,2024-03-30,188,129.39,24388.48,45106.83,False
ATM003,2024-03-31,145,122.4,17690.63,127309.37,True
ATM003,2024-04-01,124,129.77,16117.0,111192.38,False
ATM003,2024-04-02,135,123.55,16644.09,94548.28,False
ATM003,2024-04-03,135,119.12,16096.19,78452.09,False
ATM003,2024-04-04,157,118.4,18531.85,59920.24,False
ATM003,2024-04-05,208,125.48,26049.65,33870.59,False
ATM003,2024-04-06,265,120.87,31971.64,113028.36,True
ATM003,2024-04-07,148,131.74,19563.48,93464.88,False
ATM003,2024-04-08,148,122.39,18151.15,75313.73,False
ATM003,2024-04-09,130,125.01,16284.15,59029.58,False
ATM003,2024-04-10,136,122.38,16691.02,42338.56,False
ATM003,2024-04-11,151,119.01,17922.29,24416.27,False
ATM003,2024-04-12,197,126.69,24949.09,120050.91,True
ATM003,2024-04-13,224,118.94,26624.81,93426.1,False
ATM003,2024-04-14,167,126.37,21116.36,72309.74,False
ATM003,2024-04-15,128,123.95,15871.35,56438.39,False
ATM003,2024-04-16,119,121.15,14432.29,42006.11,False
ATM003,2024-04-17,122,129.61,15760.19,26245.92,False
ATM003,2024-04-18,135,127.4,17245.17,127754.83,True
ATM003,2024-04-19,189,125.93,23800.26,103954.56,False
ATM003,2024-04-20,209,128.27,26785.62,77168.95,False
ATM003,2024-04-21,159,119.1,18980.54,58188.41,False
ATM003,2024-04-22,123,123.01,15159.09,43029.32,False
ATM003,2024-04-23,116,126.54,14688.73,28340.59,False
ATM003,2024-04-24,118,133.9,15839.87,129160.13,True
ATM003,2024-04-25,127,125.76,15969.13,113191.0,False
ATM003,2024-04-26,185,123.15,22837.91,90353.09,False
ATM003,2024-04-27,235,116.28,27321.18,63031.91,False
ATM003,2024-04-28,152,132.14,20033.96,42997.95,False
ATM003,2024-04-29,128,125.97,16177.09,26820.86,False
ATM003,2024-04-30,138,124.39,17223.23,127776.77,True
ATM003,2024-05-01,123,116.47,14284.23,113492.53,False
ATM003,2024-05-02,138,124.58,17147.58,96344.96,False
ATM003,2024-05-03,167,125.47,20929.94,75415.02,False
ATM003,2024-05-04,192,123.02,23608.22,51806.8,False
ATM003,2024-05-05,156,119.98,18689.86,33116.94,False
ATM003,2024-05-06,136,119.76,16335.46,128664.54,True
ATM003,2024-05-07,105,132.21,13912.88,114751.65,False
ATM003,2024-05-08,128,125.37,16098.7,98652.95,False
ATM003,2024-05-09,125,123.02,15350.53,83302.42,False
ATM003,2024-05-10,180,125.14,22583.01,60719.41,False
ATM003,2024-05-11,196,124.88,24436.83,36282.58,False
ATM003,2024-05-12,148,119.59,17646.45,127353.55,True
ATM003,2024-05-13,114,128.43,14641.66,112711.89,False
ATM003,2024-05-14,107,124.29,13242.36,99469.53,False
ATM003,2024-05-15,112,125.42,14047.45,85422.08,False
ATM003,2024-05-16,122,130.54,15955.17,69466.91,False
ATM003,2024-05-17,194,120.08,23278.48,46188.43,False
ATM003,2024-05-18,211,122.1,25775.86,119224.14,True
ATM003,2024-05-19,136,126.18,17204.16,102019.98,False
ATM003,2024-05-20,114,128.35,14667.06,87352.92,False
ATM003,2024-05-21,113,122.68,13804.42,73548.5,False
ATM003,2024-05-22,116,122.88,14209.03,59339.47,False
ATM003,2024-05-23,139,127.36,17706.48,41632.99,False
ATM003,2024-05-24,190,133.5,25324.3,119675.7,True
ATM003,2024-05-25,183,125.26,22880.9,96794.8,False
ATM003,2024-05-26,135,122.08,16497.47,80297.33,False
ATM003,2024-05-27,120,121.04,14525.72,65771.62,False
ATM003,2024-05-28,109,124.46,13538.97,52232.65,False
ATM003,2024-05-29,107,128.16,13662.48,38570.17,False
ATM003,2024-05-30,113,135.54,15375.03,129624.97,True
ATM003,2024-05-31,174,125.27,21768.67,107856.31,False
ATM003,2024-06-01,171,131.4,22460.96,85395.35,False
ATM003,2024-06-02,154,126.11,19373.49,66021.85,False
ATM003,2024-06-03,110,125.79,13814.93,52206.92,False
ATM003,2024-06-04,103,130.48,13473.22,38733.69,False
ATM003,2024-06-05,126,125.36,15744.13,129255.87,True
ATM003,2024-06-06,114,121.31,13824.48,115431.39,False
ATM003,2024-06-07,182,129.55,23575.59,91855.8,False
ATM003,2024-06-08,223,119.03,26578.28,65277.52,False
ATM003,2024-06-09,142,128.81,18295.4,46982.12,False
ATM003,2024-06-10,108,124.97,13516.93,33465.2,False
ATM003,2024-06-11,120,123.87,14855.55,130144.45,True
ATM003,2024-06-12,106,123.78,13068.08,117076.38,False
ATM003,2024-06-13,129,124.44,16023.82,101052.56,False
ATM003,2024-06-14,175,123.34,21598.53,79454.03,False
ATM003,2024-06-15,194,126.66,24524.51,54929.51,False
ATM003,2024-06-16,142,123.46,17535.56,37393.95,False
ATM003,2024-06-17,130,117.8,15279.18,129720.82,True
ATM003,2024-06-18,121,125.0,15068.36,114652.46,False
ATM003,2024-06-19,116,128.6,14918.5,99733.96,False
ATM003,2024-06-20,122,117.6,14300.44,85433.52,False
ATM003,2024-06-21,183,124.97,22902.24,62531.28,False
ATM003,2024-06-22,202,123.27,24887.48,37643.8,False
ATM003,2024-06-23,146,128.5,18765.98,126234.02,True
ATM003,2024-06-24,127,124.02,15703.84,110530.18,False
ATM003,2024-06-25,98,127.88,12574.44,97955.74,False
ATM003,2024-06-26,127,127.42,16205.4,81750.34,False
ATM003,2024-06-27,121,127.53,15416.1,66334.24,False
ATM003,2024-06-28,182,130.85,23862.44,42471.8,False
ATM003,2024-06-29,186,124.15,23129.87,121870.13,True
ATM003,2024-06-30,151,125.22,18875.22,102994.91,False
ATM003,2024-07-01,111,126.55,14038.64,88956.27,False
ATM003,2024-07-02,121,125.33,15175.93,73780.34,False
ATM003,2024-07-03,122,124.03,15107.55,58672.79,False
ATM003,2024-07-04,150,121.62,18182.63,40490.16,False
ATM003,2024-07-05,172,125.04,21562.51,123437.49,True
ATM003,2024-07-06,219,119.38,26153.4,97284.09,False
ATM003,2024-07-07,139,117.36,16343.33,80940.76,False
ATM003,2024-07-08,126,120.81,15215.51,65725.25,False
ATM003,2024-07-09,111,127.48,14186.43,51538.82,False
ATM003,2024-07-10,113,125.87,14223.79,37315.03,False
ATM003,2024-07-11,126,127.52,16055.22,128944.78,True
ATM003,2024-07-12,190,122.41,23227.28,105717.5,False
ATM003,2024-07-13,189,128.91,24304.15,81413.36,False
ATM003,2024-07-14,154,119.76,18413.37,62999.99,False
ATM003,2024-07-15,131,120.93,15893.65,47106.34,False
ATM003,2024-07-16,125,128.84,16088.11,31018.23,False
ATM003,2024-07-17,121,125.59,15182.08,129817.92,True
ATM003,2024-07-18,127,127.54,16157.03,113660.89,False
ATM003,2024-07-19,174,125.88,21891.84,91769.05,False
ATM003,2024-07-20,213,122.89,26140.56,65628.5,False
ATM003,2024-07-21,142,120.52,17157.02,48471.48,False
ATM003,2024-07-22,119,118.14,14090.68,34380.8,False
ATM003,2024-07-23,116,131.78,15337.37,129662.63,True
ATM003,2024-07-24,138,118.9,16438.02,113224.61,False
ATM003,2024-07-25,132,130.33,17248.54,95976.08,False
ATM003,2024-07-26,174,125.38,21760.4,74215.68,False
ATM003,2024-07-27,170,126.0,21368.12,52847.56,False
ATM003,2024-07-28,132,125.75,16628.06,36219.5,False
ATM003,2024-07-29,107,127.04,13609.15,131390.85,True
ATM003,2024-07-30,128,122.06,15657.03,115733.82,False
ATM003,2024-07-31,118,116.91,13739.01,101994.81,False
ATM003,2024-08-01,131,122.82,16092.26,85902.55,False
ATM003,2024-08-02,159,126.7,20155.9,65746.65,False
ATM003,2024-08-03,197,120.97,23830.22,41916.43,False
ATM003,2024-08-04,134,129.02,17231.18,127768.82,True
ATM003,2024-08-05,127,124.51,15835.15,111933.67,False
ATM003,2024-08-06,126,120.65,15218.96,96714.71,False
ATM003,2024-08-07,119,125.55,14910.86,81803.86,False
ATM003,2024-08-08,125,126.63,15864.74,65939.12,False
ATM003,2024-08-09,168,126.91,21272.99,44666.13,False
ATM003,2024-08-10,224,114.06,25561.38,119438.62,True
ATM003,2024-08-11,171,113.57,19469.75,99968.86,False
ATM003,2024-08-12,113,128.85,14539.99,85428.87,False
ATM003,2024-08-13,119,119.5,14253.38,71175.49,False
ATM003,2024-08-14,107,128.85,13780.6,57394.88,False
ATM003,2024-08-15,111,129.23,14331.82,43063.07,False
ATM003,2024-08-16,186,120.53,22380.98,122619.02,True
ATM003,2024-08-17,195,121.19,23609.15,99009.87,False
ATM003,2024-08-18,149,127.75,19033.04,79976.83,False
ATM003,2024-08-19,109,123.49,13459.5,66517.33,False
ATM003,2024-08-20,106,129.85,13719.0,52798.33,False
ATM003,2024-08-21,103,131.02,13535.51,39262.82,False
ATM003,2024-08-22,136,120.64,16357.01,128642.99,True
ATM003,2024-08-23,176,121.99,21427.16,107215.83,False
ATM003,2024-08-24,179,125.36,22493.56,84722.26,False
ATM003,2024-08-25,141,116.82,16437.85,68284.41,False
ATM003,2024-08-26,125,118.24,14782.57,53501.83,False
ATM003,2024-08-27,114,121.59,13826.03,39675.8,False
ATM003,2024-08-28,106,132.5,13996.94,131003.06,True
ATM003,2024-08-29,131,125.92,16460.05,114543.01,False
ATM003,2024-08-30,162,122.55,19840.41,94702.61,False
ATM003,2024-08-31,206,121.16,24966.22,69736.39,False
ATM003,2024-09-01,158,120.49,19088.87,50647.52,False
ATM003,2024-09-02,121,122.8,14879.45,35768.07,False
ATM003,2024-09-03,120,122.6,14742.09,130257.91,True
ATM003,2024-09-04,118,124.11,14597.66,115660.25,False
ATM003,2024-09-05,123,126.82,15573.65,100086.6,False
ATM003,2024-09-06,183,124.67,22845.53,77241.07,False
ATM003,2024-09-07,186,127.99,23862.79,53378.27,False
ATM003,2024-09-08,142,123.85,17619.96,35758.31,False
ATM003,2024-09-09,116,131.36,15292.38,129707.62,True
ATM003,2024-09-10,104,127.89,13268.32,116439.3,False
ATM003,2024-09-11,104,125.81,13030.62,103408.68,False
ATM003,2024-09-12,144,126.83,18306.26,85102.42,False
ATM003,2024-09-13,185,122.9,22737.42,62364.99,False
ATM003,2024-09-14,199,124.05,24646.28,37718.72,False
ATM003,2024-09-15,137,123.91,16954.32,128045.68,True
ATM003,2024-09-16,126,122.12,15393.0,112652.68,False
ATM003,2024-09-17,115,119.9,13773.75,98878.93,False
ATM003,2024-09-18,120,127.04,15289.62,83589.31,False
ATM003,2024-09-19,130,128.62,16663.22,66926.09,False
ATM003,2024-09-20,179,126.47,22606.09,44320.0,False
ATM003,2024-09-21,202,124.66,25121.43,119878.57,True
ATM003,2024-09-22,129,133.3,17259.86,102618.72,False
ATM003,2024-09-23,120,122.5,14707.97,87910.74,False
ATM003,2024-09-24,119,125.94,15023.04,72887.7,False
ATM003,2024-09-25,104,129.21,13483.79,59403.91,False
ATM003,2024-09-26,135,120.83,16287.43,43116.48,False
ATM003,2024-09-27,192,127.35,24417.09,120582.91,True
ATM003,2024-09-28,171,131.66,22509.44,98073.47,False
ATM003,2024-09-29,150,124.96,18758.68,79314.79,False
ATM003,2024-09-30,135,125.6,16968.21,62346.58,False
ATM003,2024-10-01,119,122.52,14544.87,47801.71,False
ATM003,2024-10-02,122,126.79,15495.56,32306.15,False
ATM003,2024-10-03,134,122.04,16412.04,128587.96,True
ATM003,2024-10-04,182,124.74,22672.75,105915.22,False
ATM003,2024-10-05,187,119.48,22401.08,83514.13,False
ATM003,2024-10-06,162,115.24,18636.12,64878.01,False
ATM003,2024-10-07,125,123.21,15400.58,49477.44,False
ATM003,2024-10-08,130,123.15,15971.11,33506.32,False
ATM003,2024-10-09,126,123.51,15579.99,129420.01,True
ATM003,2024-10-10,129,127.76,16526.25,112893.76,False
ATM003,2024-10-11,169,128.74,21751.65,91142.11,False
ATM003,2024-10-12,182,126.1,22940.27,68201.85,False
ATM003,2024-10-13,150,127.48,19108.35,49093.49,False
ATM003,2024-10-14,142,122.14,17360.15,31733.34,False
ATM003,2024-10-15,109,121.27,13232.34,131767.66,True
ATM003,2024-10-16,123,126.87,15581.04,116186.62,False
ATM003,2024-10-17,137,120.79,16512.96,99673.66,False
ATM003,2024-10-18,197,120.41,23706.5,75967.16,False
ATM003,2024-10-19,197,135.72,26671.06,49296.11,False
ATM003,2024-10-20,145,127.19,18378.7,30917.41,False
ATM003,2024-10-21,124,118.21,14665.92,130334.08,True
ATM003,2024-10-22,116,120.9,13971.42,116362.66,False
ATM003,2024-10-23,102,131.46,13444.01,102918.65,False
ATM003,2024-10-24,132,126.42,16711.34,86207.31,False
ATM003,2024-10-25,177,124.35,21986.68,64220.63,False
ATM003,2024-10-26,211,124.88,26310.58,37910.05,False
ATM003,2024-10-27,150,124.26,18591.22,126408.78,True
ATM003,2024-10-28,124,119.72,14821.45,111587.33,False
ATM003,2024-10-29,102,124.02,12689.34,98897.99,False
ATM003,2024-10-30,124,120.18,14936.06,83961.93,False
ATM003,2024-10-31,131,125.2,16355.66,67606.27,False
ATM003,2024-11-01,188,121.57,22797.76,44808.51,False
ATM003,2024-11-02,236,126.45,29858.68,115141.32,True
ATM003,2024-11-03,155,125.59,19497.73,95643.59,False
ATM003,2024-11-04,150,127.91,19242.27,76401.33,False
ATM003,2024-11-05,139,123.25,17082.4,59318.92,False
ATM003,2024-11-06,133,126.75,16798.41,42520.52,False
ATM003,2024-11-07,154,127.36,19612.34,22908.17,False
ATM003,2024-11-08,209,128.07,26757.48,118242.52,True
ATM003,2024-11-09,228,127.94,29212.26,89030.26,False
ATM003,2024-11-10,184,121.98,22466.22,66564.04,False
ATM003,2024-11-11,121,130.79,15783.59,50780.45,False
ATM003,2024-11-12,148,118.57,17508.47,33271.98,False
ATM003,2024-11-13,131,127.89,16699.37,16572.61,False
ATM003,2024-11-14,154,123.08,18971.25,126028.75,True
ATM003,2024-11-15,242,121.07,29243.13,96785.62,False
ATM003,2024-11-16,218,125.79,27442.59,69343.03,False
ATM003,2024-11-17,171,126.86,21723.34,47619.7,False
ATM003,2024-11-18,152,125.74,19093.11,28526.59,False
ATM003,2024-11-19,143,124.03,17796.04,10730.55,False
ATM003,2024-11-20,141,125.4,17632.2,127367.8,True
ATM003,2024-11-21,154,127.9,19639.81,107727.98,False
ATM003,2024-11-22,220,125.17,27562.14,80165.84,False
ATM003,2024-11-23,219,125.25,27421.52,52744.32,False
ATM003,2024-11-24,168,125.72,21096.22,31648.1,False
ATM003,2024-11-25,170,123.04,20905.19,10742.91,False
ATM003,2024-11-26,137,129.01,17712.65,127287.35,True
ATM003,2024-11-27,132,133.77,17675.83,109611.52,False
ATM003,2024-11-28,149,126.22,18841.07,90770.45,False
ATM003,2024-11-29,203,123.68,25069.86,65700.58,False
ATM003,2024-11-30,230,128.17,29529.58,36171.01,False
ATM003,2024-12-01,167,129.72,21615.09,14555.91,False
ATM003,2024-12-02,144,123.75,17794.57,127205.43,True
ATM003,2024-12-03,164,126.48,20780.14,106425.29,False
ATM003,2024-12-04,136,122.4,16692.75,89732.54,False
ATM003,2024-12-05,141,128.51,18110.91,71621.64,False
ATM003,2024-12-06,206,125.48,25843.95,45777.69,False
ATM003,2024-12-07,226,127.74,28890.75,16886.94,False
ATM003,2024-12-08,165,120.97,19921.17,125078.83,True
ATM003,2024-12-09,143,127.25,18196.73,106882.1,False
ATM003,2024-12-10,144,121.96,17601.71,89280.39,False
ATM003,2024-12-11,151,122.21,18407.57,70872.82,False
ATM003,2024-12-12,154,121.46,18652.76,52220.06,False
ATM003,2024-12-13,228,127.38,29039.7,23180.35,False
ATM003,2024-12-14,233,129.68,30274.83,114725.17,True
ATM003,2024-12-15,217,118.59,25737.28,88987.89,False
ATM003,2024-12-16,139,122.69,17010.9,71976.99,False
ATM003,2024-12-17,134,120.96,16202.43,55774.55,False
ATM003,2024-12-18,143,120.44,17190.59,38583.96,False
ATM003,2024-12-19,158,125.19,19805.4,18778.55,False
ATM003,2024-12-20,216,126.9,27419.51,117580.49,True
ATM003,2024-12-21,245,123.6,30270.62,87309.87,False
ATM003,2024-12-22,195,125.88,24521.13,62788.74,False
ATM003,2024-12-23,130,121.24,15723.66,47065.07,False
ATM003,2024-12-24,122,125.07,15224.16,31840.91,False
ATM003,2024-12-25,141,123.24,17405.94,14434.97,False
ATM003,2024-12-26,175,127.06,22270.58,122729.42,True
ATM003,2024-12-27,230,121.51,27893.95,94835.47,False
ATM003,2024-12-28,216,125.14,27059.19,67776.27,False
ATM003,2024-12-29,181,118.04,21395.18,46381.09,False
ATM003,2024-12-30,141,125.05,17688.58,28692.51,False
ATM003,2024-12-31,139,121.95,16939.67,11752.84,False
ATM004,2024-01-01,129,124.34,16079.88,128920.12,True
ATM004,2024-01-02,127,127.27,16133.06,112787.06,False
ATM004,2024-01-03,142,123.9,17651.02,95136.03,False
ATM004,2024-01-04,138,126.64,17467.93,77668.1,False
ATM004,2024-01-05,209,123.37,25793.89,51874.21,False
ATM004,2024-01-06,222,128.67,28590.95,23283.26,False
ATM004,2024-01-07,164,131.67,21569.26,123430.74,True
ATM004,2024-01-08,126,125.05,15716.13,107714.61,False
ATM004,2024-01-09,129,124.63,16043.5,91671.11,False
ATM004,2024-01-10,131,119.43,15637.71,76033.4,False
ATM004,2024-01-11,149,122.12,18152.08,57881.32,False
ATM004,2024-01-12,204,122.02,24863.43,33017.88,False
ATM004,2024-01-13,199,125.88,25047.82,119952.18,True
ATM004,2024-01-14,157,127.17,19913.85,100038.33,False
ATM004,2024-01-15,154,126.04,19459.73,80578.61,False
ATM004,2024-01-16,137,120.96,16584.53,63994.08,False
ATM004,2024-01-17,114,130.94,14955.07,49039.01,False
ATM004,2024-01-18,140,121.09,16905.75,32133.25,False
ATM004,2024-01-19,198,124.66,24646.67,120353.33,True
ATM004,2024-01-20,205,123.86,25395.89,94957.44,False
ATM004,2024-01-21,176,121.98,21475.38,73482.06,False
ATM004,2024-01-22,118,128.53,15146.65,58335.41,False
ATM004,2024-01-23,135,122.67,16592.91,41742.5,False
ATM004,2024-01-24,120,122.21,14649.15,27093.35,False
ATM004,2024-01-25,139,129.37,17965.77,127034.23,True
ATM004,2024-01-26,184,124.68,22984.45,104049.78,False
ATM004,2024-01-27,244,116.07,28361.22,75688.56,False
ATM004,2024-01-28,176,120.57,21183.36,54505.19,False
ATM004,2024-01-29,136,125.93,17091.41,37413.78,False
ATM004,2024-01-30,136,127.07,17295.31,20118.47,False
ATM004,2024-01-31,114,122.06,13856.07,131143.93,True
ATM004,2024-02-01,133,124.27,16554.56,114589.36,False
ATM004,2024-02-02,182,127.96,23231.32,91358.05,False
ATM004,2024-02-03,207,124.2,25662.84,65695.2,False
ATM004,2024-02-04,128,123.29,15741.45,49953.76,False
ATM004,2024-02-05,129,120.91,15629.69,34324.07,False
ATM004,2024-02-06,119,128.41,15231.93,129768.07,True
ATM004,2024-02-07,132,113.51,15009.82,114758.26,False
ATM004,2024-02-08,114,132.07,14992.07,99766.19,False
ATM004,2024-02-09,184,117.56,21624.15,78142.04,False
ATM004,2024-02-10,214,125.05,26813.89,51328.15,False
ATM004,2024-02-11,154,126.04,19353.76,31974.39,False
ATM004,2024-02-12,124,126.36,15675.92,129324.08,True
ATM004,2024-02-13,115,133.54,15302.69,114021.39,False
ATM004,2024-02-14,134,119.07,15923.47,98097.92,False
ATM004,2024-02-15,165,129.28,21314.03,123685.97,True
ATM004,2024-02-16,250,123.4,30795.52,92890.45,False
ATM004,2024-02-17,262,128.48,33619.64,59270.81,False
ATM004,2024-02-18,221,122.19,27024.09,117975.91,True
ATM004,2024-02-19,149,123.85,18460.26,99515.65,False
ATM004,2024-02-20,146,121.66,17743.17,81772.48,False
ATM004,2024-02-21,125,123.37,15449.06,129550.94,True
ATM004,2024-02-22,172,123.15,21199.0,108351.94,False
ATM004,2024-02-23,259,125.05,32416.15,75935.78,False
ATM004,2024-02-24,269,125.98,33917.68,111082.32,True
ATM004,2024-02-25,190,126.05,23914.88,87167.44,False
ATM004,2024-02-26,168,125.21,21051.1,66116.33,False
ATM004,2024-02-27,150,126.37,19011.51,125988.49,True
ATM004,2024-02-28,145,126.52,18370.67,107617.82,False
ATM004,2024-02-29,195,123.99,24155.36,83462.46,False
ATM004,2024-03-01,225,129.72,29152.56,115847.44,True
ATM004,2024-03-02,268,125.04,33561.58,82285.86,False
ATM004,2024-03-03,150,126.94,19102.43,63183.43,False
ATM004,2024-03-04,125,130.51,16375.31,128624.69,True
ATM004,2024-03-05,144,128.75,18581.74,110042.95,False
ATM004,2024-03-06,148,119.18,17598.04,92444.91,False
ATM004,2024-03-07,168,124.87,21038.46,123961.54,True
ATM004,2024-03-08,218,125.32,27351.53,96610.02,False
ATM004,2024-03-09,294,128.13,37610.56,58999.46,False
ATM004,2024-03-10,190,128.16,24291.28,120708.72,True
ATM004,2024-03-11,171,124.29,21214.83,99493.89,False
ATM004,2024-03-12,128,124.29,15902.6,83591.29,False
ATM004,2024-03-13,163,121.36,19841.13,125158.87,True
ATM004,2024-03-14,167,122.41,20404.46,104754.41,False
ATM004,2024-03-15,246,127.81,31447.59,73306.83,False
ATM004,2024-03-16,202,127.33,25740.37,47566.46,False
ATM004,2024-03-17,142,125.74,17866.61,29699.85,False
ATM004,2024-03-18,120,116.8,13972.11,15727.74,False
ATM004,2024-03-19,117,126.21,14727.41,130272.59,True
ATM004,2024-03-20,124,130.89,16191.27,114081.32,False
ATM004,2024-03-21,151,121.26,18299.75,95781.58,False
ATM004,2024-03-22,173,126.8,21920.23,73861.35,False
ATM004,2024-03-23,225,130.55,29361.55,44499.8,False
ATM004,2024-03-24,157,123.55,19373.35,25126.45,False
ATM004,2024-03-25,112,127.96,14270.61,130729.39,True
ATM004,2024-03-26,109,124.11,13492.83,117236.56,False
ATM004,2024-03-27,113,130.97,14758.06,102478.5,False
ATM004,2024-03-28,138,115.85,15993.12,86485.38,False
ATM004,2024-03-29,190,122.38,23274.99,63210.39,False
ATM004,2024-03-30,198,124.67,24666.27,38544.12,False
ATM004,2024-03-31,137,127.96,17573.31,127426.69,True
ATM004,2024-04-01,122,123.06,14999.79,112426.9,False
ATM004,2024-04-02,137,122.7,16817.12,95609.78,False
ATM004,2024-04-03,115,127.51,14621.86,80987.92,False
ATM004,2024-04-04,156,124.83,19509.75,61478.18,False
ATM004,2024-04-05,169,127.65,21544.48,39933.7,False
ATM004,2024-04-06,191,126.16,24084.55,120915.45,True
ATM004,2024-04-07,153,120.65,18517.73,102397.72,False
ATM004,2024-04-08,130,124.31,16190.15,86207.57,False
ATM004,2024-04-09,120,127.21,15324.0,70883.58,False
ATM004,2024-04-10,123,128.68,15861.73,55021.85,False
ATM004,2024-04-11,150,122.38,18393.18,36628.68,False
ATM004,2024-04-12,196,118.82,23260.64,121739.36,True
ATM004,2024-04-13,223,123.67,27608.23,94131.12,False
ATM004,2024-04-14,136,122.99,16689.79,77441.33,False
ATM004,2024-04-15,120,130.91,15678.09,61763.24,False
ATM004,2024-04-16,119,119.59,14229.54,47533.7,False
ATM004,2024-04-17,136,130.09,17687.03,29846.67,False
ATM004,2024-04-18,140,122.63,17118.31,127881.69,True
ATM004,2024-04-19,222,116.27,25803.63,102078.06,False
ATM004,2024-04-20,192,123.95,23747.55,78330.51,False
ATM004,2024-04-21,178,123.37,21962.65,56367.86,False
ATM004,2024-04-22,130,129.25,16817.2,39550.66,False
ATM004,2024-04-23,151,122.84,18578.34,20972.32,False
ATM004,2024-04-24,124,131.83,16345.54,128654.46,True
ATM004,2024-04-25,126,128.85,16211.87,112442.59,False
ATM004,2024-04-26,184,125.38,23013.86,89428.73,False
ATM004,2024-04-27,219,121.41,26596.49,62832.23,False
ATM004,2024-04-28,146,126.04,18394.17,44438.06,False
ATM004,2024-04-29,144,124.51,17904.0,26534.06,False
ATM004,2024-04-30,127,127.14,16109.71,128890.29,True
ATM004,2024-05-01,109,127.77,13898.91,114991.38,False
ATM004,2024-05-02,129,134.76,17363.0,97628.38,False
ATM004,2024-05-03,178,123.28,21883.68,75744.7,False
ATM004,2024-05-04,203,128.07,25952.82,49791.88,False
ATM004,2024-05-05,140,123.49,17254.7,32537.18,False
ATM004,2024-05-06,129,121.9,15766.79,129233.21,True
ATM004,2024-05-07,113,125.34,14160.65,115072.56,False
ATM004,2024-05-08,130,122.73,15951.29,99121.28,False
ATM004,2024-05-09,122,117.81,14411.41,84709.87,False
ATM004,2024-05-10,171,120.08,20571.56,64138.3,False
ATM004,2024-05-11,202,120.54,24328.04,39810.26,False
ATM004,2024-05-12,140,122.1,17053.37,127946.63,True
ATM004,2024-05-13,113,129.96,14719.76,113226.87,False
ATM004,2024-05-14,122,125.06,15264.67,97962.2,False
ATM004,2024-05-15,117,123.38,14404.66,83557.54,False
ATM004,2024-05-16,132,127.19,16775.67,66781.87,False
ATM004,2024-05-17,168,125.14,21084.44,45697.43,False
ATM004,2024-05-18,170,125.79,21332.66,123667.34,True
ATM004,2024-05-19,152,123.95,18894.89,104772.46,False
ATM004,2024-05-20,142,121.7,17239.16,87533.3,False
ATM004,2024-05-21,119,124.87,14797.01,72736.29,False
ATM004,2024-05-22,119,124.57,14773.02,57963.26,False
ATM004,2024-05-23,129,128.18,16518.56,41444.7,False
ATM004,2024-05-24,198,124.99,24742.19,120257.81,True
ATM004,2024-05-25,213,122.37,26037.16,94220.65,False
ATM004,2024-05-26,155,122.14,18899.92,75320.73,False
ATM004,2024-05-27,123,133.29,16385.1,58935.63,False
ATM004,2024-05-28,124,116.78,14449.48,44486.14,False
ATM004,2024-05-29,110,129.62,14317.16,30168.99,False
ATM004,2024-05-30,135,125.93,17042.37,127957.63,True
ATM004,2024-05-31,190,126.82,24111.17,103846.46,False
ATM004,2024-06-01,208,128.45,26781.02,77065.44,False
ATM004,2024-06-02,158,126.35,19926.69,57138.75,False
ATM004,2024-06-03,131,123.85,16173.83,40964.92,False
ATM004,2024-06-04,106,131.4,13972.65,26992.27,False
ATM004,2024-06-05,118,128.02,15103.98,129896.02,True
ATM004,2024-06-06,135,122.8,16537.81,113358.21,False
ATM004,2024-06-07,172,130.38,22484.75,90873.47,False
ATM004,2024-06-08,216,118.58,25567.43,65306.03,False
ATM004,2024-06-09,134,131.68,17645.38,47660.66,False
ATM004,2024-06-10,126,118.25,14955.22,32705.44,False
ATM004,2024-06-11,130,127.56,16638.48,128361.52,True
ATM004,2024-06-12,120,123.61,14804.38,113557.15,False
ATM004,2024-06-13,144,122.97,17685.62,95871.53,False
ATM004,2024-06-14,192,127.03,24347.92,71523.61,False
ATM004,2024-06-15,199,125.55,25017.62,46505.99,False
ATM004,2024-06-16,137,128.92,17695.19,28810.79,False
ATM004,2024-06-17,120,118.92,14288.46,130711.54,True
ATM004,2024-06-18,119,127.37,15213.99,115497.55,False
ATM004,2024-06-19,122,126.53,15385.73,100111.82,False
ATM004,2024-06-20,125,127.95,16031.4,84080.41,False
ATM004,2024-06-21,182,123.17,22395.93,61684.48,False
ATM004,2024-06-22,181,132.58,24061.67,37622.81,False
ATM004,2024-06-23,125,126.87,15864.64,129135.36,True
ATM004,2024-06-24,108,124.59,13497.29,115638.08,False
ATM004,2024-06-25,121,117.18,14137.78,101500.3,False
ATM004,2024-06-26,124,123.57,15287.82,86212.48,False
ATM004,2024-06-27,110,128.15,14154.65,72057.83,False
ATM004,2024-06-28,190,130.59,24841.58,47216.25,False
ATM004,2024-06-29,201,125.17,25218.54,119781.46,True
ATM004,2024-06-30,150,131.31,19658.54,100122.92,False
ATM004,2024-07-01,135,121.47,16434.39,83688.53,False
ATM004,2024-07-02,117,126.65,14780.35,68908.18,False
ATM004,2024-07-03,103,126.76,13107.05,55801.13,False
ATM004,2024-07-04,151,127.4,19222.8,36578.33,False
ATM004,2024-07-05,198,125.69,24908.46,120091.54,True
ATM004,2024-07-06,194,126.43,24467.05,95624.49,False
ATM004,2024-07-07,139,121.39,16918.93,78705.57,False
ATM004,2024-07-08,127,130.15,16587.8,62117.76,False
ATM004,2024-07-09,106,128.63,13596.7,48521.07,False
ATM004,2024-07-10,117,126.27,14786.82,33734.24,False
ATM004,2024-07-11,132,128.73,16931.96,128068.04,True
ATM004,2024-07-12,173,130.29,22597.94,105470.1,False
ATM004,2024-07-13,197,127.34,25131.23,80338.87,False
ATM004,2024-07-14,127,133.09,16898.29,63440.58,False
ATM004,2024-07-15,123,127.67,15688.28,47752.3,False
ATM004,2024-07-16,107,121.91,13021.88,34730.41,False
ATM004,2024-07-17,129,126.08,16223.74,128776.26,True
ATM004,2024-07-18,111,128.89,14339.57,114436.69,False
ATM004,2024-07-19,166,130.29,21628.32,92808.37,False
ATM004,2024-07-20,194,125.77,24442.03,68366.34,False
ATM004,2024-07-21,160,121.63,19454.29,48912.05,False
ATM004,2024-07-22,114,124.26,14161.5,34750.55,False
ATM004,2024-07-23,129,120.01,15442.24,129557.76,True
ATM004,2024-07-24,103,128.09,13237.6,116320.16,False
ATM004,2024-07-25,127,123.53,15717.57,100602.6,False
ATM004,2024-07-26,161,122.45,19729.04,80873.55,False
ATM004,2024-07-27,191,128.49,24579.75,56293.81,False
ATM004,2024-07-28,129,131.22,16971.83,39321.98,False
ATM004,2024-07-29,118,122.44,14470.43,130529.57,True
ATM004,2024-07-30,129,125.79,16229.32,114300.25,False
ATM004,2024-07-31,115,124.42,14313.2,99987.05,False
ATM004,2024-08-01,138,130.5,18023.97,81963.08,False
ATM004,2024-08-02,170,124.84,21218.91,60744.17,False
ATM004,2024-08-03,204,121.3,24748.47,35995.7,False
ATM004,2024-08-04,143,125.02,17843.56,127156.44,True
ATM004,2024-08-05,127,129.53,16442.03,110714.4,False
ATM004,2024-08-06,115,124.2,14241.49,96472.91,False
ATM004,2024-08-07,127,122.81,15585.24,80887.67,False
ATM004,2024-08-08,137,124.67,17084.85,63802.82,False
ATM004,2024-08-09,173,121.41,20993.45,42809.37,False
ATM004,2024-08-10,219,124.41,27214.41,117785.59,True
ATM004,2024-08-11,163,123.07,20092.88,97692.71,False
ATM004,2024-08-12,116,133.97,15493.35,82199.36,False
ATM004,2024-08-13,115,117.88,13533.76,68665.6,False
ATM004,2024-08-14,134,121.9,16279.15,52386.45,False
ATM004,2024-08-15,133,122.8,16371.43,36015.02,False
ATM004,2024-08-16,189,121.44,22893.2,122106.8,True
ATM004,2024-08-17,192,126.69,24284.95,97821.85,False
ATM004,2024-08-18,136,122.37,16692.49,81129.36,False
ATM004,2024-08-19,124,119.64,14816.03,66313.33,False
ATM004,2024-08-20,113,125.45,14148.73,52164.6,False
ATM004,2024-08-21,117,123.98,14466.78,37697.81,False
ATM004,2024-08-22,134,122.54,16372.36,128627.64,True
ATM004,2024-08-23,181,130.38,23581.04,105046.61,False
ATM004,2024-08-24,188,126.82,23806.2,81240.41,False
ATM004,2024-08-25,139,126.37,17615.3,63625.11,False
ATM004,2024-08-26,133,126.91,16939.21,46685.91,False
ATM004,2024-08-27,102,126.7,12872.14,33813.76,False
ATM004,2024-08-28,131,124.17,16218.04,128781.96,True
ATM004,2024-08-29,144,122.41,17578.59,111203.37,False
ATM004,2024-08-30,161,125.53,20248.5,90954.87,False
ATM004,2024-08-31,175,124.1,21747.51,69207.36,False
ATM004,2024-09-01,166,117.84,19601.77,49605.59,False
ATM004,2024-09-02,115,121.13,13880.18,35725.42,False
ATM004,2024-09-03,117,123.63,14509.04,130490.96,True
ATM004,2024-09-04,128,128.58,16407.91,114083.05,False
ATM004,2024-09-05,135,125.55,16973.55,97109.5,False
ATM004,2024-09-06,190,121.77,23094.5,74015.0,False
ATM004,2024-09-07,216,120.83,26113.63,47901.37,False
ATM004,2024-09-08,147,129.45,18991.99,28909.38,False
ATM004,2024-09-09,124,124.34,15406.46,129593.54,True
ATM004,2024-09-10,131,114.27,14987.64,114605.9,False
ATM004,2024-09-11,122,124.57,15195.23,99410.66,False
ATM004,2024-09-12,128,127.65,16337.18,83073.48,False
ATM004,2024-09-13,185,120.72,22350.19,60723.3,False
ATM004,2024-09-14,194,125.25,24350.55,36372.75,False
ATM004,2024-09-15,144,125.61,18057.95,126942.05,True
ATM004,2024-09-16,135,120.93,16326.38,110615.67,False
ATM004,2024-09-17,114,129.84,14753.84,95861.83,False
ATM004,2024-09-18,105,125.67,13176.05,82685.77,False
ATM004,2024-09-19,127,123.61,15736.94,66948.83,False
ATM004,2024-09-20,170,124.36,21088.59,45860.25,False
ATM004,2024-09-21,233,120.26,27975.82,117024.18,True
ATM004,2024-09-22,137,120.12,16505.08,100519.11,False
ATM004,2024-09-23,139,123.27,17131.96,83387.15,False
ATM004,2024-09-24,118,123.49,14547.36,68839.78,False
ATM004,2024-09-25,112,124.12,13925.39,54914.39,False
ATM004,2024-09-26,150,130.22,19473.69,35440.7,False
ATM004,2024-09-27,166,127.43,21165.3,123834.7,True
ATM004,2024-09-28,196,118.34,23202.17,100632.53,False
ATM004,2024-09-29,149,129.35,19238.37,81394.16,False
ATM004,2024-09-30,133,123.24,16334.02,65060.14,False
ATM004,2024-10-01,113,127.81,14404.35,50655.8,False
ATM004,2024-10-02,124,123.52,15290.45,35365.35,False
ATM004,2024-10-03,117,125.43,14638.46,130361.54,True
ATM004,2024-10-04,201,120.51,24230.18,106131.35,False
ATM004,2024-10-05,204,126.24,25717.35,80414.01,False
ATM004,2024-10-06,147,128.27,18879.02,61534.99,False
ATM004,2024-10-07,122,118.94,14460.4,47074.59,False
ATM004,2024-10-08,109,128.33,14039.26,33035.33,False
ATM004,2024-10-09,117,122.4,14323.24,130676.76,True
ATM004,2024-10-10,110,131.57,14432.65,116244.11,False
ATM004,2024-10-11,186,127.89,23804.35,92439.76,False
ATM004,2024-10-12,207,127.16,26316.43,66123.33,False
ATM004,2024-10-13,142,124.39,17609.49,48513.85,False
ATM004,2024-10-14,109,134.88,14733.1,33780.74,False
ATM004,2024-10-15,123,123.26,15151.78,129848.22,True
ATM004,2024-10-16,127,121.21,15369.86,114478.36,False
ATM004,2024-10-17,149,122.52,18216.05,96262.31,False
ATM004,2024-10-18,180,129.0,23269.52,72992.79,False
ATM004,2024-10-19,202,125.35,25264.15,47728.64,False
ATM004,2024-10-20,144,124.79,17926.8,29801.84,False
ATM004,2024-10-21,118,123.31,14580.1,130419.9,True
ATM004,2024-10-22,130,124.59,16163.83,114256.08,False
ATM004,2024-10-23,114,123.06,14080.88,100175.19,False
ATM004,2024-10-24,139,127.53,17707.94,82467.25,False
ATM004,2024-10-25,188,124.03,23366.22,59101.03,False
ATM004,2024-10-26,209,122.59,25599.89,33501.14,False
ATM004,2024-10-27,137,128.64,17590.66,127409.34,True
ATM004,2024-10-28,133,121.32,16138.79,111270.55,False
ATM004,2024-10-29,109,125.41,13726.35,97544.2,False
ATM004,2024-10-30,142,117.82,16787.81,80756.39,False
ATM004,2024-10-31,140,119.84,16717.75,64038.65,False
ATM004,2024-11-01,205,123.63,25360.17,38678.48,False
ATM004,2024-11-02,229,123.0,28177.71,116822.29,True
ATM004,2024-11-03,172,122.99,21148.31,95673.98,False
ATM004,2024-11-04,126,127.92,16170.18,79503.8,False
ATM004,2024-11-05,141,128.16,18127.31,61376.49,False
ATM004,2024-11-06,125,126.12,15760.18,45616.3,False
ATM004,2024-11-07,167,121.13,20283.76,25332.55,False
ATM004,2024-11-08,213,124.56,26528.64,118471.36,True
ATM004,2024-11-09,250,132.22,33013.53,85457.82,False
ATM004,2024-11-10,140,134.35,18813.04,66644.78,False
ATM004,2024-11-11,131,128.68,16801.62,49843.17,False
ATM004,2024-11-12,152,121.27,18405.58,31437.59,False
ATM004,2024-11-13,146,124.6,18171.73,13265.87,False
ATM004,2024-11-14,160,125.87,20111.77,124888.23,True
ATM004,2024-11-15,230,125.28,28827.41,96060.82,False
ATM004,2024-11-16,222,129.11,28680.45,67380.37,False
ATM004,2024-11-17,172,127.74,22014.1,45366.28,False
ATM004,2024-11-18,141,121.08,17099.0,28267.28,False
ATM004,2024-11-19,135,122.67,16526.72,11740.56,False
ATM004,2024-11-20,144,128.66,18548.19,126451.81,True
ATM004,2024-11-21,147,130.37,19137.37,107314.45,False
ATM004,2024-11-22,232,125.91,29176.86,78137.59,False
ATM004,2024-11-23,209,130.91,27397.03,50740.56,False
ATM004,2024-11-24,168,125.47,21047.55,29693.02,False
ATM004,2024-11-25,144,121.66,17492.43,12200.58,False
ATM004,2024-11-26,122,127.37,15516.66,129483.34,True
ATM004,2024-11-27,122,136.47,16618.23,112865.12,False
ATM004,2024-11-28,149,120.28,17930.03,94935.09,False
ATM004,2024-11-29,210,130.73,27475.44,67459.65,False
ATM004,2024-11-30,229,127.15,29150.97,38308.68,False
ATM004,2024-12-01,152,122.46,18578.54,19730.14,False
ATM004,2024-12-02,141,117.89,16616.36,128383.64,True
ATM004,2024-12-03,149,116.59,17338.12,111045.52,False
ATM004,2024-12-04,130,122.99,16003.13,95042.39,False
ATM004,2024-12-05,144,126.49,18252.68,76789.71,False
ATM004,2024-12-06,211,128.35,27084.82,49704.89,False
ATM004,2024-12-07,237,129.28,30588.8,19116.09,False
ATM004,2024-12-08,168,126.14,21134.8,123865.2,True
ATM004,2024-12-09,148,125.53,18566.28,105298.92,False
ATM004,2024-12-10,135,123.75,16725.18,88573.75,False
ATM004,2024-12-11,131,126.58,16578.54,71995.21,False
ATM004,2024-12-12,157,122.51,19219.41,52775.8,False
ATM004,2024-12-13,210,120.46,25310.66,27465.13,False
ATM004,2024-12-14,248,125.29,31077.56,113922.44,True
ATM004,2024-12-15,155,128.03,19898.8,94023.65,False
ATM004,2024-12-16,144,119.73,17224.1,76799.55,False
ATM004,2024-12-17,150,122.99,18471.05,58328.5,False
ATM004,2024-12-18,136,125.15,17059.64,41268.87,False
ATM004,2024-12-19,168,125.08,20957.22,20311.65,False
ATM004,2024-12-20,192,127.04,24377.11,120622.89,True
ATM004,2024-12-21,212,132.08,28050.82,92572.07,False
ATM004,2024-12-22,181,116.62,21135.98,71436.09,False
ATM004,2024-12-23,139,132.29,18367.01,53069.07,False
ATM004,2024-12-24,146,131.87,19202.36,33866.71,False
ATM004,2024-12-25,127,128.42,16345.54,17521.18,False
ATM004,2024-12-26,146,125.84,18392.85,126607.15,True
ATM004,2024-12-27,198,122.58,24251.45,102355.7,False
ATM004,2024-12-28,216,128.37,27677.77,74677.93,False
ATM004,2024-12-29,177,126.04,22356.24,52321.68,False
ATM004,2024-12-30,132,123.83,16297.49,36024.19,False
ATM004,2024-12-31,127,128.26,16321.62,19702.57,False
ATM005,2024-01-01,141,128.96,18134.38,126865.62,True
ATM005,2024-01-02,133,114.73,15205.38,111660.24,False
ATM005,2024-01-03,111,130.33,14460.87,97199.37,False
ATM005,2024-01-04,144,122.18,17535.19,79664.18,False
ATM005,2024-01-05,214,129.74,27725.84,51938.34,False
ATM005,2024-01-06,219,123.9,27098.38,24839.95,False
ATM005,2024-01-07,155,125.85,19523.21,125476.79,True
ATM005,2024-01-08,148,126.58,18677.88,106798.91,False
ATM005,2024-01-09,130,129.38,16866.62,89932.29,False
ATM005,2024-01-10,118,127.83,15078.3,74853.99,False
ATM005,2024-01-11,153,115.56,17666.63,57187.36,False
ATM005,2024-01-12,176,121.18,21293.6,35893.75,False
ATM005,2024-01-13,224,125.43,28076.93,116923.07,True
ATM005,2024-01-14,151,132.32,19960.53,96962.54,False
ATM005,2024-01-15,122,124.9,15279.32,81683.22,False
ATM005,2024-01-16,134,122.24,16376.13,65307.09,False
ATM005,2024-01-17,138,119.0,16397.3,48909.78,False
ATM005,2024-01-18,163,122.44,19905.4,29004.38,False
ATM005,2024-01-19,228,124.88,28490.67,116509.33,True
ATM005,2024-01-20,233,124.8,29070.57,87438.76,False
ATM005,2024-01-21,160,122.81,19662.22,67776.54,False
ATM005,2024-01-22,133,126.19,16838.62,50937.91,False
ATM005,2024-01-23,122,124.53,15174.5,35763.41,False
ATM005,2024-01-24,117,133.62,15680.64,20082.77,False
ATM005,2024-01-25,137,130.79,17921.78,127078.22,True
ATM005,2024-01-26,194,125.97,24378.1,102700.13,False
ATM005,2024-01-27,200,123.32,24662.09,78038.04,False
ATM005,2024-01-28,153,130.95,19997.12,58040.91,False
ATM005,2024-01-29,130,130.19,16960.3,41080.61,False
ATM005,2024-01-30,128,131.1,16766.21,24314.4,False
ATM005,2024-01-31,122,133.96,16297.32,128702.68,True
ATM005,2024-02-01,130,122.13,15847.47,112855.21,False
ATM005,2024-02-02,154,133.74,20642.76,92212.45,False
ATM005,2024-02-03,210,123.75,26044.69,66167.76,False
ATM005,2024-02-04,153,127.58,19549.94,46617.81,False
ATM005,2024-02-05,146,119.2,17420.63,29197.18,False
ATM005,2024-02-06,116,123.27,14305.29,130694.71,True
ATM005,2024-02-07,100,128.98,12957.39,117737.33,False
ATM005,2024-02-08,126,127.77,16087.78,101649.55,False
ATM005,2024-02-09,214,123.68,26502.86,75146.7,False
ATM005,2024-02-10,190,125.44,23878.34,51268.36,False
ATM005,2024-02-11,156,122.87,19194.97,32073.39,False
ATM005,2024-02-12,113,128.96,14524.82,130475.18,True
ATM005,2024-02-13,128,117.33,14964.93,115510.25,False
ATM005,2024-02-14,105,130.63,13654.19,101856.06,False
ATM005,2024-02-15,174,122.14,21247.39,123752.61,True
ATM005,2024-02-16,224,125.05,27973.33,95779.28,False
ATM005,2024-02-17,272,119.91,32624.57,63154.71,False
ATM005,2024-02-18,169,126.02,21280.39,123719.61,True
ATM005,2024-02-19,149,127.14,18994.5,104725.1,False
ATM005,2024-02-20,133,126.34,16848.31,87876.79,False
ATM005,2024-02-21,160,126.83,20233.63,124766.37,True
ATM005,2024-02-22,167,124.64,20860.07,103906.29,False
ATM005,2024-02-23,214,124.73,26702.06,77204.24,False
ATM005,2024-02-24,272,124.55,33843.39,111156.61,True
ATM005,2024-02-25,172,123.15,21207.74,89948.87,False
ATM005,2024-02-26,157,123.6,19398.54,70550.33,False
ATM005,2024-02-27,150,126.96,18997.12,126002.88,True
ATM005,2024-02-28,153,130.34,19948.7,106054.18,False
ATM005,2024-02-29,182,121.5,22149.37,83904.8,False
ATM005,2024-03-01,213,124.72,26573.99,118426.01,True
ATM005,2024-03-02,249,120.73,30023.55,88402.47,False
ATM005,2024-03-03,178,123.22,21883.53,66518.94,False
ATM005,2024-03-04,147,123.82,18248.97,126751.03,True
ATM005,2024-03-05,159,125.75,19941.59,106809.43,False
ATM005,2024-03-06,177,125.64,22286.07,84523.36,False
ATM005,2024-03-07,162,125.02,20242.71,124757.29,True
ATM005,2024-03-08,228,126.63,28821.87,95935.42,False
ATM005,2024-03-09,294,121.83,35835.32,60100.1,False
ATM005,2024-03-10,191,125.78,23969.59,121030.41,True
ATM005,2024-03-11,134,127.89,17135.65,103894.76,False
ATM005,2024-03-12,165,121.79,20066.46,83828.3,False
ATM005,2024-03-13,158,118.53,18733.44,126266.56,True
ATM005,2024-03-14,147,128.93,18915.52,107351.04,False
ATM005,2024-03-15,227,120.84,27399.67,79951.37,False
ATM005,2024-03-16,203,123.04,24990.98,54960.4,False
ATM005,2024-03-17,136,127.77,17332.5,37627.9,False
ATM005,2024-03-18,115,121.6,13995.07,23632.83,False
ATM005,2024-03-19,115,128.64,14731.53,130268.47,True
ATM005,2024-03-20,132,122.51,16224.05,114044.42,False
ATM005,2024-03-21,143,122.06,17507.05,96537.37,False
ATM005,2024-03-22,211,120.75,25531.25,71006.12,False
ATM005,2024-03-23,220,122.54,26989.45,44016.67,False
ATM005,2024-03-24,162,127.22,20624.26,23392.41,False
ATM005,2024-03-25,115,123.04,14138.55,130861.45,True
ATM005,2024-03-26,119,128.95,15392.6,115468.85,False
ATM005,2024-03-27,118,125.17,14803.65,100665.2,False
ATM005,2024-03-28,138,125.49,17289.03,83376.17,False
ATM005,2024-03-29,168,121.95,20522.53,62853.64,False
ATM005,2024-03-30,193,129.56,25000.88,37852.76,False
ATM005,2024-03-31,157,127.92,20058.63,124941.37,True
ATM005,2024-04-01,133,127.81,17038.01,107903.35,False
ATM005,2024-04-02,123,124.43,15299.83,92603.52,False
ATM005,2024-04-03,128,120.32,15447.46,77156.06,False
ATM005,2024-04-04,147,125.7,18460.73,58695.32,False
ATM005,2024-04-05,204,127.05,25932.95,32762.37,False
ATM005,2024-04-06,217,127.09,27515.45,117484.55,True
ATM005,2024-04-07,155,126.55,19645.79,97838.75,False
ATM005,2024-04-08,126,126.39,15871.21,81967.55,False
ATM005,2024-04-09,137,122.49,16798.74,65168.81,False
ATM005,2024-04-10,134,122.66,16424.3,48744.51,False
ATM005,2024-04-11,144,120.78,17382.12,31362.39,False
ATM005,2024-04-12,209,129.0,27003.94,117996.06,True
ATM005,2024-04-13,212,132.4,28089.14,89906.91,False
ATM005,2024-04-14,143,136.37,19445.27,70461.65,False
ATM005,2024-04-15,130,125.96,16434.94,54026.71,False
ATM005,2024-04-16,123,126.4,15590.63,38436.08,False
ATM005,2024-04-17,139,124.57,17350.6,21085.48,False
ATM005,2024-04-18,162,125.9,20423.13,124576.87,True
ATM005,2024-04-19,207,121.59,25186.61,99390.26,False
ATM005,2024-04-20,224,124.5,27856.26,71534.0,False
ATM005,2024-04-21,155,122.09,18883.23,52650.77,False
ATM005,2024-04-22,162,124.01,20132.99,32517.77,False
ATM005,2024-04-23,118,122.38,14476.48,18041.29,False
ATM005,2024-04-24,128,127.05,16305.85,128694.15,True
ATM005,2024-04-25,147,127.54,18748.87,109945.28,False
ATM005,2024-04-26,187,126.28,23623.42,86321.86,False
ATM005,2024-04-27,207,122.68,25442.95,60878.92,False
ATM005,2024-04-28,153,120.54,18478.56,42400.35,False
ATM005,2024-04-29,141,127.58,17990.27,24410.08,False
ATM005,2024-04-30,137,125.15,17165.15,127834.85,True
ATM005,2024-05-01,133,118.4,15708.47,112126.38,False
ATM005,2024-05-02,139,125.66,17416.25,94710.13,False
ATM005,2024-05-03,186,126.43,23475.71,71234.42,False
ATM005,2024-05-04,192,119.38,22950.94,48283.49,False
ATM005,2024-05-05,134,127.12,17042.28,31241.21,False
ATM005,2024-05-06,133,119.87,15932.05,129067.95,True
ATM005,2024-05-07,111,122.29,13606.23,115461.72,False
ATM005,2024-05-08,121,119.89,14509.63,100952.1,False
ATM005,2024-05-09,122,121.92,14841.74,86110.35,False
ATM005,2024-05-10,187,120.57,22603.53,63506.82,False
ATM005,2024-05-11,189,128.97,24394.22,39112.6,False
ATM005,2024-05-12,132,124.23,16353.08,128646.92,True
ATM005,2024-05-13,132,123.43,16309.69,112337.23,False
ATM005,2024-05-14,108,129.36,13999.86,98337.37,False
ATM005,2024-05-15,113,129.14,14561.62,83775.74,False
ATM005,2024-05-16,137,123.71,16894.95,66880.79,False
ATM005,2024-05-17,184,126.2,23234.7,43646.09,False
ATM005,2024-05-18,215,122.94,26414.53,118585.47,True
ATM005,2024-05-19,144,124.77,17965.0,100620.47,False
ATM005,2024-05-20,132,121.16,15947.73,84672.74,False
ATM005,2024-05-21,123,126.75,15648.78,69023.96,False
ATM005,2024-05-22,105,129.53,13566.98,55456.98,False
ATM005,2024-05-23,149,128.76,19170.53,36286.45,False
ATM005,2024-05-24,198,125.32,24827.64,120172.36,True
ATM005,2024-05-25,185,118.08,21892.57,98279.8,False
ATM005,2024-05-26,149,122.78,18235.98,80043.82,False
ATM005,2024-05-27,114,124.76,14239.3,65804.51,False
ATM005,2024-05-28,127,119.55,15215.21,50589.3,False
ATM005,2024-05-29,110,130.66,14416.92,36172.39,False
ATM005,2024-05-30,119,128.26,15206.41,129793.59,True
ATM005,2024-05-31,171,127.05,21717.91,108075.68,False
ATM005,2024-06-01,208,127.78,26556.26,81519.42,False
ATM005,2024-06-02,158,120.68,19090.33,62429.09,False
ATM005,2024-06-03,135,121.8,16411.5,46017.58,False
ATM005,2024-06-04,118,125.97,14840.68,31176.9,False
ATM005,2024-06-05,122,126.26,15390.99,129609.01,True
ATM005,2024-06-06,129,119.94,15454.82,114154.19,False
ATM005,2024-06-07,190,125.7,23882.19,90272.01,False
ATM005,2024-06-08,214,124.83,26653.19,63618.81,False
ATM005,2024-06-09,126,128.62,16235.16,47383.65,False
ATM005,2024-06-10,117,126.28,14792.21,32591.45,False
ATM005,2024-06-11,106,131.17,13927.74,131072.26,True
ATM005,2024-06-12,113,123.73,13991.7,117080.57,False
ATM005,2024-06-13,137,120.9,16518.96,100561.61,False
ATM005,2024-06-14,175,131.04,22993.35,77568.26,False
ATM005,2024-06-15,188,126.48,23762.77,53805.49,False
ATM005,2024-06-16,118,124.85,14777.12,39028.36,False
ATM005,2024-06-17,122,121.93,14851.69,130148.31,True
ATM005,2024-06-18,127,123.78,15719.56,114428.75,False
ATM005,2024-06-19,119,123.59,14693.43,99735.32,False
ATM005,2024-06-20,119,120.76,14336.52,85398.8,False
ATM005,2024-06-21,205,117.09,24031.01,61367.79,False
ATM005,2024-06-22,189,123.5,23308.32,38059.47,False
ATM005,2024-06-23,158,127.88,20238.65,124761.35,True
ATM005,2024-06-24,112,129.89,14600.04,110161.3,False
ATM005,2024-06-25,107,128.78,13837.31,96324.0,False
ATM005,2024-06-26,105,129.02,13527.2,82796.8,False
ATM005,2024-06-27,132,121.14,15935.64,66861.16,False
ATM005,2024-06-28,176,126.04,22128.55,44732.61,False
ATM005,2024-06-29,187,127.08,23755.64,121244.36,True
ATM005,2024-06-30,135,127.33,17196.94,104047.42,False
ATM005,2024-07-01,125,124.77,15658.0,88389.42,False
ATM005,2024-07-02,113,125.57,14130.11,74259.31,False
ATM005,2024-07-03,116,132.73,15461.32,58797.99,False
ATM005,2024-07-04,136,128.66,17509.56,41288.44,False
ATM005,2024-07-05,220,126.93,27889.89,117110.11,True
ATM005,2024-07-06,199,127.64,25441.4,91668.71,False
ATM005,2024-07-07,135,123.34,16691.73,74976.99,False
ATM005,2024-07-08,115,127.43,14652.26,60324.73,False
ATM005,2024-07-09,115,125.52,14396.89,45927.84,False
ATM005,2024-07-10,125,128.24,16053.8,29874.04,False
ATM005,2024-07-11,132,122.49,16210.63,128789.37,True
ATM005,2024-07-12,190,127.9,24325.8,104463.57,False
ATM005,2024-07-13,177,123.83,21977.4,82486.17,False
ATM005,2024-07-14,142,127.92,18122.0,64364.17,False
ATM005,2024-07-15,128,126.06,16179.31,48184.85,False
ATM005,2024-07-16,121,125.24,15182.93,33001.92,False
ATM005,2024-07-17,114,124.02,14191.65,130808.35,True
ATM005,2024-07-18,131,124.87,16416.99,114391.36,False
ATM005,2024-07-19,159,123.51,19689.36,94702.0,False
ATM005,2024-07-20,199,123.94,24689.72,70012.28,False
ATM005,2024-07-21,139,126.83,17606.41,52405.86,False
ATM005,2024-07-22,118,118.89,14076.4,38329.47,False
ATM005,2024-07-23,111,127.87,14222.6,130777.4,True
ATM005,2024-07-24,131,127.93,16742.53,114034.86,False
ATM005,2024-07-25,119,124.13,14793.81,99241.05,False
ATM005,2024-07-26,182,125.67,22874.73,76366.32,False
ATM005,2024-07-27,210,121.56,25538.93,50827.39,False
ATM005,2024-07-28,142,126.58,17994.87,32832.52,False
ATM005,2024-07-29,132,121.98,16083.97,128916.03,True
ATM005,2024-07-30,124,114.86,14225.6,114690.42,False
ATM005,2024-07-31,116,123.03,14243.79,100446.63,False
ATM005,2024-08-01,122,125.62,15265.82,85180.81,False
ATM005,2024-08-02,192,116.53,22379.66,62801.15,False
ATM005,2024-08-03,205,121.52,24966.58,37834.57,False
ATM005,2024-08-04,154,120.19,18532.74,126467.26,True
ATM005,2024-08-05,123,123.94,15212.64,111254.61,False
ATM005,2024-08-06,119,125.47,14886.01,96368.61,False
ATM005,2024-08-07,123,119.24,14613.74,81754.87,False
ATM005,2024-08-08,120,122.81,14784.55,66970.32,False
ATM005,2024-08-09,183,122.72,22454.45,44515.86,False
ATM005,2024-08-10,207,123.95,25692.97,119307.03,True
ATM005,2024-08-11,135,123.96,16743.16,102563.87,False
ATM005,2024-08-12,122,126.22,15422.64,87141.23,False
ATM005,2024-08-13,136,122.49,16621.4,70519.83,False
ATM005,2024-08-14,117,126.6,14800.78,55719.05,False
ATM005,2024-08-15,133,123.12,16368.32,39350.72,False
ATM005,2024-08-16,164,123.08,20158.39,124841.61,True
ATM005,2024-08-17,192,118.53,22812.15,102029.46,False
ATM005,2024-08-18,140,121.07,16942.81,85086.65,False
ATM005,2024-08-19,124,127.25,15813.93,69272.72,False
ATM005,2024-08-20,110,124.02,13679.97,55592.75,False
ATM005,2024-08-21,106,123.15,13062.52,42530.23,False
ATM005,2024-08-22,132,128.09,16859.53,128140.47,True
ATM005,2024-08-23,166,128.94,21373.57,106766.9,False
ATM005,2024-08-24,184,120.32,22117.17,84649.73,False
ATM005,2024-08-25,143,131.27,18825.59,65824.14,False
ATM005,2024-08-26,126,124.85,15714.23,50109.91,False
ATM005,2024-08-27,106,117.42,12497.66,37612.25,False
ATM005,2024-08-28,121,123.66,15012.49,129987.51,True
ATM005,2024-08-29,121,125.25,15173.93,114813.58,False
ATM005,2024-08-30,176,128.54,22649.27,92164.31,False
ATM005,2024-08-31,192,129.61,24829.06,67335.25,False
ATM005,2024-09-01,144,124.57,17923.28,49411.97,False
ATM005,2024-09-02,135,121.33,16354.91,33057.06,False
ATM005,2024-09-03,140,126.41,17746.99,127253.01,True
ATM005,2024-09-04,120,126.97,15279.04,111973.98,False
ATM005,2024-09-05,146,127.97,18697.45,93276.53,False
ATM005,2024-09-06,154,130.26,20079.8,73196.73,False
ATM005,2024-09-07,191,125.4,24012.87,49183.86,False
ATM005,2024-09-08,129,126.97,16378.89,32804.97,False
ATM005,2024-09-09,116,125.38,14504.08,130495.92,True
ATM005,2024-09-10,108,132.22,14286.53,116209.38,False
ATM005,2024-09-11,137,125.17,17091.51,99117.87,False
ATM005,2024-09-12,133,123.6,16468.77,82649.1,False
ATM005,2024-09-13,196,123.77,24276.02,58373.08,False
ATM005,2024-09-14,186,128.67,23878.03,34495.05,False
ATM005,2024-09-15,138,124.86,17250.82,127749.18,True
ATM005,2024-09-16,106,127.64,13590.01,114159.17,False
ATM005,2024-09-17,131,127.7,16694.26,97464.91,False
ATM005,2024-09-18,135,121.83,16480.03,80984.87,False
ATM005,2024-09-19,137,121.46,16668.66,64316.22,False
ATM005,2024-09-20,173,127.9,22112.1,42204.12,False
ATM005,2024-09-21,207,119.7,24768.68,120231.32,True
ATM005,2024-09-22,136,119.82,16337.92,103893.4,False
ATM005,2024-09-23,118,132.74,15712.05,88181.35,False
ATM005,2024-09-24,136,117.89,16031.84,72149.51,False
ATM005,2024-09-25,128,128.51,16433.12,55716.39,False
ATM005,2024-09-26,119,123.86,14714.25,41002.14,False
ATM005,2024-09-27,191,127.06,24258.21,120741.79,True
ATM005,2024-09-28,176,127.29,22439.34,98302.45,False
ATM005,2024-09-29,124,124.16,15423.86,82878.58,False
ATM005,2024-09-30,131,125.07,16439.44,66439.14,False
ATM005,2024-10-01,110,128.34,14073.29,52365.85,False
ATM005,2024-10-02,123,129.91,15927.65,36438.21,False
ATM005,2024-10-03,135,129.06,17429.97,127570.03,True
ATM005,2024-10-04,188,126.0,23650.21,103919.81,False
ATM005,2024-10-05,199,124.11,24747.34,79172.47,False
ATM005,2024-10-06,136,121.42,16455.75,62716.72,False
ATM005,2024-10-07,118,125.91,14883.98,47832.74,False
ATM005,2024-10-08,129,124.84,16120.01,31712.73,False
ATM005,2024-10-09,124,129.05,15959.7,129040.3,True
ATM005,2024-10-10,127,127.23,16131.7,112908.6,False
ATM005,2024-10-11,170,129.96,22087.71,90820.88,False
ATM005,2024-10-12,213,120.54,25712.1,65108.79,False
ATM005,2024-10-13,138,131.18,18116.94,46991.85,False
ATM005,2024-10-14,118,126.68,14989.35,32002.49,False
ATM005,2024-10-15,125,121.11,15141.15,129858.85,True
ATM005,2024-10-16,129,119.77,15418.58,114440.27,False
ATM005,2024-10-17,122,129.03,15692.67,98747.6,False
ATM005,2024-10-18,186,123.86,23035.61,75711.99,False
ATM005,2024-10-19,203,124.77,25373.49,50338.5,False
ATM005,2024-10-20,141,127.46,17929.03,32409.47,False
ATM005,2024-10-21,115,125.15,14427.13,130572.87,True
ATM005,2024-10-22,120,119.05,14258.39,116314.48,False
ATM005,2024-10-23,107,130.88,13948.78,102365.7,False
ATM005,2024-10-24,140,120.04,16842.71,85522.99,False
ATM005,2024-10-25,162,124.58,20170.95,65352.03,False
ATM005,2024-10-26,221,124.3,27432.7,37919.34,False
ATM005,2024-10-27,155,126.32,19629.45,125370.55,True
ATM005,2024-10-28,131,119.99,15689.85,109680.71,False
ATM005,2024-10-29,126,123.74,15561.98,94118.72,False
ATM005,2024-10-30,130,121.95,15803.64,78315.08,False
ATM005,2024-10-31,131,126.32,16599.64,61715.45,False
ATM005,2024-11-01,207,126.52,26227.29,35488.15,False
ATM005,2024-11-02,232,122.57,28483.34,116516.66,True
ATM005,2024-11-03,183,128.93,23651.8,92864.87,False
ATM005,2024-11-04,134,127.13,16984.15,75880.72,False
ATM005,2024-11-05,135,120.56,16325.55,59555.17,False
ATM005,2024-11-06,159,118.61,18872.48,40682.69,False
ATM005,2024-11-07,166,124.05,20643.11,20039.58,False
ATM005,2024-11-08,206,126.54,26121.92,118878.08,True
ATM005,2024-11-09,248,121.9,30224.44,88653.64,False
ATM005,2024-11-10,177,125.43,22226.74,66426.9,False
ATM005,2024-11-11,132,124.36,16405.51,50021.4,False
ATM005,2024-11-12,144,131.29,18942.51,31078.89,False
ATM005,2024-11-13,153,120.54,18459.01,12619.88,False
ATM005,2024-11-14,156,128.19,20022.25,124977.75,True
ATM005,2024-11-15,218,127.94,27893.19,97084.56,False
ATM005,2024-11-16,239,124.73,29766.85,67317.71,False
ATM005,2024-11-17,172,117.88,20256.37,47061.33,False
ATM005,2024-11-18,146,125.7,18344.24,28717.09,False
ATM005,2024-11-19,149,119.98,17881.19,10835.9,False
ATM005,2024-11-20,138,132.7,18365.78,126634.22,True
ATM005,2024-11-21,156,124.77,19452.85,107181.37,False
ATM005,2024-11-22,204,132.62,27091.31,80090.06,False
ATM005,2024-11-23,215,125.76,27012.82,53077.24,False
ATM005,2024-11-24,163,122.95,19986.94,33090.29,False
ATM005,2024-11-25,137,130.05,17851.18,15239.12,False
ATM005,2024-11-26,154,126.68,19507.29,125492.71,True
ATM005,2024-11-27,127,134.35,17098.26,108394.45,False
ATM005,2024-11-28,153,122.86,18775.88,89618.58,False
ATM005,2024-11-29,180,130.24,23414.06,66204.51,False
ATM005,2024-11-30,232,134.07,31054.51,35150.0,False
ATM005,2024-12-01,147,130.47,19178.48,15971.52,False
ATM005,2024-12-02,141,128.02,18001.41,126998.59,True
ATM005,2024-12-03,117,130.51,15323.3,111675.29,False
ATM005,2024-12-04,149,124.85,18548.6,93126.69,False
ATM005,2024-12-05,166,122.13,20239.98,72886.71,False
ATM005,2024-12-06,207,123.26,25457.8,47428.91,False
ATM005,2024-12-07,199,128.23,25489.74,21939.17,False
ATM005,2024-12-08,188,122.37,22976.38,122023.62,True
ATM005,2024-12-09,148,124.0,18355.24,103668.38,False
ATM005,2024-12-10,143,122.65,17596.46,86071.91,False
ATM005,2024-12-11,128,128.95,16502.28,69569.64,False
ATM005,2024-12-12,145,132.58,19260.01,50309.63,False
ATM005,2024-12-13,219,121.53,26597.7,23711.93,False
ATM005,2024-12-14,248,127.37,31621.99,113378.01,True
ATM005,2024-12-15,172,129.46,22240.98,91137.03,False
ATM005,2024-12-16,137,124.52,17113.11,74023.92,False
ATM005,2024-12-17,141,120.16,16991.57,57032.35,False
ATM005,2024-12-18,133,130.01,17234.05,39798.3,False
ATM005,2024-12-19,164,119.95,19670.41,20127.89,False
ATM005,2024-12-20,181,131.24,23775.94,121224.06,True
ATM005,2024-12-21,235,122.57,28836.58,92387.48,False
ATM005,2024-12-22,174,119.46,20736.09,71651.39,False
ATM005,2024-12-23,160,123.53,19789.62,51861.77,False
ATM005,2024-12-24,151,125.19,18924.11,32937.66,False
ATM005,2024-12-25,154,125.96,19402.57,13535.09,False
ATM005,2024-12-26,161,127.7,20537.0,124463.0,True
ATM005,2024-12-27,219,126.3,27693.93,96769.07,False
ATM005,2024-12-28,216,132.18,28550.3,68218.77,False
ATM005,2024-12-29,159,125.02,19837.41,48381.36,False
ATM005,2024-12-30,142,126.51,17931.93,30449.43,False
ATM005,2024-12-31,132,126.18,16687.43,13762.0,False
ATM006,2024-01-01,140,104.78,14668.97,125331.03,False
ATM006,2024-01-02,134,106.37,14259.17,111071.86,False
ATM006,2024-01-03,117,110.45,12883.45,127116.55,True
ATM006,2024-01-04,148,111.74,16587.78,110528.76,False
ATM006,2024-01-05,221,103.62,22857.92,87670.85,False
ATM006,2024-01-06,188,116.51,21861.09,65809.75,False
ATM006,2024-01-07,145,112.02,16277.17,49532.59,False
ATM006,2024-01-08,128,110.26,14146.51,35386.08,False
ATM006,2024-01-09,122,111.85,13631.78,21754.3,False
ATM006,2024-01-10,135,108.52,14686.45,125313.55,True
ATM006,2024-01-11,134,110.88,14894.66,110418.9,False
ATM006,2024-01-12,181,111.41,20180.27,90238.63,False
ATM006,2024-01-13,252,114.46,28899.77,61338.86,False
ATM006,2024-01-14,168,109.72,18418.44,42920.42,False
ATM006,2024-01-15,123,105.64,12959.65,29960.77,False
ATM006,2024-01-16,145,107.39,15588.4,14372.37,False
ATM006,2024-01-17,127,109.45,13851.63,126148.37,True
ATM006,2024-01-18,140,105.95,14882.28,111266.08,False
ATM006,2024-01-19,204,107.06,21890.71,89375.37,False
ATM006,2024-01-20,213,107.42,22830.75,66544.62,False
ATM006,2024-01-21,166,109.23,18167.48,48377.14,False
ATM006,2024-01-22,131,111.97,14658.99,33718.16,False
ATM006,2024-01-23,129,109.08,14108.66,19609.5,False
ATM006,2024-01-24,134,112.21,15033.52,124966.48,True
ATM006,2024-01-25,144,110.27,15866.65,109099.83,False
ATM006,2024-01-26,194,107.16,20798.28,88301.55,False
ATM006,2024-01-27,228,111.47,25376.41,62925.14,False
ATM006,2024-01-28,163,110.93,18082.4,44842.74,False
ATM006,2024-01-29,133,112.3,14891.46,29951.29,False
ATM006,2024-01-30,135,113.01,15213.59,14737.69,False
ATM006,2024-01-31,126,114.58,14444.25,125555.75,True
ATM006,2024-02-01,132,112.09,14808.43,110747.32,False
ATM006,2024-02-02,184,110.82,20369.36,90377.96,False
ATM006,2024-02-03,185,112.31,20762.88,69615.08,False
ATM006,2024-02-04,179,108.76,19432.14,50182.94,False
ATM006,2024-02-05,125,108.53,13561.2,36621.74,False
ATM006,2024-02-06,109,115.1,12519.16,24102.58,False
ATM006,2024-02-07,116,108.44,12615.58,127384.42,True
ATM006,2024-02-08,121,107.5,13040.76,114343.66,False
ATM006,2024-02-09,158,112.08,17720.06,96623.6,False
ATM006,2024-02-10,244,108.79,26593.01,70030.59,False
ATM006,2024-02-11,125,112.97,14169.4,55861.19,False
ATM006,2024-02-12,112,114.29,12824.52,43036.67,False
ATM006,2024-02-13,118,107.92,12700.98,30335.69,False
ATM006,2024-02-14,116,112.5,13060.39,126939.61,True
ATM006,2024-02-15,167,108.36,18072.59,108867.02,False
ATM006,2024-02-16,235,105.8,24815.76,115184.24,True
ATM006,2024-02-17,272,104.1,28320.15,86864.09,False
ATM006,2024-02-18,173,112.51,19448.72,67415.38,False
ATM006,2024-02-19,155,111.95,17366.94,50048.44,False
ATM006,2024-02-20,143,113.86,16248.16,123751.84,True
ATM006,2024-02-21,159,111.47,17776.57,105975.27,False
ATM006,2024-02-22,174,112.48,19594.41,86380.86,False
ATM006,2024-02-23,231,105.57,24401.26,61979.6,False
ATM006,2024-02-24,254,111.8,28366.43,111633.57,True
ATM006,2024-02-25,203,106.91,21654.27,89979.3,False
ATM006,2024-02-26,143,111.52,15957.12,74022.18,False
ATM006,2024-02-27,157,103.78,16241.2,57780.98,False
ATM006,2024-02-28,165,103.89,17105.67,122894.33,True
ATM006,2024-02-29,150,114.46,17186.91,105707.42,False
ATM006,2024-03-01,270,105.99,28592.34,77115.08,False
ATM006,2024-03-02,244,110.14,26916.08,50199.0,False
ATM006,2024-03-03,210,108.37,22727.04,117272.96,True
ATM006,2024-03-04,143,115.11,16444.21,100828.75,False
ATM006,2024-03-05,141,112.38,15899.66,84929.09,False
ATM006,2024-03-06,137,109.43,15025.55,69903.54,False
ATM006,2024-03-07,153,106.52,16348.63,123651.37,True
ATM006,2024-03-08,243,109.84,26686.06,96965.31,False
ATM006,2024-03-09,250,107.53,26935.47,70029.84,False
ATM006,2024-03-10,178,110.99,19755.34,50274.51,False
ATM006,2024-03-11,180,101.34,18213.43,121786.57,True
ATM006,2024-03-12,139,110.53,15399.11,106387.46,False
ATM006,2024-03-13,149,111.33,16547.45,89840.01,False
ATM006,2024-03-14,172,108.99,18709.73,71130.28,False
ATM006,2024-03-15,222,109.19,24252.45,115747.55,True
ATM006,2024-03-16,220,107.58,23690.67,92056.88,False
ATM006,2024-03-17,143,110.61,15853.04,76203.84,False
ATM006,2024-03-18,138,109.01,15051.35,61152.49,False
ATM006,2024-03-19,121,114.07,13853.5,47298.99,False
ATM006,2024-03-20,120,109.3,13165.21,126834.79,True
ATM006,2024-03-21,130,109.16,14241.65,112593.14,False
ATM006,2024-03-22,191,110.76,21201.72,91391.42,False
ATM006,2024-03-23,209,106.29,22223.27,69168.16,False
ATM006,2024-03-24,127,117.07,14880.23,54287.93,False
ATM006,2024-03-25,124,107.44,13327.05,40960.88,False
ATM006,2024-03-26,129,110.93,14319.16,26641.72,False
ATM006,2024-03-27,126,109.54,13770.26,126229.74,True
ATM006,2024-03-28,130,109.44,14252.0,111977.74,False
ATM006,2024-03-29,165,109.71,18128.65,93849.08,False
ATM006,2024-03-30,192,116.11,22317.96,71531.12,False
ATM006,2024-03-31,157,102.3,16019.04,55512.08,False
ATM006,2024-04-01,124,119.04,14746.04,40766.04,False
ATM006,2024-04-02,141,107.32,15140.56,25625.49,False
ATM006,2024-04-03,141,107.55,15161.03,124838.97,True
ATM006,2024-04-04,134,108.85,14581.42,110257.55,False
ATM006,2024-04-05,213,103.82,22109.39,88148.16,False
ATM006,2024-04-06,202,110.03,22187.71,65960.45,False
ATM006,2024-04-07,153,111.3,17021.82,48938.63,False
ATM006,2024-04-08,121,112.36,13633.46,35305.18,False
ATM006,2024-04-09,114,115.42,13116.47,22188.71,False
ATM006,2024-04-10,121,106.39,12900.26,127099.74,True
ATM006,2024-04-11,143,115.49,16506.11,110593.63,False
ATM006,2024-04-12,201,111.86,22458.04,88135.59,False
ATM006,2024-04-13,226,106.61,24075.8,64059.79,False
ATM006,2024-04-14,160,106.0,16924.43,47135.35,False
ATM006,2024-04-15,122,111.33,13572.47,33562.88,False
ATM006,2024-04-16,119,111.05,13172.21,20390.67,False
ATM006,2024-04-17,120,110.98,13279.52,126720.48,True
ATM006,2024-04-18,135,114.64,15491.74,111228.74,False
ATM006,2024-04-19,197,114.08,22471.68,88757.06,False
ATM006,2024-04-20,207,110.19,22807.39,65949.67,False
ATM006,2024-04-21,151,108.64,16352.68,49596.99,False
ATM006,2024-04-22,135,107.6,14573.52,35023.47,False
ATM006,2024-04-23,124,105.34,13087.35,21936.12,False
ATM006,2024-04-24,116,106.51,12348.92,127651.08,True
ATM006,2024-04-25,160,104.72,16750.68,110900.4,False
ATM006,2024-04-26,172,115.91,19961.93,90938.47,False
ATM006,2024-04-27,207,111.06,22998.41,67940.06,False
ATM006,2024-04-28,163,112.19,18320.67,49619.38,False
ATM006,2024-04-29,122,109.24,13343.0,36276.39,False
ATM006,2024-04-30,108,118.07,12723.56,23552.83,False
ATM006,2024-05-01,111,106.54,11827.17,128172.83,True
ATM006,2024-05-02,129,105.06,13549.67,114623.16,False
ATM006,2024-05-03,186,117.99,21954.39,92668.77,False
ATM006,2024-05-04,200,105.64,21144.23,71524.54,False
ATM006,2024-05-05,125,109.19,13615.01,57909.53,False
ATM006,2024-05-06,122,107.85,13198.43,44711.1,False
ATM006,2024-05-07,118,111.3,13156.52,31554.58,False
ATM006,2024-05-08,124,108.96,13526.58,126473.42,True
ATM006,2024-05-09,120,112.2,13491.92,112981.5,False
ATM006,2024-05-10,177,112.93,19988.59,92992.92,False
ATM006,2024-05-11,219,105.31,23103.28,69889.63,False
ATM006,2024-05-12,134,107.51,14401.93,55487.7,False
ATM006,2024-05-13,111,112.49,12532.24,42955.46,False
ATM006,2024-05-14,117,113.63,13276.73,29678.73,False
ATM006,2024-05-15,123,110.69,13596.26,126403.74,True
ATM006,2024-05-16,142,111.55,15850.25,110553.49,False
ATM006,2024-05-17,175,114.89,20066.52,90486.97,False
ATM006,2024-05-18,202,109.0,22037.21,68449.77,False
ATM006,2024-05-19,134,112.32,15015.91,53433.86,False
ATM006,2024-05-20,134,109.83,14714.55,38719.31,False
ATM006,2024-05-21,137,103.5,14196.22,24523.09,False
ATM006,2024-05-22,120,109.87,13172.86,126827.14,True
ATM006,2024-05-23,118,117.87,13850.41,112976.73,False
ATM006,2024-05-24,183,108.65,19878.76,93097.96,False
ATM006,2024-05-25,212,103.39,21900.0,71197.96,False
ATM006,2024-05-26,133,113.24,15098.07,56099.89,False
ATM006,2024-05-27,120,107.26,12912.78,43187.11,False
ATM006,2024-05-28,124,114.42,14197.82,28989.3,False
ATM006,2024-05-29,126,108.5,13711.43,126288.57,True
ATM006,2024-05-30,134,107.35,14331.24,111957.33,False
ATM006,2024-05-31,175,106.55,18627.73,93329.6,False
ATM006,2024-06-01,196,106.59,20934.65,72394.95,False
ATM006,2024-06-02,129,110.72,14271.98,58122.97,False
ATM006,2024-06-03,119,115.61,13717.4,44405.57,False
ATM006,2024-06-04,111,110.98,12362.13,32043.44,False
ATM006,2024-06-05,124,109.16,13516.76,126483.24,True
ATM006,2024-06-06,136,112.56,15352.95,111130.29,False
ATM006,2024-06-07,187,109.16,20434.08,90696.2,False
ATM006,2024-06-08,202,105.49,21319.93,69376.27,False
ATM006,2024-06-09,139,107.95,15049.48,54326.79,False
ATM006,2024-06-10,112,111.45,12472.99,41853.8,False
ATM006,2024-06-11,132,107.0,14086.06,27767.75,False
ATM006,2024-06-12,127,106.59,13489.09,126510.91,True
ATM006,2024-06-13,132,107.72,14265.73,112245.18,False
ATM006,2024-06-14,193,107.76,20830.5,91414.68,False
ATM006,2024-06-15,215,109.19,23464.43,67950.25,False
ATM006,2024-06-16,144,105.86,15215.06,52735.19,False
ATM006,2024-06-17,122,112.95,13735.28,38999.91,False
ATM006,2024-06-18,112,117.39,13204.45,25795.46,False
ATM006,2024-06-19,134,108.99,14616.13,125383.87,True
ATM006,2024-06-20,128,111.55,14252.64,111131.22,False
ATM006,2024-06-21,165,113.85,18833.25,92297.97,False
ATM006,2024-06-22,202,110.85,22420.63,69877.34,False
ATM006,2024-06-23,144,115.69,16707.28,53170.06,False
ATM006,2024-06-24,125,109.63,13656.43,39513.63,False
ATM006,2024-06-25,127,113.19,14397.17,25116.46,False
ATM006,2024-06-26,118,110.02,12930.28,127069.72,True
ATM006,2024-06-27,133,111.19,14774.18,112295.54,False
ATM006,2024-06-28,173,104.91,18161.85,94133.68,False
ATM006,2024-06-29,192,106.82,20543.66,73590.03,False
ATM006,2024-06-30,136,112.09,15221.21,58368.81,False
ATM006,2024-07-01,121,110.65,13335.35,45033.46,False
ATM006,2024-07-02,110,108.48,11890.27,33143.2,False
ATM006,2024-07-03,123,111.96,13779.04,126220.96,True
ATM006,2024-07-04,125,110.53,13852.76,112368.2,False
ATM006,2024-07-05,212,109.94,23294.21,89073.99,False
ATM006,2024-07-06,190,109.43,20824.84,68249.16,False
ATM006,2024-07-07,146,109.5,16025.96,52223.19,False
ATM006,2024-07-08,128,105.24,13464.39,38758.8,False
ATM006,2024-07-09,111,109.51,12110.07,26648.73,False
ATM006,2024-07-10,121,108.13,13071.99,126928.01,True
ATM006,2024-07-11,131,110.2,14394.03,112533.98,False
ATM006,2024-07-12,194,109.67,21253.98,91280.0,False
ATM006,2024-07-13,208,108.21,22479.57,68800.43,False
ATM006,2024-07-14,149,111.24,16573.49,52226.94,False
ATM006,2024-07-15,128,112.35,14337.1,37889.84,False
ATM006,2024-07-16,123,109.68,13499.23,24390.61,False
ATM006,2024-07-17,119,113.51,13452.79,126547.21,True
ATM006,2024-07-18,129,107.93,13923.24,112623.97,False
ATM006,2024-07-19,182,111.37,20226.34,92397.64,False
ATM006,2024-07-20,188,109.75,20634.86,71762.77,False
ATM006,2024-07-21,154,102.69,15818.46,55944.31,False
ATM006,2024-07-22,121,109.48,13288.14,42656.17,False
ATM006,2024-07-23,112,114.67,12809.68,29846.49,False
ATM006,2024-07-24,113,107.28,12145.21,127854.79,True
ATM006,2024-07-25,112,108.41,12138.12,115716.67,False
ATM006,2024-07-26,179,108.32,19425.57,96291.1,False
ATM006,2024-07-27,209,112.84,23622.67,72668.43,False
ATM006,2024-07-28,147,108.78,16009.91,56658.52,False
ATM006,2024-07-29,132,109.93,14498.96,42159.57,False
ATM006,2024-07-30,117,104.34,12233.06,29926.5,False
ATM006,2024-07-31,114,112.49,12821.82,127178.18,True
ATM006,2024-08-01,155,110.2,17091.17,110087.0,False
ATM006,2024-08-02,178,106.09,18929.29,91157.71,False
ATM006,2024-08-03,218,104.18,22721.38,68436.33,False
ATM006,2024-08-04,147,112.7,16548.28,51888.06,False
ATM006,2024-08-05,127,109.28,13912.43,37975.62,False
ATM006,2024-08-06,122,110.56,13476.77,24498.86,False
ATM006,2024-08-07,108,116.11,12523.06,127476.94,True
ATM006,2024-08-08,126,112.56,14219.11,113257.83,False
ATM006,2024-08-09,148,114.21,16860.65,96397.18,False
ATM006,2024-08-10,220,110.1,24227.37,72169.81,False
ATM006,2024-08-11,148,111.84,16558.04,55611.77,False
ATM006,2024-08-12,115,111.81,12900.27,42711.5,False
ATM006,2024-08-13,113,107.99,12241.32,30470.17,False
ATM006,2024-08-14,126,113.22,14309.54,125690.46,True
ATM006,2024-08-15,129,107.58,13870.41,111820.04,False
ATM006,2024-08-16,170,112.42,19088.65,92731.4,False
ATM006,2024-08-17,183,111.18,20382.38,72349.02,False
ATM006,2024-08-18,153,109.71,16777.47,55571.55,False
ATM006,2024-08-19,133,109.0,14482.6,41088.95,False
ATM006,2024-08-20,120,106.78,12761.74,28327.21,False
ATM006,2024-08-21,132,107.47,14200.02,125799.98,True
ATM006,2024-08-22,136,109.76,14934.72,110865.27,False
ATM006,2024-08-23,172,107.99,18552.24,92313.03,False
ATM006,2024-08-24,218,110.67,24082.14,68230.89,False
ATM006,2024-08-25,134,111.01,14836.9,53393.99,False
ATM006,2024-08-26,110,121.4,13356.66,40037.32,False
ATM006,2024-08-27,122,108.74,13215.36,26821.96,False
ATM006,2024-08-28,141,103.92,14606.15,125393.85,True
ATM006,2024-08-29,126,116.58,14670.03,110723.82,False
ATM006,2024-08-30,190,104.28,19809.3,90914.52,False
ATM006,2024-08-31,185,114.8,21262.72,69651.8,False
ATM006,2024-09-01,152,107.23,16347.63,53304.17,False
ATM006,2024-09-02,119,108.15,12861.99,40442.19,False
ATM006,2024-09-03,116,114.42,13285.93,27156.26,False
ATM006,2024-09-04,128,111.5,14235.09,125764.91,True
ATM006,2024-09-05,126,105.62,13276.42,112488.49,False
ATM006,2024-09-06,196,105.56,20730.65,91757.84,False
ATM006,2024-09-07,194,111.0,21517.79,70240.06,False
ATM006,2024-09-08,138,106.62,14704.1,55535.96,False
ATM006,2024-09-09,120,111.66,13405.36,42130.6,False
ATM006,2024-09-10,125,112.0,13953.46,28177.14,False
ATM006,2024-09-11,124,107.54,13292.46,126707.54,True
ATM006,2024-09-12,125,108.31,13520.96,113186.59,False
ATM006,2024-09-13,185,111.11,20552.47,92634.12,False
ATM006,2024-09-14,176,107.41,18871.94,73762.18,False
ATM006,2024-09-15,157,110.26,17323.66,56438.51,False
ATM006,2024-09-16,104,117.77,12219.74,44218.77,False
ATM006,2024-09-17,116,111.27,12928.0,31290.77,False
ATM006,2024-09-18,125,108.79,13599.15,126400.85,True
ATM006,2024-09-19,118,117.0,13849.85,112551.0,False
ATM006,2024-09-20,190,112.71,21423.96,91127.04,False
ATM006,2024-09-21,213,106.69,22760.12,68366.93,False
ATM006,2024-09-22,162,107.22,17412.44,50954.49,False
ATM006,2024-09-23,132,104.59,13764.23,37190.25,False
ATM006,2024-09-24,101,111.05,11229.69,25960.56,False
ATM006,2024-09-25,121,103.44,12495.94,127504.06,True
ATM006,2024-09-26,129,117.0,15135.56,112368.5,False
ATM006,2024-09-27,202,109.15,22011.27,90357.23,False
ATM006,2024-09-28,194,112.93,21873.78,68483.45,False
ATM006,2024-09-29,158,108.87,17224.05,51259.4,False
ATM006,2024-09-30,122,110.99,13526.3,37733.1,False
ATM006,2024-10-01,123,109.56,13466.33,24266.76,False
ATM006,2024-10-02,114,114.55,13113.4,126886.6,True
ATM006,2024-10-03,142,111.58,15861.12,111025.48,False
ATM006,2024-10-04,207,108.72,22524.94,88500.54,False
ATM006,2024-10-05,219,111.79,24490.31,64010.23,False
ATM006,2024-10-06,189,106.06,20019.96,43990.27,False
ATM006,2024-10-07,115,111.38,12858.3,31131.97,False
ATM006,2024-10-08,114,116.44,13319.48,17812.49,False
ATM006,2024-10-09,112,112.99,12619.64,127380.36,True
ATM006,2024-10-10,141,112.33,15808.96,111571.4,False
ATM006,2024-10-11,163,114.65,18671.82,92899.57,False
ATM006,2024-10-12,213,111.98,23824.69,69074.89,False
ATM006,2024-10-13,146,110.75,16152.29,52922.59,False
ATM006,2024-10-14,120,112.11,13419.81,39502.79,False
ATM006,2024-10-15,121,107.2,12982.48,26520.31,False
ATM006,2024-10-16,114,107.52,12288.2,127711.8,True
ATM006,2024-10-17,135,109.91,14801.87,112909.93,False
ATM006,2024-10-18,182,111.65,20274.41,92635.52,False
ATM006,2024-10-19,182,114.84,20921.08,71714.45,False
ATM006,2024-10-20,144,108.57,15627.28,56087.17,False
ATM006,2024-10-21,134,103.94,13957.41,42129.76,False
ATM006,2024-10-22,108,113.24,12256.84,29872.92,False
ATM006,2024-10-23,103,113.69,11709.74,128290.26,True
ATM006,2024-10-24,149,108.78,16199.56,112090.7,False
ATM006,2024-10-25,179,113.69,20383.23,91707.47,False
ATM006,2024-10-26,187,112.86,21157.5,70549.98,False
ATM006,2024-10-27,140,108.42,15192.13,55357.85,False
ATM006,2024-10-28,115,111.13,12759.67,42598.18,False
ATM006,2024-10-29,128,109.39,14047.99,28550.19,False
ATM006,2024-10-30,114,106.43,12098.16,127901.84,True
ATM006,2024-10-31,129,116.09,14981.65,112920.19,False
ATM006,2024-11-01,223,108.72,24224.41,88695.78,False
ATM006,2024-11-02,249,109.21,27216.32,61479.46,False
ATM006,2024-11-03,171,106.84,18298.01,43181.45,False
ATM006,2024-11-04,173,101.62,17572.75,25608.71,False
ATM006,2024-11-05,149,108.47,16163.99,9444.72,False
ATM006,2024-11-06,131,115.58,15162.59,124837.41,True
ATM006,2024-11-07,152,107.76,16358.21,108479.2,False
ATM006,2024-11-08,210,111.37,23351.76,85127.45,False
ATM006,2024-11-09,239,104.81,25009.46,60117.99,False
ATM006,2024-11-10,155,114.23,17684.23,42433.76,False
ATM006,2024-11-11,144,111.49,16006.46,26427.3,False
ATM006,2024-11-12,139,107.82,15008.79,11418.51,False
ATM006,2024-11-13,160,109.38,17548.79,122451.21,True
ATM006,2024-11-14,147,113.62,16671.2,105780.01,False
ATM006,2024-11-15,207,108.04,22403.89,83376.12,False
ATM006,2024-11-16,235,110.0,25813.59,57562.52,False
ATM006,2024-11-17,164,116.9,19133.58,38428.94,False
ATM006,2024-11-18,160,102.15,16302.12,22126.82,False
ATM006,2024-11-19,142,110.13,15639.14,6487.68,False
ATM006,2024-11-20,141,110.81,15651.97,124348.03,True
ATM006,2024-11-21,156,109.83,17162.24,107185.8,False
ATM006,2024-11-22,227,108.21,24599.18,82586.62,False
ATM006,2024-11-23,201,119.98,24139.41,58447.21,False
ATM006,2024-11-24,162,110.33,17870.69,40576.51,False
ATM006,2024-11-25,130,110.38,14340.13,26236.39,False
ATM006,2024-11-26,132,108.54,14319.32,11917.06,False
ATM006,2024-11-27,150,111.56,16788.76,123211.24,True
ATM006,2024-11-28,172,104.16,17894.75,105316.49,False
ATM006,2024-11-29,253,106.07,26799.48,78517.01,False
ATM006,2024-11-30,253,113.37,28708.21,49808.79,False
ATM006,2024-12-01,183,107.18,19563.89,30244.9,False
ATM006,2024-12-02,148,108.45,16092.75,14152.15,False
ATM006,2024-12-03,130,109.18,14152.15,0.0,False
ATM006,2024-12-04,119,113.7,13529.23,126470.77,True
ATM006,2024-12-05,158,108.4,17099.37,109371.41,False
ATM006,2024-12-06,204,111.18,22659.45,86711.96,False
ATM006,2024-12-07,236,102.56,24230.71,62481.24,False
ATM006,2024-12-08,173,111.71,19332.18,43149.06,False
ATM006,2024-12-09,148,106.21,15701.93,27447.13,False
ATM006,2024-12-10,146,105.17,15381.44,12065.69,False
ATM006,2024-12-11,135,107.52,14521.77,125478.23,True
ATM006,2024-12-12,168,108.8,18243.24,107234.99,False
ATM006,2024-12-13,196,116.45,22838.53,84396.46,False
ATM006,2024-12-14,238,111.12,26439.43,57957.03,False
ATM006,2024-12-15,169,108.03,18309.01,39648.02,False
ATM006,2024-12-16,121,113.2,13663.24,25984.78,False
ATM006,2024-12-17,144,109.41,15773.28,10211.49,False
ATM006,2024-12-18,137,112.43,15455.26,124544.74,True
ATM006,2024-12-19,143,108.05,15423.45,109121.29,False
ATM006,2024-12-20,188,115.85,21764.03,87357.26,False
ATM006,2024-12-21,267,102.73,27425.68,59931.58,False
ATM006,2024-12-22,154,109.56,16899.92,43031.66,False
ATM006,2024-12-23,146,105.63,15404.92,27626.74,False
ATM006,2024-12-24,158,111.03,17515.2,10111.54,False
ATM006,2024-12-25,150,107.72,16131.8,123868.2,True
ATM006,2024-12-26,166,108.74,18088.53,105779.67,False
ATM006,2024-12-27,206,112.02,23103.08,82676.6,False
ATM006,2024-12-28,200,115.27,23015.18,59661.41,False
ATM006,2024-12-29,167,114.23,19030.43,40630.98,False
ATM006,2024-12-30,138,106.95,14768.23,25862.75,False
ATM006,2024-12-31,127,110.83,14091.94,11770.81,False
ATM007,2024-01-01,197,182.42,35978.48,199021.52,False
ATM007,2024-01-02,179,177.97,31908.28,167113.24,False
ATM007,2024-01-03,196,182.42,35691.35,199308.65,True
ATM007,2024-01-04,201,193.59,38957.89,160350.76,False
ATM007,2024-01-05,302,192.05,58054.72,102296.04,False
ATM007,2024-01-06,332,186.36,61875.94,40420.11,False
ATM007,2024-01-07,230,175.58,40420.11,0.0,False
ATM007,2024-01-08,215,184.25,39578.49,195421.51,True
ATM007,2024-01-09,200,180.83,36093.02,159328.49,False
ATM007,2024-01-10,196,180.19,35401.81,123926.67,False
ATM007,2024-01-11,239,186.73,44567.0,79359.67,False
ATM007,2024-01-12,311,192.54,59909.95,19449.72,False
ATM007,2024-01-13,368,189.25,69644.44,165355.56,True
ATM007,2024-01-14,249,181.14,45106.34,120249.22,False
ATM007,2024-01-15,177,189.04,33382.44,86866.78,False
ATM007,2024-01-16,196,177.28,34667.27,52199.51,False
ATM007,2024-01-17,200,176.71,35342.63,16856.88,False
ATM007,2024-01-18,232,175.81,40721.37,194278.63,True
ATM007,2024-01-19,324,187.1,60592.23,133686.4,False
ATM007,2024-01-20,387,189.71,73406.71,60279.69,False
ATM007,2024-01-21,255,189.54,48372.9,11906.78,False
ATM007,2024-01-22,66,179.66,11906.78,0.0,False
ATM007,2024-01-23,203,173.02,35063.84,199936.16,True
ATM007,2024-01-24,199,179.34,35719.65,164216.52,False
ATM007,2024-01-25,230,179.02,41164.05,123052.46,False
ATM007,2024-01-26,325,185.11,60150.29,62902.18,False
ATM007,2024-01-27,340,185.04,62902.18,0.0,False
ATM007,2024-01-28,257,183.63,47216.28,187783.72,True
ATM007,2024-01-29,174,187.25,32596.52,155187.2,False
ATM007,2024-01-30,180,198.7,35699.61,119487.58,False
ATM007,2024-01-31,187,183.51,34287.25,85200.33,False
ATM007,2024-02-01,185,186.18,34437.38,50762.96,False
ATM007,2024-02-02,285,184.7,52606.46,182393.54,True
ATM007,2024-02-03,335,181.58,60792.93,121600.61,False
ATM007,2024-02-04,249,187.99,46831.11,74769.5,False
ATM007,2024-02-05,171,183.25,31388.19,43381.31,False
ATM007,2024-02-06,197,180.47,35612.22,7769.09,False
ATM007,2024-02-07,177,180.84,32076.68,202923.32,True
ATM007,2024-02-08,214,189.92,40627.25,162296.07,False
ATM007,2024-02-09,260,187.84,48844.22,113451.85,False
ATM007,2024-02-10,315,182.13,57367.01,56084.84,False
ATM007,2024-02-11,246,187.16,46089.59,9995.25,False
ATM007,2024-02-12,173,184.77,31892.56,203107.44,True
ATM007,2024-02-13,166,186.27,30969.28,172138.16,False
ATM007,2024-02-14,174,181.44,31544.85,140593.3,False
ATM007,2024-02-15,307,179.17,55060.4,85532.9,False
ATM007,2024-02-16,393,183.22,71986.36,13546.54,False
ATM007,2024-02-17,483,179.99,86922.82,148077.18,True
ATM007,2024-02-18,315,179.62,56626.02,91451.16,False
ATM007,2024-02-19,247,177.38,43830.85,47620.3,False
ATM007,2024-02-20,229,173.05,39636.35,195363.65,True
ATM007,2024-02-21,239,182.22,43576.8,151786.85,False
ATM007,2024-02-22,231,191.03,44066.65,107720.2,False
ATM007,2024-02-23,337,189.42,63752.31,171247.69,True
ATM007,2024-02-24,377,193.89,73169.56,98078.13,False
ATM007,2024-02-25,350,179.41,62828.3,35249.83,False
ATM007,2024-02-26,213,188.36,40185.23,194814.77,True
ATM007,2024-02-27,219,184.06,40240.63,154574.14,False
ATM007,2024-02-28,259,180.84,46840.68,107733.45,False
ATM007,2024-02-29,259,190.3,49217.92,185782.08,True
ATM007,2024-03-01,402,184.11,73934.56,111847.53,False
ATM007,2024-03-02,429,175.35,75311.2,36536.32,False
ATM007,2024-03-03,296,186.77,55367.9,179632.1,True
ATM007,2024-03-04,229,185.42,42437.98,137194.13,False
ATM007,2024-03-05,247,178.41,44079.35,93114.78,False
ATM007,2024-03-06,227,186.05,42146.97,192853.03,True
ATM007,2024-03-07,241,192.94,46552.28,146300.75,False
ATM007,2024-03-08,399,186.61,74451.15,71849.6,False
ATM007,2024-03-09,493,176.68,87134.12,147865.88,True
ATM007,2024-03-10,319,187.03,59584.55,88281.34,False
ATM007,2024-03-11,215,186.67,40192.34,48088.99,False
ATM007,2024-03-12,201,188.83,37931.54,197068.46,True
ATM007,2024-03-13,247,186.51,46142.93,150925.53,False
ATM007,2024-03-14,239,179.63,42955.78,107969.75,False
ATM007,2024-03-15,393,185.12,72680.41,162319.59,True
ATM007,2024-03-16,243,191.9,46658.29,115661.31,False
ATM007,2024-03-17,245,180.45,44127.43,71533.88,False
ATM007,2024-03-18,186,181.24,33680.56,201319.44,True
ATM007,2024-03-19,153,186.99,28635.02,172684.42,False
ATM007,2024-03-20,183,194.01,35585.79,137098.63,False
ATM007,2024-03-21,196,187.57,36767.91,100330.72,False
ATM007,2024-03-22,304,178.02,54137.41,46193.31,False
ATM007,2024-03-23,326,180.93,58940.07,176059.93,True
ATM007,2024-03-24,243,183.74,44692.65,131367.29,False
ATM007,2024-03-25,175,185.66,32536.37,98830.92,False
ATM007,2024-03-26,130,185.99,24232.87,74598.05,False
ATM007,2024-03-27,175,187.47,32858.96,41739.09,False
ATM007,2024-03-28,183,194.11,35597.12,199402.88,True
ATM007,2024-03-29,279,187.43,52348.15,147054.73,False
ATM007,2024-03-30,324,187.01,60615.17,86439.56,False
ATM007,2024-03-31,239,171.47,41044.39,45395.17,False
ATM007,2024-04-01,183,189.22,34636.35,10758.82,False
ATM007,2024-04-02,176,189.45,33419.3,201580.7,True
ATM007,2024-04-03,188,192.15,36187.48,165393.22,False
ATM007,2024-04-04,213,187.6,40037.19,125356.04,False
ATM007,2024-04-05,313,193.33,60495.0,64861.03,False
ATM007,2024-04-06,312,182.46,56996.76,7864.28,False
ATM007,2024-04-07,273,193.58,52875.49,182124.51,True
ATM007,2024-04-08,199,183.38,36419.6,145704.91,False
ATM007,2024-04-09,190,189.82,36120.07,109584.84,False
ATM007,2024-04-10,187,186.83,34922.31,74662.53,False
ATM007,2024-04-11,227,195.49,44394.29,30268.25,False
ATM007,2024-04-12,332,185.24,61505.78,173494.22,True
ATM007,2024-04-13,340,188.09,63986.6,109507.62,False
ATM007,2024-04-14,266,186.05,49424.52,60083.09,False
ATM007,2024-04-15,173,192.2,33256.52,26826.58,False
ATM007,2024-04-16,147,182.6,26826.58,0.0,False
ATM007,2024-04-17,184,196.05,36058.18,198941.82,True
ATM007,2024-04-18,219,181.3,39681.54,159260.29,False
ATM007,2024-04-19,289,194.21,56181.73,103078.55,False
ATM007,2024-04-20,294,179.43,52751.63,50326.92,False
ATM007,2024-04-21,267,188.28,50326.92,0.0,False
ATM007,2024-04-22,179,184.77,33144.71,201855.29,True
ATM007,2024-04-23,181,189.7,34417.74,167437.55,False
ATM007,2024-04-24,218,187.16,40734.17,126703.38,False
ATM007,2024-04-25,208,189.37,39357.58,87345.8,False
ATM007,2024-04-26,310,179.26,55604.89,31740.91,False
ATM007,2024-04-27,322,176.31,56784.61,178215.39,True
ATM007,2024-04-28,262,178.46,46795.76,131419.63,False
ATM007,2024-04-29,205,178.34,36606.6,94813.02,False
ATM007,2024-04-30,153,179.21,27489.21,67323.81,False
ATM007,2024-05-01,167,181.64,30393.95,36929.86,False
ATM007,2024-05-02,220,181.59,39877.5,195122.5,True
ATM007,2024-05-03,295,184.89,54477.36,140645.14,False
ATM007,2024-05-04,311,180.36,56174.86,84470.27,False
ATM007,2024-05-05,241,180.75,43527.84,40942.43,False
ATM007,2024-05-06,173,183.69,31790.76,9151.68,False
ATM007,2024-05-07,148,190.51,28126.1,206873.9,True
ATM007,2024-05-08,177,182.51,32367.43,174506.47,False
ATM007,2024-05-09,196,184.53,36220.68,138285.79,False
ATM007,2024-05-10,260,185.39,48201.45,90084.34,False
ATM007,2024-05-11,300,179.76,53944.73,36139.61,False
ATM007,2024-05-12,213,183.01,39014.05,195985.95,True
ATM007,2024-05-13,180,181.14,32686.49,163299.46,False
ATM007,2024-05-14,189,189.92,35847.42,127452.04,False
ATM007,2024-05-15,182,189.41,34417.91,93034.13,False
ATM007,2024-05-16,226,180.63,40818.94,52215.19,False
ATM007,2024-05-17,235,182.52,42814.16,192185.84,True
ATM007,2024-05-18,315,185.84,58586.6,133599.24,False
ATM007,2024-05-19,232,192.33,44558.31,89040.93,False
ATM007,2024-05-20,170,189.43,32266.12,56774.8,False
ATM007,2024-05-21,157,178.92,28136.08,28638.73,False
ATM007,2024-05-22,190,185.56,35172.4,199827.6,True
ATM007,2024-05-23,189,181.55,34323.13,165504.46,False
ATM007,2024-05-24,270,181.07,48944.25,116560.21,False
ATM007,2024-05-25,292,176.67,51501.47,65058.74,False
ATM007,2024-05-26,237,181.71,43114.75,21943.99,False
ATM007,2024-05-27,182,186.63,33946.13,201053.87,True
ATM007,2024-05-28,169,180.88,30612.07,170441.8,False
ATM007,2024-05-29,167,187.0,31149.61,139292.18,False
ATM007,2024-05-30,204,184.48,37696.95,101595.23,False
ATM007,2024-05-31,299,185.04,55238.45,46356.78,False
ATM007,2024-06-01,327,182.28,59556.77,175443.23,True
ATM007,2024-06-02,206,186.49,38499.08,136944.15,False
ATM007,2024-06-03,176,188.19,33050.82,103893.32,False
ATM007,2024-06-04,169,183.07,30950.07,72943.26,False
ATM007,2024-06-05,158,188.06,29689.74,43253.51,False
ATM007,2024-06-06,203,181.89,36940.07,198059.93,True
ATM007,2024-06-07,307,180.1,55355.73,142704.19,False
ATM007,2024-06-08,279,194.08,54086.47,88617.72,False
ATM007,2024-06-09,254,183.01,46447.2,42170.52,False
ATM007,2024-06-10,172,185.86,32052.99,10117.53,False
ATM007,2024-06-11,138,179.97,24794.68,210205.32,True
ATM007,2024-06-12,171,183.02,31303.02,178902.3,False
ATM007,2024-06-13,191,191.27,36479.22,142423.08,False
ATM007,2024-06-14,280,179.13,50079.57,92343.51,False
ATM007,2024-06-15,315,183.19,57637.32,34706.19,False
ATM007,2024-06-16,236,183.38,43232.44,191767.56,True
ATM007,2024-06-17,213,172.56,36752.36,155015.2,False
ATM007,2024-06-18,158,184.98,29242.96,125772.25,False
ATM007,2024-06-19,157,189.99,29743.0,96029.24,False
ATM007,2024-06-20,205,184.73,37953.95,58075.29,False
ATM007,2024-06-21,273,184.38,50258.18,184741.82,True
ATM007,2024-06-22,303,184.57,55929.71,128812.11,False
ATM007,2024-06-23,231,186.4,43135.9,85676.21,False
ATM007,2024-06-24,186,178.17,33115.41,52560.8,False
ATM007,2024-06-25,159,175.3,27918.11,24642.69,False
ATM007,2024-06-26,179,186.39,33378.82,201621.18,True
ATM007,2024-06-27,210,177.07,37144.45,164476.73,False
ATM007,2024-06-28,320,181.62,58036.2,106440.53,False
ATM007,2024-06-29,300,189.74,57008.77,49431.76,False
ATM007,2024-06-30,224,181.97,40789.59,8642.17,False
ATM007,2024-07-01,158,200.86,31811.12,203188.88,True
ATM007,2024-07-02,158,193.92,30688.89,172499.99,False
ATM007,2024-07-03,183,187.04,34181.04,138318.95,False
ATM007,2024-07-04,175,190.88,33455.02,104863.93,False
ATM007,2024-07-05,238,193.88,46120.28,58743.65,False
ATM007,2024-07-06,336,170.29,57135.81,177864.19,True
ATM007,2024-07-07,226,188.63,42677.85,135186.34,False
ATM007,2024-07-08,164,188.97,30897.71,104288.62,False
ATM007,2024-07-09,159,177.75,28312.98,75975.64,False
ATM007,2024-07-10,169,185.18,31257.92,44717.73,False
ATM007,2024-07-11,182,191.81,34989.87,200010.13,True
ATM007,2024-07-12,258,186.74,48260.14,151749.98,False
ATM007,2024-07-13,321,176.36,56610.17,95139.81,False
ATM007,2024-07-14,215,185.07,39852.43,55287.38,False
ATM007,2024-07-15,192,188.21,36087.91,19199.47,False
ATM007,2024-07-16,159,167.74,26629.71,208370.29,True
ATM007,2024-07-17,179,184.47,33068.71,175301.57,False
ATM007,2024-07-18,216,180.11,38835.48,136466.1,False
ATM007,2024-07-19,277,189.7,52490.67,83975.43,False
ATM007,2024-07-20,299,182.64,54604.06,29371.36,False
ATM007,2024-07-21,233,188.01,43784.68,191215.32,True
ATM007,2024-07-22,165,190.41,31383.13,159832.19,False
ATM007,2024-07-23,164,177.63,29092.68,130739.51,False
ATM007,2024-07-24,199,181.64,36077.24,94662.28,False
ATM007,2024-07-25,187,184.63,34455.02,60207.26,False
ATM007,2024-07-26,281,182.85,51460.95,183539.05,True
ATM007,2024-07-27,305,184.78,56272.75,127266.3,False
ATM007,2024-07-28,257,171.92,44245.46,83020.84,False
ATM007,2024-07-29,195,184.18,35835.36,47185.48,False
ATM007,2024-07-30,176,177.35,31295.23,15890.25,False
ATM007,2024-07-31,168,181.27,30395.78,204604.22,True
ATM007,2024-08-01,219,181.75,39738.73,164865.49,False
ATM007,2024-08-02,298,181.39,54010.92,110854.57,False
ATM007,2024-08-03,297,183.64,54584.36,56270.21,False
ATM007,2024-08-04,274,174.51,47817.17,8453.05,False
ATM007,2024-08-05,164,174.19,28650.69,206349.31,True
ATM007,2024-08-06,154,180.5,27846.21,178503.1,False
ATM007,2024-08-07,155,180.93,28057.62,150445.49,False
ATM007,2024-08-08,174,179.35,31137.58,119307.9,False
ATM007,2024-08-09,298,187.24,55709.46,63598.44,False
ATM007,2024-08-10,318,179.43,57085.69,177914.31,True
ATM007,2024-08-11,220,178.68,39251.5,138662.81,False
ATM007,2024-08-12,165,189.82,31319.76,107343.05,False
ATM007,2024-08-13,170,188.5,32008.06,75334.99,False
ATM007,2024-08-14,161,185.14,29833.89,45501.11,False
ATM007,2024-08-15,191,183.88,35056.17,199943.83,True
ATM007,2024-08-16,337,175.22,59069.78,140874.05,False
ATM007,2024-08-17,289,191.73,55423.48,85450.57,False
ATM007,2024-08-18,217,181.43,39444.84,46005.73,False
ATM007,2024-08-19,165,183.76,30272.54,15733.19,False
ATM007,2024-08-20,143,188.3,26872.54,208127.46,True
ATM007,2024-08-21,175,187.82,32914.52,175212.93,False
ATM007,2024-08-22,182,185.48,33734.45,141478.49,False
ATM007,2024-08-23,263,183.15,48094.11,93384.38,False
ATM007,2024-08-24,353,185.53,65508.08,27876.3,False
ATM007,2024-08-25,216,186.0,40220.98,194779.02,True
ATM007,2024-08-26,160,178.35,28578.31,166200.71,False
ATM007,2024-08-27,153,182.53,27936.76,138263.95,False
ATM007,2024-08-28,178,188.21,33544.12,104719.83,False
ATM007,2024-08-29,208,178.9,37190.57,67529.25,False
ATM007,2024-08-30,264,186.51,49315.01,185684.99,True
ATM007,2024-08-31,294,183.46,53917.14,131767.85,False
ATM007,2024-09-01,246,183.06,45078.74,86689.12,False
ATM007,2024-09-02,165,193.84,31915.7,54773.42,False
ATM007,2024-09-03,155,191.55,29689.46,25083.96,False
ATM007,2024-09-04,185,176.86,32669.1,202330.9,True
ATM007,2024-09-05,184,180.37,33191.57,169139.32,False
ATM007,2024-09-06,261,184.5,48244.51,120894.81,False
ATM007,2024-09-07,306,191.97,58818.46,62076.35,False
ATM007,2024-09-08,245,182.53,44660.43,17415.92,False
ATM007,2024-09-09,146,185.39,27153.8,207846.2,True
ATM007,2024-09-10,162,186.02,30103.03,177743.17,False
ATM007,2024-09-11,190,191.89,36405.17,141338.0,False
ATM007,2024-09-12,211,179.66,37879.11,103458.89,False
ATM007,2024-09-13,268,184.47,49412.87,54046.02,False
ATM007,2024-09-14,284,187.78,53364.85,181635.15,True
ATM007,2024-09-15,250,178.96,44813.04,136822.11,False
ATM007,2024-09-16,184,185.57,34159.85,102662.26,False
ATM007,2024-09-17,144,184.72,26623.31,76038.95,False
ATM007,2024-09-18,168,190.4,32039.14,43999.81,False
ATM007,2024-09-19,185,189.6,35016.6,199983.4,True
ATM007,2024-09-20,292,177.7,51894.9,148088.5,False
ATM007,2024-09-21,267,191.23,51027.72,97060.78,False
ATM007,2024-09-22,254,186.79,47523.98,49536.8,False
ATM007,2024-09-23,183,190.86,34882.08,14654.72,False
ATM007,2024-09-24,175,179.94,31521.7,203478.3,True
ATM007,2024-09-25,189,187.98,35462.43,168015.87,False
ATM007,2024-09-26,192,181.29,34898.26,133117.62,False
ATM007,2024-09-27,297,175.73,52148.5,80969.11,False
ATM007,2024-09-28,329,179.71,59169.6,21799.52,False
ATM007,2024-09-29,246,182.11,44856.03,190143.97,True
ATM007,2024-09-30,171,180.8,30838.52,159305.45,False
ATM007,2024-10-01,152,195.49,29711.55,129593.89,False
ATM007,2024-10-02,185,186.97,34612.95,94980.94,False
ATM007,2024-10-03,189,189.69,35790.23,59190.71,False
ATM007,2024-10-04,307,180.39,55435.41,179564.59,True
ATM007,2024-10-05,320,174.89,56036.88,123527.72,False
ATM007,2024-10-06,241,196.46,47282.14,76245.57,False
ATM007,2024-10-07,182,173.21,31591.23,44654.34,False
ATM007,2024-10-08,174,179.98,31357.22,13297.13,False
ATM007,2024-10-09,159,188.48,29989.26,205010.74,True
ATM007,2024-10-10,200,182.29,36498.25,168512.48,False
ATM007,2024-10-11,264,185.7,48942.6,119569.89,False
ATM007,2024-10-12,306,178.84,54749.5,64820.39,False
ATM007,2024-10-13,228,186.88,42701.59,22118.8,False
ATM007,2024-10-14,175,177.16,31025.41,203974.59,True
ATM007,2024-10-15,190,169.8,32202.9,171771.69,False
ATM007,2024-10-16,168,181.56,30448.24,141323.44,False
ATM007,2024-10-17,193,188.12,36227.49,105095.96,False
ATM007,2024-10-18,306,181.05,55422.97,49672.99,False
ATM007,2024-10-19,315,186.09,58703.04,176296.96,True
ATM007,2024-10-20,198,195.55,38772.37,137524.6,False
ATM007,2024-10-21,152,187.33,28404.84,109119.75,False
ATM007,2024-10-22,166,186.53,30880.33,78239.43,False
ATM007,2024-10-23,160,189.59,30345.66,47893.77,False
ATM007,2024-10-24,174,184.63,32143.81,202856.19,True
ATM007,2024-10-25,272,181.24,49237.19,153619.0,False
ATM007,2024-10-26,304,190.98,58058.03,95560.96,False
ATM007,2024-10-27,225,189.33,42669.64,52891.32,False
ATM007,2024-10-28,175,180.05,31524.21,21367.12,False
ATM007,2024-10-29,161,183.34,29511.07,205488.93,True
ATM007,2024-10-30,160,187.38,29919.42,175569.51,False
ATM007,2024-10-31,207,176.17,36447.43,139122.09,False
ATM007,2024-11-01,287,187.36,53840.62,85281.47,False
ATM007,2024-11-02,336,186.68,62794.98,172205.02,True
ATM007,2024-11-03,306,177.95,54472.46,117732.56,False
ATM007,2024-11-04,173,194.29,33581.68,84150.89,False
ATM007,2024-11-05,199,182.67,36341.0,47809.89,False
ATM007,2024-11-06,191,182.17,34723.35,200276.65,True
ATM007,2024-11-07,205,189.9,38924.35,161352.3,False
ATM007,2024-11-08,300,191.07,57240.54,104111.76,False
ATM007,2024-11-09,361,179.21,64644.38,39467.38,False
ATM007,2024-11-10,294,170.44,50058.33,184941.67,True
ATM007,2024-11-11,200,184.06,36757.21,148184.46,False
ATM007,2024-11-12,215,174.53,37564.84,110619.62,False
ATM007,2024-11-13,212,189.55,40210.13,70409.49,False
ATM007,2024-11-14,250,184.71,46182.6,188817.4,True
ATM007,2024-11-15,367,176.83,64884.44,123932.96,False
ATM007,2024-11-16,387,180.72,69885.52,54047.44,False
ATM007,2024-11-17,257,178.76,45944.39,8103.05,False
ATM007,2024-11-18,206,180.43,37083.62,197916.38,True
ATM007,2024-11-19,208,174.96,36403.38,161513.0,False
ATM007,2024-11-20,166,192.62,31941.03,129571.96,False
ATM007,2024-11-21,252,179.18,45070.42,84501.55,False
ATM007,2024-11-22,317,190.66,60426.34,174573.66,True
ATM007,2024-11-23,368,185.82,68462.71,106110.95,False
ATM007,2024-11-24,308,180.94,55683.88,50427.07,False
ATM007,2024-11-25,201,184.9,37150.26,13276.81,False
ATM007,2024-11-26,190,182.84,34786.98,200213.02,True
ATM007,2024-11-27,201,185.19,37258.83,162954.19,False
ATM007,2024-11-28,208,189.45,39313.58,123640.6,False
ATM007,2024-11-29,307,183.79,56446.2,67194.4,False
ATM007,2024-11-30,348,186.99,65122.85,169877.15,True
ATM007,2024-12-01,234,189.94,44464.57,125412.58,False
ATM007,2024-12-02,184,191.77,35353.56,90059.02,False
ATM007,2024-12-03,186,184.73,34290.38,55768.64,False
ATM007,2024-12-04,231,183.46,42383.25,192616.75,True
ATM007,2024-12-05,249,185.22,46139.97,146476.78,False
ATM007,2024-12-06,336,185.39,62222.35,84254.43,False
ATM007,2024-12-07,389,181.2,70548.1,13706.32,False
ATM007,2024-12-08,265,181.46,48141.6,186858.4,True
ATM007,2024-12-09,203,183.77,37328.91,149529.5,False
ATM007,2024-12-10,194,192.24,37265.05,112264.45,False
ATM007,2024-12-11,191,180.93,34621.66,77642.79,False
ATM007,2024-12-12,195,196.27,38260.7,196739.3,True
ATM007,2024-12-13,329,187.66,61741.84,134997.46,False
ATM007,2024-12-14,327,184.99,60529.48,74467.97,False
ATM007,2024-12-15,291,183.6,53446.3,21021.68,False
ATM007,2024-12-16,202,197.83,39968.34,195031.66,True
ATM007,2024-12-17,185,179.33,33183.15,161848.51,False
ATM007,2024-12-18,180,193.91,34860.19,126988.33,False
ATM007,2024-12-19,247,184.25,45509.67,81478.65,False
ATM007,2024-12-20,336,180.47,60593.9,174406.1,True
ATM007,2024-12-21,387,182.89,70756.69,103649.41,False
ATM007,2024-12-22,269,188.38,50644.19,53005.22,False
ATM007,2024-12-23,199,183.7,36584.65,16420.57,False
ATM007,2024-12-24,187,189.41,35483.82,199516.18,True
ATM007,2024-12-25,221,188.25,41597.61,157918.57,False
ATM007,2024-12-26,243,183.89,44754.5,113164.07,False
ATM007,2024-12-27,305,188.63,57517.49,55646.57,False
ATM007,2024-12-28,380,177.1,67284.64,167715.36,True
ATM007,2024-12-29,273,184.54,50403.73,117311.63,False
ATM007,2024-12-30,185,193.22,35768.09,81543.54,False
ATM007,2024-12-31,190,192.62,36668.76,44874.78,False
ATM008,2024-01-01,197,185.45,36479.19,198520.81,False
ATM008,2024-01-02,173,185.07,32081.79,166439.03,False
ATM008,2024-01-03,202,177.41,35845.42,199154.58,True
ATM008,2024-01-04,215,183.21,39358.3,159796.27,False
ATM008,2024-01-05,320,187.56,60104.96,99691.31,False
ATM008,2024-01-06,329,187.6,61668.1,38023.22,False
ATM008,2024-01-07,225,169.07,38023.22,0.0,False
ATM008,2024-01-08,181,190.99,34617.97,200382.03,True
ATM008,2024-01-09,164,185.63,30451.16,169930.87,False
ATM008,2024-01-10,221,180.78,40015.64,129915.23,False
ATM008,2024-01-11,230,177.76,40879.32,89035.91,False
ATM008,2024-01-12,355,184.54,65434.85,23601.06,False
ATM008,2024-01-13,335,192.52,64439.25,170560.75,True
ATM008,2024-01-14,290,180.14,52187.72,118373.03,False
ATM008,2024-01-15,182,187.75,34226.24,84146.79,False
ATM008,2024-01-16,189,173.25,32791.26,51355.53,False
ATM008,2024-01-17,202,176.78,35679.46,15676.07,False
ATM008,2024-01-18,246,185.98,45769.3,189230.7,True
ATM008,2024-01-19,303,181.12,54805.28,134425.42,False
ATM008,2024-01-20,315,178.9,56272.23,78153.19,False
ATM008,2024-01-21,271,197.39,53500.25,24652.93,False
ATM008,2024-01-22,134,184.49,24652.93,0.0,False
ATM008,2024-01-23,185,179.69,33235.32,201764.68,True
ATM008,2024-01-24,225,183.95,41367.09,160397.59,False
ATM008,2024-01-25,246,192.73,47397.43,113000.16,False
ATM008,2024-01-26,285,181.3,51691.49,61308.67,False
ATM008,2024-01-27,332,184.56,61290.56,18.11,False
ATM008,2024-01-28,246,201.63,49616.42,185383.58,True
ATM008,2024-01-29,178,186.27,33211.5,152172.08,False
ATM008,2024-01-30,193,184.99,35766.29,116405.79,False
ATM008,2024-01-31,201,179.2,36089.96,80315.83,False
ATM008,2024-02-01,192,187.84,36121.91,44193.92,False
ATM008,2024-02-02,279,188.16,52407.65,182592.35,True
ATM008,2024-02-03,327,190.2,62197.41,120394.94,False
ATM008,2024-02-04,246,178.5,43925.99,76468.95,False
ATM008,2024-02-05,164,183.78,30122.53,46346.42,False
ATM008,2024-02-06,168,182.35,30584.28,15762.14,False
ATM008,2024-02-07,165,178.41,29422.88,205577.12,True
ATM008,2024-02-08,174,183.7,31940.13,173636.99,False
ATM008,2024-02-09,258,179.45,46212.21,127424.79,False
ATM008,2024-02-10,309,177.59,54809.17,72615.61,False
ATM008,2024-02-11,237,189.11,44884.75,27730.86,False
ATM008,2024-02-12,166,182.57,30229.37,204770.63,True
ATM008,2024-02-13,172,181.04,31200.75,173569.88,False
ATM008,2024-02-14,155,191.64,29739.69,143830.19,False
ATM008,2024-02-15,276,188.34,52026.87,91803.32,False
ATM008,2024-02-16,428,174.03,74540.1,17263.22,False
ATM008,2024-02-17,451,187.18,84488.95,150511.05,True
ATM008,2024-02-18,342,187.15,63987.76,86523.29,False
ATM008,2024-02-19,234,183.47,42996.56,43526.73,False
ATM008,2024-02-20,229,183.27,42053.55,192946.45,True
ATM008,2024-02-21,258,176.2,45533.43,147413.03,False
ATM008,2024-02-22,240,196.35,47085.11,100327.91,False
ATM008,2024-02-23,364,183.68,66867.73,168132.27,True
ATM008,2024-02-24,387,186.86,72245.61,95886.66,False
ATM008,2024-02-25,308,183.97,56622.05,39264.6,False
ATM008,2024-02-26,251,181.12,45472.88,189527.12,True
ATM008,2024-02-27,228,189.56,43312.72,146214.4,False
ATM008,2024-02-28,248,185.78,46133.64,100080.76,False
ATM008,2024-02-29,322,190.85,61359.83,173640.17,True
ATM008,2024-03-01,397,180.14,71470.41,102169.76,False
ATM008,2024-03-02,396,192.92,76329.4,25840.36,False
ATM008,2024-03-03,348,193.2,67195.38,167804.62,True
ATM008,2024-03-04,254,178.03,45270.65,122533.97,False
ATM008,2024-03-05,238,178.11,42408.34,80125.63,False
ATM008,2024-03-06,207,186.33,38612.36,196387.64,True
ATM008,2024-03-07,267,190.01,50728.66,145658.98,False
ATM008,2024-03-08,385,187.95,72337.43,73321.55,False
ATM008,2024-03-09,389,184.42,71731.26,163268.74,True
ATM008,2024-03-10,309,173.88,53647.72,109621.02,False
ATM008,2024-03-11,250,180.82,45129.69,64491.33,False
ATM008,2024-03-12,228,191.15,43567.81,191432.19,True
ATM008,2024-03-13,218,188.28,41031.63,150400.56,False
ATM008,2024-03-14,267,174.76,46692.62,103707.94,False
ATM008,2024-03-15,386,182.39,70469.06,164530.94,True
ATM008,2024-03-16,279,195.96,54632.26,109898.68,False
ATM008,2024-03-17,210,187.12,39279.61,70619.07,False
ATM008,2024-03-18,154,190.04,29301.46,205698.54,True
ATM008,2024-03-19,164,187.11,30683.11,175015.43,False
ATM008,2024-03-20,163,180.75,29404.02,145611.41,False
ATM008,2024-03-21,196,194.83,38258.02,107353.39,False
ATM008,2024-03-22,294,180.02,52970.87,54382.52,False
ATM008,2024-03-23,291,198.47,57694.19,177305.81,True
ATM008,2024-03-24,228,193.11,44021.81,133284.01,False
ATM008,2024-03-25,161,184.77,29828.1,103455.91,False
ATM008,2024-03-26,168,187.21,31380.66,72075.25,False
ATM008,2024-03-27,165,180.51,29773.74,42301.52,False
ATM008,2024-03-28,201,191.61,38421.82,196578.18,True
ATM008,2024-03-29,292,195.01,56938.44,139639.74,False
ATM008,2024-03-30,310,183.27,56874.9,82764.85,False
ATM008,2024-03-31,254,188.96,48042.45,34722.4,False
ATM008,2024-04-01,186,179.26,33432.56,1289.84,False
ATM008,2024-04-02,193,184.02,35455.75,199544.25,True
ATM008,2024-04-03,187,190.95,35746.49,163797.76,False
ATM008,2024-04-04,224,192.38,43103.6,120694.16,False
ATM008,2024-04-05,274,186.41,51005.9,69688.27,False
ATM008,2024-04-06,382,176.53,67429.81,2258.46,False
ATM008,2024-04-07,264,180.34,47593.73,187406.27,True
ATM008,2024-04-08,185,194.03,35867.12,151539.15,False
ATM008,2024-04-09,219,180.48,39465.69,112073.46,False
ATM008,2024-04-10,198,188.1,37157.33,74916.13,False
ATM008,2024-04-11,224,187.21,41997.4,32918.73,False
ATM008,2024-04-12,307,194.37,59645.03,175354.97,True
ATM008,2024-04-13,387,179.12,69382.29,105972.68,False
ATM008,2024-04-14,277,189.95,52680.44,53292.24,False
ATM008,2024-04-15,191,191.28,36611.04,16681.2,False
ATM008,2024-04-16,90,186.11,16681.2,0.0,False
ATM008,2024-04-17,208,173.8,36117.91,198882.09,True
ATM008,2024-04-18,224,181.29,40643.79,158238.3,False
ATM008,2024-04-19,278,192.96,53736.77,104501.53,False
ATM008,2024-04-20,360,184.83,66536.69,37964.84,False
ATM008,2024-04-21,203,186.64,37964.84,0.0,False
ATM008,2024-04-22,213,180.41,38386.38,196613.62,True
ATM008,2024-04-23,180,189.82,34244.03,162369.59,False
ATM008,2024-04-24,169,184.68,31273.84,131095.75,False
ATM008,2024-04-25,215,184.26,39663.19,91432.56,False
ATM008,2024-04-26,303,185.76,56375.51,35057.05,False
ATM008,2024-04-27,401,183.2,73487.32,161512.68,True
ATM008,2024-04-28,259,196.07,50854.24,110658.43,False
ATM008,2024-04-29,177,195.07,34460.06,76198.37,False
ATM008,2024-04-30,176,194.89,34268.38,41930.0,False
ATM008,2024-05-01,177,186.7,33108.43,8821.57,False
ATM008,2024-05-02,197,181.54,35689.32,199310.68,True
ATM008,2024-05-03,271,189.98,51491.97,147818.71,False
ATM008,2024-05-04,307,183.24,56289.78,91528.93,False
ATM008,2024-05-05,225,190.51,42946.74,48582.19,False
ATM008,2024-05-06,189,181.3,34227.7,14354.49,False
ATM008,2024-05-07,153,187.11,28674.86,206325.14,True
ATM008,2024-05-08,183,191.36,34959.88,171365.26,False
ATM008,2024-05-09,179,183.53,32845.54,138519.72,False
ATM008,2024-05-10,262,183.52,47989.31,90530.41,False
ATM008,2024-05-11,356,177.1,63038.11,27492.3,False
ATM008,2024-05-12,216,180.4,39024.71,195975.29,True
ATM008,2024-05-13,170,188.45,32052.83,163922.46,False
ATM008,2024-05-14,162,191.53,30983.15,132939.31,False
ATM008,2024-05-15,145,191.6,27767.27,105172.04,False
ATM008,2024-05-16,186,189.06,35078.87,70093.18,False
ATM008,2024-05-17,252,185.03,46687.7,188312.3,True
ATM008,2024-05-18,299,191.41,57281.04,131031.26,False
ATM008,2024-05-19,211,185.17,39116.63,91914.63,False
ATM008,2024-05-20,155,187.81,29116.57,62798.06,False
ATM008,2024-05-21,165,192.14,31728.88,31069.18,False
ATM008,2024-05-22,159,190.15,30259.85,204740.15,True
ATM008,2024-05-23,224,175.88,39437.17,165302.98,False
ATM008,2024-05-24,281,190.32,53462.73,111840.26,False
ATM008,2024-05-25,310,178.28,55330.26,56510.0,False
ATM008,2024-05-26,262,178.34,46689.65,9820.35,False
ATM008,2024-05-27,168,184.78,31024.87,203975.13,True
ATM008,2024-05-28,174,181.52,31592.18,172382.94,False
ATM008,2024-05-29,161,185.55,29944.72,142438.22,False
ATM008,2024-05-30,195,197.7,38470.55,103967.68,False
ATM008,2024-05-31,247,186.75,46090.04,57877.64,False
ATM008,2024-06-01,274,190.65,52215.18,182784.82,True
ATM008,2024-06-02,226,181.26,40928.12,141856.7,False
ATM008,2024-06-03,163,184.58,30145.18,111711.52,False
ATM008,2024-06-04,164,187.68,30736.35,80975.17,False
ATM008,2024-06-05,177,177.62,31401.95,49573.22,False
ATM008,2024-06-06,204,184.71,37727.55,197272.45,True
ATM008,2024-06-07,307,181.07,55558.8,141713.64,False
ATM008,2024-06-08,273,184.81,50363.74,91349.9,False
ATM008,2024-06-09,257,185.89,47857.71,43492.19,False
ATM008,2024-06-10,172,180.17,30978.61,12513.58,False
ATM008,2024-06-11,190,179.29,33983.18,201016.82,True
ATM008,2024-06-12,159,188.16,29859.3,171157.52,False
ATM008,2024-06-13,164,192.07,31485.41,139672.12,False
ATM008,2024-06-14,282,189.99,53507.08,86165.03,False
ATM008,2024-06-15,318,184.11,58586.19,27578.84,False
ATM008,2024-06-16,220,184.22,40572.69,194427.31,True
ATM008,2024-06-17,156,187.7,29341.63,165085.68,False
ATM008,2024-06-18,165,193.2,31794.61,133291.08,False
ATM008,2024-06-19,170,190.13,32242.89,101048.19,False
ATM008,2024-06-20,193,182.35,35115.6,65932.59,False
ATM008,2024-06-21,290,182.86,52946.27,182053.73,True
ATM008,2024-06-22,321,179.11,57413.17,124640.56,False
ATM008,2024-06-23,218,188.53,41091.51,83549.05,False
ATM008,2024-06-24,186,179.53,33426.27,50122.78,False
ATM008,2024-06-25,173,182.04,31492.99,18629.78,False
ATM008,2024-06-26,163,192.86,31450.95,203549.05,True
ATM008,2024-06-27,200,189.42,37938.62,165610.42,False
ATM008,2024-06-28,323,181.09,58541.5,107068.93,False
ATM008,2024-06-29,291,180.99,52584.4,54484.53,False
ATM008,2024-06-30,250,171.93,42935.56,11548.96,False
ATM008,2024-07-01,170,181.98,30961.79,204038.21,True
ATM008,2024-07-02,170,186.96,31743.41,172294.8,False
ATM008,2024-07-03,160,188.27,30121.07,142173.72,False
ATM008,2024-07-04,209,180.73,37715.61,104458.11,False
ATM008,2024-07-05,287,172.65,49481.99,54976.12,False
ATM008,2024-07-06,289,180.88,52200.11,182799.89,True
ATM008,2024-07-07,244,179.75,43934.82,138865.07,False
ATM008,2024-07-08,170,178.2,30305.59,108559.48,False
ATM008,2024-07-09,162,187.36,30410.87,78148.62,False
ATM008,2024-07-10,175,185.07,32312.02,45836.59,False
ATM008,2024-07-11,177,181.56,32187.25,202812.75,True
ATM008,2024-07-12,272,182.76,49779.79,153032.96,False
ATM008,2024-07-13,294,192.91,56637.96,96395.0,False
ATM008,2024-07-14,258,179.52,46263.91,50131.08,False
ATM008,2024-07-15,175,188.55,32942.45,17188.63,False
ATM008,2024-07-16,150,189.71,28400.23,206599.77,True
ATM008,2024-07-17,175,177.17,31063.93,175535.83,False
ATM008,2024-07-18,199,186.2,37014.5,138521.33,False
ATM008,2024-07-19,273,184.79,50409.68,88111.65,False
ATM008,2024-07-20,284,188.39,53575.65,34536.0,False
ATM008,2024-07-21,234,185.92,43574.58,191425.42,True
ATM008,2024-07-22,180,178.59,32209.9,159215.52,False
ATM008,2024-07-23,163,172.73,28225.4,130990.12,False
ATM008,2024-07-24,183,178.27,32681.39,98308.73,False
ATM008,2024-07-25,193,187.06,36187.92,62120.81,False
ATM008,2024-07-26,300,178.32,53425.34,181574.66,True
ATM008,2024-07-27,289,194.27,56085.06,125489.6,False
ATM008,2024-07-28,259,190.48,49279.96,76209.64,False
ATM008,2024-07-29,179,179.42,32165.63,44044.01,False
ATM008,2024-07-30,172,184.12,31599.0,12445.01,False
ATM008,2024-07-31,180,181.49,32671.75,202328.25,True
ATM008,2024-08-01,191,185.91,35422.26,166905.99,False
ATM008,2024-08-02,278,187.74,52110.16,114795.83,False
ATM008,2024-08-03,305,177.54,54102.86,60692.97,False
ATM008,2024-08-04,246,198.82,48972.09,11720.88,False
ATM008,2024-08-05,182,177.65,32414.09,202585.91,True
ATM008,2024-08-06,152,187.83,28465.66,174120.25,False
ATM008,2024-08-07,194,178.27,34506.65,139613.6,False
ATM008,2024-08-08,191,186.09,35542.97,104070.63,False
ATM008,2024-08-09,297,183.09,54415.07,49655.57,False
ATM008,2024-08-10,268,188.45,50499.51,184500.49,True
ATM008,2024-08-11,256,184.54,47287.75,137212.74,False
ATM008,2024-08-12,177,182.37,32318.53,104894.21,False
ATM008,2024-08-13,149,190.7,28321.41,76572.8,False
ATM008,2024-08-14,172,187.72,32278.41,44294.39,False
ATM008,2024-08-15,222,179.15,39828.94,195171.06,True
ATM008,2024-08-16,265,185.88,49278.05,145893.02,False
ATM008,2024-08-17,286,189.35,54159.25,91733.76,False
ATM008,2024-08-18,240,179.49,43137.71,48596.05,False
ATM008,2024-08-19,170,185.95,31559.6,17036.45,False
ATM008,2024-08-20,171,187.18,32080.55,202919.45,True
ATM008,2024-08-21,174,186.78,32445.25,170474.2,False
ATM008,2024-08-22,195,181.02,35384.36,135089.84,False
ATM008,2024-08-23,285,183.15,52265.64,82824.19,False
ATM008,2024-08-24,330,192.45,63416.13,19408.06,False
ATM008,2024-08-25,244,187.1,45687.02,189312.98,True
ATM008,2024-08-26,175,178.0,31221.8,158091.17,False
ATM008,2024-08-27,160,185.56,29597.5,128493.67,False
ATM008,2024-08-28,170,187.61,31923.29,96570.38,False
ATM008,2024-08-29,211,181.16,38242.17,58328.22,False
ATM008,2024-08-30,253,193.05,48828.07,186171.93,True
ATM008,2024-08-31,325,182.83,59465.69,126706.25,False
ATM008,2024-09-01,235,184.43,43380.53,83325.72,False
ATM008,2024-09-02,168,187.62,31484.14,51841.57,False
ATM008,2024-09-03,193,186.05,35883.28,15958.29,False
ATM008,2024-09-04,187,175.64,32906.02,202093.98,True
ATM008,2024-09-05,181,191.82,34657.1,167436.88,False
ATM008,2024-09-06,328,160.64,52682.46,114754.41,False
ATM008,2024-09-07,302,195.65,59063.45,55690.96,False
ATM008,2024-09-08,196,193.43,38008.2,17682.76,False
ATM008,2024-09-09,136,190.21,25873.96,209126.04,True
ATM008,2024-09-10,175,171.96,30030.59,179095.45,False
ATM008,2024-09-11,169,191.39,32411.18,146684.27,False
ATM008,2024-09-12,195,188.25,36778.66,109905.61,False
ATM008,2024-09-13,285,174.67,49764.57,60141.04,False
ATM008,2024-09-14,304,194.71,59137.26,175862.74,True
ATM008,2024-09-15,272,173.97,47303.59,128559.15,False
ATM008,2024-09-16,157,180.3,28253.89,100305.26,False
ATM008,2024-09-17,145,185.25,26878.15,73427.1,False
ATM008,2024-09-18,182,177.06,32291.79,41135.32,False
ATM008,2024-09-19,201,188.34,37858.09,197141.91,True
ATM008,2024-09-20,268,184.04,49291.39,147850.52,False
ATM008,2024-09-21,268,183.16,49153.33,98697.19,False
ATM008,2024-09-22,235,185.94,43729.92,54967.27,False
ATM008,2024-09-23,173,186.36,32258.94,22708.33,False
ATM008,2024-09-24,158,186.59,29497.87,205502.13,True
ATM008,2024-09-25,183,184.47,33697.24,171804.89,False
ATM008,2024-09-26,199,183.97,36659.67,135145.22,False
ATM008,2024-09-27,261,187.9,48952.35,86192.86,False
ATM008,2024-09-28,290,187.14,54193.71,31999.15,False
ATM008,2024-09-29,239,183.31,43793.85,191206.15,True
ATM008,2024-09-30,169,182.18,30701.26,160504.89,False
ATM008,2024-10-01,143,187.13,26778.95,133725.94,False
ATM008,2024-10-02,168,189.72,31927.96,101797.98,False
ATM008,2024-10-03,177,195.52,34544.34,67253.64,False
ATM008,2024-10-04,277,180.14,49875.96,185124.04,True
ATM008,2024-10-05,300,175.38,52555.66,132568.38,False
ATM008,2024-10-06,253,192.61,48657.18,83911.2,False
ATM008,2024-10-07,182,180.03,32763.86,51147.34,False
ATM008,2024-10-08,186,183.05,34110.69,17036.65,False
ATM008,2024-10-09,160,192.98,30828.58,204171.42,True
ATM008,2024-10-10,190,197.22,37546.09,166625.33,False
ATM008,2024-10-11,285,182.8,52119.08,114506.25,False
ATM008,2024-10-12,309,174.75,53979.5,60526.75,False
ATM008,2024-10-13,224,191.35,42863.21,17663.54,False
ATM008,2024-10-14,177,185.11,32759.47,202240.53,True
ATM008,2024-10-15,150,186.26,28027.23,174213.29,False
ATM008,2024-10-16,180,187.39,33722.69,140490.6,False
ATM008,2024-10-17,201,180.58,36274.57,104216.03,False
ATM008,2024-10-18,325,167.62,54424.98,49791.05,False
ATM008,2024-10-19,290,199.27,57871.78,177128.22,True
ATM008,2024-10-20,214,183.66,39327.71,137800.51,False
ATM008,2024-10-21,172,182.43,31397.24,106403.26,False
ATM008,2024-10-22,172,187.62,32309.73,74093.54,False
ATM008,2024-10-23,168,189.42,31751.34,42342.2,False
ATM008,2024-10-24,177,202.65,35895.72,199104.28,True
ATM008,2024-10-25,278,186.08,51765.03,147339.25,False
ATM008,2024-10-26,275,181.98,49983.75,97355.49,False
ATM008,2024-10-27,267,177.59,47362.56,49992.94,False
ATM008,2024-10-28,146,185.18,27011.02,22981.92,False
ATM008,2024-10-29,179,185.24,33074.88,201925.12,True
ATM008,2024-10-30,176,174.69,30684.12,171241.0,False
ATM008,2024-10-31,196,188.67,37006.86,134234.14,False
ATM008,2024-11-01,279,191.3,53352.12,80882.02,False
ATM008,2024-11-02,367,191.28,70143.55,164856.45,True
ATM008,2024-11-03,285,188.63,53724.91,111131.54,False
ATM008,2024-11-04,203,189.82,38445.39,72686.15,False
ATM008,2024-11-05,177,176.67,31218.89,41467.26,False
ATM008,2024-11-06,191,184.28,35207.8,199792.2,True
ATM008,2024-11-07,233,186.8,43472.55,156319.65,False
ATM008,2024-11-08,342,191.37,65354.9,90964.75,False
ATM008,2024-11-09,336,186.32,62544.49,28420.26,False
ATM008,2024-11-10,264,183.96,48602.83,186397.17,True
ATM008,2024-11-11,228,166.08,37913.74,148483.43,False
ATM008,2024-11-12,223,188.14,41977.07,106506.35,False
ATM008,2024-11-13,182,195.7,35555.29,70951.06,False
ATM008,2024-11-14,222,185.74,41290.81,193709.19,True
ATM008,2024-11-15,301,194.17,58412.91,135296.29,False
ATM008,2024-11-16,355,185.83,65996.14,69300.15,False
ATM008,2024-11-17,298,188.25,56108.92,13191.23,False
ATM008,2024-11-18,193,191.16,36928.51,198071.49,True
ATM008,2024-11-19,227,186.76,42352.62,155718.87,False
ATM008,2024-11-20,201,185.95,37373.48,118345.38,False
ATM008,2024-11-21,255,181.67,46371.74,71973.65,False
ATM008,2024-11-22,336,176.47,59272.93,175727.07,True
ATM008,2024-11-23,336,182.13,61195.55,114531.52,False
ATM008,2024-11-24,264,194.82,51373.08,63158.44,False
ATM008,2024-11-25,214,179.94,38486.51,24671.93,False
ATM008,2024-11-26,175,192.63,33695.96,201304.04,True
ATM008,2024-11-27,217,185.16,40111.02,161193.03,False
ATM008,2024-11-28,214,191.24,41016.86,120176.17,False
ATM008,2024-11-29,301,187.18,56379.3,63796.87,False
ATM008,2024-11-30,419,186.14,77947.17,157052.83,True
ATM008,2024-12-01,261,187.28,48849.17,108203.66,False
ATM008,2024-12-02,202,177.26,35869.51,72334.15,False
ATM008,2024-12-03,195,191.2,37240.95,35093.2,False
ATM008,2024-12-04,198,182.91,36271.23,198728.77,True
ATM008,2024-12-05,215,184.17,39553.35,159175.42,False
ATM008,2024-12-06,324,179.39,58106.02,101069.4,False
ATM008,2024-12-07,405,187.59,75898.51,25170.9,False
ATM008,2024-12-08,283,189.9,53683.07,181316.93,True
ATM008,2024-12-09,214,182.71,39124.97,142191.97,False
ATM008,2024-12-10,197,183.51,36140.54,106051.43,False
ATM008,2024-12-11,205,186.9,38224.66,67826.77,False
ATM008,2024-12-12,232,177.62,41189.11,193810.89,True
ATM008,2024-12-13,332,183.87,61060.89,132750.0,False
ATM008,2024-12-14,310,187.82,58242.72,74507.28,False
ATM008,2024-12-15,277,199.03,55180.18,19327.1,False
ATM008,2024-12-16,198,182.01,36067.94,198932.06,True
ATM008,2024-12-17,176,186.16,32808.15,166123.9,False
ATM008,2024-12-18,208,180.5,37597.99,128525.92,False
ATM008,2024-12-19,240,174.02,41792.42,86733.5,False
ATM008,2024-12-20,357,180.72,64488.14,170511.86,True
ATM008,2024-12-21,375,177.08,66321.84,104190.02,False
ATM008,2024-12-22,270,183.45,49514.48,54675.54,False
ATM008,2024-12-23,197,187.66,37039.98,17635.55,False
ATM008,2024-12-24,207,189.07,39215.49,195784.51,True
ATM008,2024-12-25,205,193.03,39651.94,156132.58,False
ATM008,2024-12-26,238,184.8,44028.61,112103.97,False
ATM008,2024-12-27,340,190.96,64862.71,47241.26,False
ATM008,2024-12-28,393,176.93,69570.79,165429.21,True
ATM008,2024-12-29,265,183.47,48624.51,116804.7,False
ATM008,2024-12-30,212,184.88,39148.49,77656.21,False
ATM008,2024-12-31,200,192.3,38394.62,39261.59,False
ATM009,2024-01-01,203,191.69,38948.65,196051.35,False
ATM009,2024-01-02,170,187.68,31857.12,164194.24,False
ATM009,2024-01-03,195,175.85,34321.61,200678.39,True
ATM009,2024-01-04,208,192.35,40058.9,160619.49,False
ATM009,2024-01-05,307,196.2,60304.14,100315.35,False
ATM009,2024-01-06,327,198.59,65031.07,35284.29,False
ATM009,2024-01-07,191,185.12,35284.29,0.0,False
ATM009,2024-01-08,171,191.16,32744.82,202255.18,True
ATM009,2024-01-09,182,181.41,33072.48,169182.7,False
ATM009,2024-01-10,205,191.43,39173.02,130009.68,False
ATM009,2024-01-11,242,182.99,44243.9,85765.78,False
ATM009,2024-01-12,315,184.67,58182.26,27583.52,False
ATM009,2024-01-13,350,193.62,67845.65,167154.35,True
ATM009,2024-01-14,261,195.96,51127.07,116027.28,False
ATM009,2024-01-15,208,183.7,38133.98,77893.3,False
ATM009,2024-01-16,187,194.47,36301.54,41591.77,False
ATM009,2024-01-17,215,191.59,41189.46,402.31,False
ATM009,2024-01-18,223,183.8,40946.69,194053.31,True
ATM009,2024-01-19,313,194.29,60792.94,133260.36,False
ATM009,2024-01-20,353,187.52,66209.43,67050.94,False
ATM009,2024-01-21,273,183.18,50005.93,17045.01,False
ATM009,2024-01-22,92,185.75,17045.01,0.0,False
ATM009,2024-01-23,210,183.67,38633.41,196366.59,True
ATM009,2024-01-24,199,180.2,35944.82,160421.78,False
ATM009,2024-01-25,223,192.59,42975.84,117445.94,False
ATM009,2024-01-26,351,186.13,65422.33,52023.61,False
ATM009,2024-01-27,283,184.15,52023.61,0.0,False
ATM009,2024-01-28,277,186.74,51702.45,183297.55,True
ATM009,2024-01-29,194,185.76,35959.04,147338.51,False
ATM009,2024-01-30,193,183.37,35356.59,111981.92,False
ATM009,2024-01-31,181,194.48,35209.9,76772.02,False
ATM009,2024-02-01,243,178.32,43344.68,33427.34,False
ATM009,2024-02-02,261,179.69,46897.18,188102.82,True
ATM009,2024-02-03,294,189.97,55935.57,132167.25,False
ATM009,2024-02-04,245,185.95,45554.22,86613.03,False
ATM009,2024-02-05,180,181.16,32599.58,54013.45,False
ATM009,2024-02-06,160,184.89,29539.65,24473.8,False
ATM009,2024-02-07,157,178.55,28117.12,206882.88,True
ATM009,2024-02-08,175,189.24,33146.46,173736.42,False
ATM009,2024-02-09,277,188.39,52106.8,121629.62,False
ATM009,2024-02-10,280,176.77,49533.78,72095.84,False
ATM009,2024-02-11,270,169.58,45784.27,26311.57,False
ATM009,2024-02-12,196,174.88,34226.42,200773.58,True
ATM009,2024-02-13,177,180.07,31876.09,168897.49,False
ATM009,2024-02-14,167,202.81,33807.99,135089.5,False
ATM009,2024-02-15,221,188.86,41710.16,93379.34,False
ATM009,2024-02-16,329,187.37,61557.44,31821.9,False
ATM009,2024-02-17,408,185.72,75745.44,159254.56,True
ATM009,2024-02-18,295,189.33,55931.01,103323.55,False
ATM009,2024-02-19,202,191.89,38718.22,64605.32,False
ATM009,2024-02-20,225,177.22,39829.03,195170.97,True
ATM009,2024-02-21,260,184.63,47910.8,147260.17,False
ATM009,2024-02-22,291,191.78,55890.91,91369.26,False
ATM009,2024-02-23,358,184.53,66067.17,168932.83,True
ATM009,2024-02-24,401,193.47,77503.64,91429.19,False
ATM009,2024-02-25,331,185.98,61470.87,29958.32,False
ATM009,2024-02-26,229,184.72,42254.2,192745.8,True
ATM009,2024-02-27,243,185.02,44905.72,147840.08,False
ATM009,2024-02-28,229,181.87,41681.01,106159.07,False
ATM009,2024-02-29,265,177.22,47044.95,187955.05,True
ATM009,2024-03-01,343,193.32,66288.46,121666.58,False
ATM009,2024-03-02,401,188.91,75746.36,45920.23,False
ATM009,2024-03-03,266,188.15,50120.2,184879.8,True
ATM009,2024-03-04,232,182.33,42368.31,142511.49,False
ATM009,2024-03-05,228,182.25,41509.02,101002.46,False
ATM009,2024-03-06,194,190.12,36930.0,198070.0,True
ATM009,2024-03-07,271,183.26,49743.43,148326.57,False
ATM009,2024-03-08,369,176.84,65294.59,83031.99,False
ATM009,2024-03-09,402,193.95,78063.67,156936.33,True
ATM009,2024-03-10,341,177.33,60470.69,96465.64,False
ATM009,2024-03-11,236,184.7,43530.14,52935.5,False
ATM009,2024-03-12,231,188.37,43542.03,191457.97,True
ATM009,2024-03-13,185,188.03,34767.67,156690.3,False
ATM009,2024-03-14,257,177.11,45587.05,111103.26,False
ATM009,2024-03-15,368,187.28,68947.75,166052.25,True
ATM009,2024-03-16,266,188.91,50228.34,115823.91,False
ATM009,2024-03-17,249,185.26,46106.28,69717.63,False
ATM009,2024-03-18,165,179.56,29563.49,205436.51,True
ATM009,2024-03-19,183,176.61,32286.12,173150.39,False
ATM009,2024-03-20,184,184.08,33844.85,139305.54,False
ATM009,2024-03-21,203,175.52,35613.94,103691.6,False
ATM009,2024-03-22,269,188.41,50696.17,52995.43,False
ATM009,2024-03-23,273,187.77,51309.81,183690.19,True
ATM009,2024-03-24,242,181.43,43980.5,139709.69,False
ATM009,2024-03-25,193,172.78,33351.44,106358.24,False
ATM009,2024-03-26,159,193.99,30786.91,75571.33,False
ATM009,2024-03-27,186,187.16,34746.19,40825.14,False
ATM009,2024-03-28,193,181.47,35104.45,199895.55,True
ATM009,2024-03-29,267,188.02,50144.85,149750.7,False
ATM009,2024-03-30,281,189.2,53246.05,96504.65,False
ATM009,2024-03-31,275,184.66,50746.2,45758.45,False
ATM009,2024-04-01,184,177.54,32596.16,13162.29,False
ATM009,2024-04-02,196,184.67,36169.27,198830.73,True
ATM009,2024-04-03,209,182.04,38079.66,160751.07,False
ATM009,2024-04-04,235,184.12,43320.13,117430.93,False
ATM009,2024-04-05,303,182.77,55471.73,61959.2,False
ATM009,2024-04-06,301,196.04,59066.57,2892.63,False
ATM009,2024-04-07,262,188.58,49491.31,185508.69,True
ATM009,2024-04-08,193,179.16,34491.79,151016.9,False
ATM009,2024-04-09,176,191.11,33699.36,117317.55,False
ATM009,2024-04-10,192,180.17,34530.77,82786.78,False
ATM009,2024-04-11,220,187.77,41320.4,41466.37,False
ATM009,2024-04-12,350,186.96,65506.42,169493.58,True
ATM009,2024-04-13,356,188.99,67190.94,102302.63,False
ATM009,2024-04-14,256,179.65,45962.82,56339.82,False
ATM009,2024-04-15,187,177.61,33196.0,23143.82,False
ATM009,2024-04-16,124,186.61,23143.82,0.0,False
ATM009,2024-04-17,211,170.61,36012.53,198987.47,True
ATM009,2024-04-18,262,180.04,47198.27,151789.2,False
ATM009,2024-04-19,381,176.96,67408.81,84380.39,False
ATM009,2024-04-20,351,172.77,60678.59,23701.8,False
ATM009,2024-04-21,132,178.89,23701.8,0.0,False
ATM009,2024-04-22,187,177.38,33221.33,201778.67,True
ATM009,2024-04-23,191,188.95,36171.27,165607.4,False
ATM009,2024-04-24,224,181.19,40655.92,124951.48,False
ATM009,2024-04-25,233,177.84,41504.06,83447.42,False
ATM009,2024-04-26,313,182.12,57036.77,26410.65,False
ATM009,2024-04-27,348,190.64,66351.77,168648.23,True
ATM009,2024-04-28,296,180.32,53405.75,115242.47,False
ATM009,2024-04-29,208,184.76,38405.28,76837.2,False
ATM009,2024-04-30,185,181.07,33486.04,43351.16,False
ATM009,2024-05-01,155,194.67,30207.14,13144.02,False
ATM009,2024-05-02,197,185.97,36633.55,198366.45,True
ATM009,2024-05-03,253,198.58,50287.84,148078.62,False
ATM009,2024-05-04,341,181.0,61730.71,86347.91,False
ATM009,2024-05-05,233,183.81,42878.15,43469.76,False
ATM009,2024-05-06,175,181.11,31737.05,11732.7,False
ATM009,2024-05-07,161,193.06,30986.12,204013.88,True
ATM009,2024-05-08,160,178.74,28654.77,175359.12,False
ATM009,2024-05-09,190,182.58,34661.33,140697.79,False
ATM009,2024-05-10,309,190.56,58910.14,81787.65,False
ATM009,2024-05-11,328,183.53,60191.63,21596.02,False
ATM009,2024-05-12,242,176.94,42840.06,192159.94,True
ATM009,2024-05-13,177,187.73,33181.6,158978.34,False
ATM009,2024-05-14,179,183.83,32879.25,126099.08,False
ATM009,2024-05-15,167,185.94,31104.4,94994.68,False
ATM009,2024-05-16,216,176.84,38163.46,56831.23,False
ATM009,2024-05-17,292,184.89,53927.71,181072.29,True
ATM009,2024-05-18,302,173.43,52317.25,128755.04,False
ATM009,2024-05-19,224,193.03,43291.76,85463.28,False
ATM009,2024-05-20,189,186.97,35321.85,50141.43,False
ATM009,2024-05-21,187,184.76,34472.52,15668.91,False
ATM009,2024-05-22,184,182.5,33582.5,201417.5,True
ATM009,2024-05-23,191,181.24,34585.13,166832.37,False
ATM009,2024-05-24,231,192.14,44339.84,122492.54,False
ATM009,2024-05-25,298,180.55,53866.91,68625.62,False
ATM009,2024-05-26,219,183.87,40242.25,28383.37,False
ATM009,2024-05-27,181,196.62,35542.11,199457.89,True
ATM009,2024-05-28,146,183.03,26750.72,172707.17,False
ATM009,2024-05-29,153,190.49,29220.45,143486.72,False
ATM009,2024-05-30,202,181.47,36580.2,106906.51,False
ATM009,2024-05-31,282,182.35,51480.38,55426.14,False
ATM009,2024-06-01,335,188.04,63081.53,171918.47,True
ATM009,2024-06-02,269,170.2,45805.45,126113.02,False
ATM009,2024-06-03,159,196.56,31268.11,94844.91,False
ATM009,2024-06-04,189,174.75,32971.75,61873.16,False
ATM009,2024-06-05,172,178.33,30732.91,31140.25,False
ATM009,2024-06-06,217,186.36,40415.88,194584.12,True
ATM009,2024-06-07,262,185.19,48539.35,146044.77,False
ATM009,2024-06-08,262,178.98,46942.11,99102.66,False
ATM009,2024-06-09,231,189.69,43818.96,55283.7,False
ATM009,2024-06-10,150,182.88,27422.99,27860.71,False
ATM009,2024-06-11,182,176.94,32249.42,202750.58,True
ATM009,2024-06-12,172,185.37,31922.68,170827.9,False
ATM009,2024-06-13,220,183.72,40425.15,130402.75,False
ATM009,2024-06-14,267,189.75,50607.94,79794.81,False
ATM009,2024-06-15,279,183.77,51345.96,28448.84,False
ATM009,2024-06-16,230,184.23,42335.03,192664.97,True
ATM009,2024-06-17,177,188.08,33336.81,159328.16,False
ATM009,2024-06-18,154,185.76,28514.55,130813.62,False
ATM009,2024-06-19,193,180.39,34869.23,95944.39,False
ATM009,2024-06-20,197,183.93,36219.85,59724.54,False
ATM009,2024-06-21,290,175.95,50994.11,184005.89,True
ATM009,2024-06-22,344,180.7,62189.37,121816.51,False
ATM009,2024-06-23,259,181.55,46962.08,74854.43,False
ATM009,2024-06-24,157,191.73,30068.81,44785.62,False
ATM009,2024-06-25,173,186.16,32213.77,12571.85,False
ATM009,2024-06-26,181,183.4,33133.82,201866.18,True
ATM009,2024-06-27,198,181.33,35832.66,166033.52,False
ATM009,2024-06-28,301,181.15,54565.68,111467.84,False
ATM009,2024-06-29,341,183.25,62514.07,48953.77,False
ATM009,2024-06-30,231,189.21,43770.11,5183.66,False
ATM009,2024-07-01,172,183.35,31467.16,203532.84,True
ATM009,2024-07-02,158,189.96,29985.7,173547.15,False
ATM009,2024-07-03,163,184.3,29990.31,143556.84,False
ATM009,2024-07-04,189,189.8,35879.49,107677.36,False
ATM009,2024-07-05,261,195.04,50862.78,56814.58,False
ATM009,2024-07-06,303,183.68,55727.46,179272.54,True
ATM009,2024-07-07,243,177.69,43187.16,136085.38,False
ATM009,2024-07-08,160,182.05,29215.6,106869.77,False
ATM009,2024-07-09,176,184.82,32535.45,74334.33,False
ATM009,2024-07-10,158,191.81,30366.76,43967.56,False
ATM009,2024-07-11,208,191.97,39965.96,195034.04,True
ATM009,2024-07-12,265,182.25,48250.41,146783.64,False
ATM009,2024-07-13,343,186.34,63968.6,82815.04,False
ATM009,2024-07-14,227,188.99,42896.13,39918.91,False
ATM009,2024-07-15,185,181.83,33709.67,6209.24,False
ATM009,2024-07-16,160,190.14,30513.92,204486.08,True
ATM009,2024-07-17,157,185.07,28964.0,175522.08,False
ATM009,2024-07-18,185,179.54,33163.12,142358.96,False
ATM009,2024-07-19,262,187.65,49239.86,93119.1,False
ATM009,2024-07-20,304,181.4,55085.64,38033.45,False
ATM009,2024-07-21,246,178.63,43865.33,191134.67,True
ATM009,2024-07-22,169,191.28,32371.88,158762.79,False
ATM009,2024-07-23,163,183.88,29882.64,128880.15,False
ATM009,2024-07-24,186,173.74,32246.67,96633.48,False
ATM009,2024-07-25,184,202.22,37226.57,59406.91,False
ATM009,2024-07-26,275,184.34,50781.56,184218.44,True
ATM009,2024-07-27,306,194.13,59351.85,124866.6,False
ATM009,2024-07-28,270,173.04,46794.39,78072.21,False
ATM009,2024-07-29,164,199.27,32678.32,45393.89,False
ATM009,2024-07-30,176,178.59,31386.97,14006.92,False
ATM009,2024-07-31,180,177.89,32040.54,202959.46,True
ATM009,2024-08-01,218,179.69,39085.12,163874.34,False
ATM009,2024-08-02,286,180.24,51486.4,112387.94,False
ATM009,2024-08-03,281,193.25,54227.02,58160.92,False
ATM009,2024-08-04,242,181.9,44024.99,14135.93,False
ATM009,2024-08-05,166,174.61,28994.55,206005.45,True
ATM009,2024-08-06,148,185.62,27528.79,178476.66,False
ATM009,2024-08-07,185,181.89,33645.87,144830.79,False
ATM009,2024-08-08,221,181.02,40020.17,104810.62,False
ATM009,2024-08-09,281,179.01,50373.22,54437.4,False
ATM009,2024-08-10,307,196.64,60387.62,174612.38,True
ATM009,2024-08-11,211,183.08,38636.15,135976.23,False
ATM009,2024-08-12,194,176.97,34322.75,101653.48,False
ATM009,2024-08-13,163,191.78,31264.71,70388.77,False
ATM009,2024-08-14,168,188.05,31587.13,38801.64,False
ATM009,2024-08-15,207,195.81,40557.02,194442.98,True
ATM009,2024-08-16,280,182.05,50997.82,143445.17,False
ATM009,2024-08-17,277,190.42,52827.51,90617.65,False
ATM009,2024-08-18,216,183.6,39705.56,50912.09,False
ATM009,2024-08-19,174,182.21,31641.27,19270.83,False
ATM009,2024-08-20,154,199.23,30643.16,204356.84,True
ATM009,2024-08-21,171,182.58,31148.37,173208.47,False
ATM009,2024-08-22,207,186.33,38494.63,134713.84,False
ATM009,2024-08-23,305,185.91,56648.98,78064.85,False
ATM009,2024-08-24,316,175.1,55370.18,22694.67,False
ATM009,2024-08-25,223,174.81,39022.33,195977.67,True
ATM009,2024-08-26,182,177.44,32259.98,163717.68,False
ATM009,2024-08-27,177,185.17,32809.32,130908.37,False
ATM009,2024-08-28,171,180.32,30882.22,100026.14,False
ATM009,2024-08-29,207,180.54,37449.89,62576.26,False
ATM009,2024-08-30,250,191.6,47805.66,187194.34,True
ATM009,2024-08-31,314,183.7,57757.56,129436.78,False
ATM009,2024-09-01,247,185.05,45714.51,83722.27,False
ATM009,2024-09-02,179,180.47,32268.28,51453.98,False
ATM009,2024-09-03,191,181.78,34735.07,16718.91,False
ATM009,2024-09-04,190,183.95,35029.65,199970.35,True
ATM009,2024-09-05,201,189.07,37937.59,162032.76,False
ATM009,2024-09-06,308,180.33,55500.95,106531.8,False
ATM009,2024-09-07,311,195.25,60747.46,45784.35,False
ATM009,2024-09-08,232,185.19,42922.97,2861.38,False
ATM009,2024-09-09,165,183.08,30284.4,204715.6,True
ATM009,2024-09-10,189,179.43,33873.12,170842.49,False
ATM009,2024-09-11,152,193.94,29409.73,141432.76,False
ATM009,2024-09-12,190,196.77,37455.89,103976.87,False
ATM009,2024-09-13,267,185.7,49629.72,54347.15,False
ATM009,2024-09-14,290,185.8,53795.15,181204.85,True
ATM009,2024-09-15,204,188.8,38602.95,142601.9,False
ATM009,2024-09-16,174,184.68,32134.08,110467.82,False
ATM009,2024-09-17,162,180.03,29238.8,81229.02,False
ATM009,2024-09-18,185,178.5,33056.35,48172.67,False
ATM009,2024-09-19,189,196.51,37161.69,197838.31,True
ATM009,2024-09-20,322,176.65,56832.43,141005.89,False
ATM009,2024-09-21,290,187.34,54263.89,86741.99,False
ATM009,2024-09-22,245,177.23,43492.82,43249.17,False
ATM009,2024-09-23,175,184.94,32273.48,10975.69,False
ATM009,2024-09-24,187,183.59,34357.66,200642.34,True
ATM009,2024-09-25,192,177.97,34091.02,166551.32,False
ATM009,2024-09-26,177,189.01,33364.25,133187.07,False
ATM009,2024-09-27,308,179.69,55256.26,77930.81,False
ATM009,2024-09-28,318,177.33,56436.5,21494.31,False
ATM009,2024-09-29,228,189.64,43156.37,191843.63,True
ATM009,2024-09-30,166,183.62,30472.56,161371.06,False
ATM009,2024-10-01,153,181.4,27763.89,133607.17,False
ATM009,2024-10-02,192,185.4,35528.73,98078.44,False
ATM009,2024-10-03,182,183.25,33424.33,64654.11,False
ATM009,2024-10-04,255,179.37,45800.76,189199.24,True
ATM009,2024-10-05,336,184.21,61970.26,127228.99,False
ATM009,2024-10-06,270,184.47,49892.3,77336.69,False
ATM009,2024-10-07,166,188.56,31335.62,46001.07,False
ATM009,2024-10-08,134,186.14,24921.75,21079.32,False
ATM009,2024-10-09,162,193.25,31307.1,203692.9,True
ATM009,2024-10-10,215,178.71,38358.39,165334.52,False
ATM009,2024-10-11,304,183.54,55872.39,109462.13,False
ATM009,2024-10-12,284,186.09,52884.96,56577.17,False
ATM009,2024-10-13,223,193.54,43091.32,13485.85,False
ATM009,2024-10-14,173,186.14,32172.67,202827.33,True
ATM009,2024-10-15,168,191.07,32004.21,170823.12,False
ATM009,2024-10-16,172,192.88,33185.94,137637.18,False
ATM009,2024-10-17,201,185.93,37414.31,100222.87,False
ATM009,2024-10-18,303,184.5,55860.78,44362.09,False
ATM009,2024-10-19,290,194.55,56472.74,178527.26,True
ATM009,2024-10-20,265,184.95,48962.28,129564.98,False
ATM009,2024-10-21,158,193.12,30432.93,99132.05,False
ATM009,2024-10-22,170,186.75,31780.45,67351.6,False
ATM009,2024-10-23,164,186.84,30714.74,36636.86,False
ATM009,2024-10-24,197,181.31,35799.22,199200.78,True
ATM009,2024-10-25,277,186.47,51684.27,147516.51,False
ATM009,2024-10-26,289,190.02,54880.22,92636.29,False
ATM009,2024-10-27,251,190.38,47833.86,44802.42,False
ATM009,2024-10-28,163,189.19,30812.99,13989.43,False
ATM009,2024-10-29,170,178.14,30213.21,204786.79,True
ATM009,2024-10-30,177,185.81,32929.37,171857.42,False
ATM009,2024-10-31,223,193.09,42991.14,128866.28,False
ATM009,2024-11-01,341,186.38,63523.86,65342.43,False
ATM009,2024-11-02,375,179.43,67249.24,167750.76,True
ATM009,2024-11-03,253,180.16,45663.57,122087.19,False
ATM009,2024-11-04,213,173.31,36945.66,85141.53,False
ATM009,2024-11-05,186,183.63,34131.95,51009.58,False
ATM009,2024-11-06,201,181.33,36514.46,198485.54,True
ATM009,2024-11-07,212,194.57,41307.91,157177.62,False
ATM009,2024-11-08,348,181.89,63306.32,93871.3,False
ATM009,2024-11-09,358,184.84,66165.61,27705.69,False
ATM009,2024-11-10,270,180.73,48875.35,186124.65,True
ATM009,2024-11-11,218,182.67,39786.39,146338.26,False
ATM009,2024-11-12,178,184.76,32841.99,113496.28,False
ATM009,2024-11-13,215,174.05,37376.75,76119.52,False
ATM009,2024-11-14,222,189.82,42186.82,192813.18,True
ATM009,2024-11-15,316,197.38,62378.52,130434.66,False
ATM009,2024-11-16,376,193.04,72567.91,57866.75,False
ATM009,2024-11-17,306,189.21,57866.75,0.0,False
ATM009,2024-11-18,197,190.4,37494.84,197505.16,True
ATM009,2024-11-19,184,185.6,34096.34,163408.83,False
ATM009,2024-11-20,189,187.21,35426.05,127982.78,False
ATM009,2024-11-21,223,181.19,40420.07,87562.71,False
ATM009,2024-11-22,338,184.24,62213.88,172786.12,True
ATM009,2024-11-23,328,176.92,58091.46,114694.66,False
ATM009,2024-11-24,264,180.1,47594.7,67099.96,False
ATM009,2024-11-25,205,186.22,38160.38,28939.58,False
ATM009,2024-11-26,202,189.18,38202.7,196797.3,True
ATM009,2024-11-27,212,188.38,39957.7,156839.6,False
ATM009,2024-11-28,225,191.1,42932.86,113906.74,False
ATM009,2024-11-29,345,187.09,64456.71,49450.02,False
ATM009,2024-11-30,423,171.98,72669.39,162330.61,True
ATM009,2024-12-01,276,183.3,50536.59,111794.03,False
ATM009,2024-12-02,207,193.72,40184.29,71609.74,False
ATM009,2024-12-03,166,192.83,32034.84,39574.9,False
ATM009,2024-12-04,191,178.67,34150.84,200849.16,True
ATM009,2024-12-05,227,183.23,41619.14,159230.03,False
ATM009,2024-12-06,287,188.61,54192.68,105037.35,False
ATM009,2024-12-07,365,190.85,69721.12,35316.23,False
ATM009,2024-12-08,271,184.78,50033.27,184966.73,True
ATM009,2024-12-09,190,194.37,36990.4,147976.34,False
ATM009,2024-12-10,162,179.69,29076.76,118899.57,False
ATM009,2024-12-11,207,178.98,37083.65,81815.92,False
ATM009,2024-12-12,225,184.3,41549.17,193450.83,True
ATM009,2024-12-13,311,185.36,57719.61,135731.22,False
ATM009,2024-12-14,378,183.69,69471.43,66259.78,False
ATM009,2024-12-15,271,184.08,49964.18,16295.61,False
ATM009,2024-12-16,211,175.34,37049.98,197950.02,True
ATM009,2024-12-17,201,182.5,36621.86,161328.16,False
ATM009,2024-12-18,215,188.28,40491.65,120836.52,False
ATM009,2024-12-19,256,179.39,45918.34,74918.17,False
ATM009,2024-12-20,331,178.1,58888.04,176111.96,True
ATM009,2024-12-21,330,191.95,63280.79,112831.18,False
ATM009,2024-12-22,320,178.63,57234.35,55596.82,False
ATM009,2024-12-23,194,184.58,35898.98,19697.84,False
ATM009,2024-12-24,211,175.23,36941.25,198058.75,True
ATM009,2024-12-25,177,187.72,33134.61,164924.14,False
ATM009,2024-12-26,202,182.52,36911.65,128012.48,False
ATM009,2024-12-27,326,187.31,61128.7,66883.79,False
ATM009,2024-12-28,360,182.97,65826.66,169173.34,True
ATM009,2024-12-29,293,186.58,54715.66,114457.68,False
ATM009,2024-12-30,191,185.21,35427.81,79029.87,False
ATM009,2024-12-31,187,194.54,36421.47,42608.41,False
ATM010,2024-01-01,197,191.74,37839.17,197160.83,False
ATM010,2024-01-02,180,182.09,32822.29,164338.54,False
ATM010,2024-01-03,191,184.2,35227.45,199772.55,True
ATM010,2024-01-04,198,192.03,38088.49,161684.06,False
ATM010,2024-01-05,339,183.3,62114.75,99569.32,False
ATM010,2024-01-06,361,186.24,67180.21,32389.1,False
ATM010,2024-01-07,182,177.54,32389.1,0.0,False
ATM010,2024-01-08,192,184.68,35449.38,199550.62,True
ATM010,2024-01-09,197,181.51,35784.16,163766.46,False
ATM010,2024-01-10,168,179.0,30063.35,133703.11,False
ATM010,2024-01-11,220,185.35,40698.88,93004.23,False
ATM010,2024-01-12,349,188.23,65694.24,27309.99,False
ATM010,2024-01-13,350,184.82,64596.88,170403.12,True
ATM010,2024-01-14,296,181.72,53830.31,116572.81,False
ATM010,2024-01-15,198,178.95,35462.73,81110.08,False
ATM010,2024-01-16,202,187.18,37832.7,43277.39,False
ATM010,2024-01-17,185,184.36,34082.21,9195.18,False
ATM010,2024-01-18,231,183.61,42357.67,192642.33,True
ATM010,2024-01-19,310,181.37,56246.05,136396.28,False
ATM010,2024-01-20,359,183.01,65771.48,70624.8,False
ATM010,2024-01-21,272,177.58,48268.58,22356.22,False
ATM010,2024-01-22,122,183.99,22356.22,0.0,False
ATM010,2024-01-23,180,186.1,33492.95,201507.05,True
ATM010,2024-01-24,200,188.89,37737.8,163769.25,False
ATM010,2024-01-25,231,183.66,42485.59,121283.66,False
ATM010,2024-01-26,313,179.21,56118.13,65165.53,False
ATM010,2024-01-27,333,185.11,61617.01,3548.52,False
ATM010,2024-01-28,254,185.53,47158.0,187842.0,True
ATM010,2024-01-29,190,175.78,33472.36,154369.63,False
ATM010,2024-01-30,199,182.37,36277.9,118091.73,False
ATM010,2024-01-31,189,178.93,33774.62,84317.11,False
ATM010,2024-02-01,192,192.63,36931.25,47385.85,False
ATM010,2024-02-02,271,183.8,49794.54,185205.46,True
ATM010,2024-02-03,347,174.95,60730.43,124475.02,False
ATM010,2024-02-04,253,198.56,50158.92,74316.1,False
ATM010,2024-02-05,141,184.46,25993.08,48323.03,False
ATM010,2024-02-06,156,183.53,28573.96,19749.07,False
ATM010,2024-02-07,161,189.51,30507.94,204492.06,True
ATM010,2024-02-08,198,179.94,35572.25,168919.82,False
ATM010,2024-02-09,269,187.86,50605.87,118313.95,False
ATM010,2024-02-10,295,175.86,51861.16,66452.78,False
ATM010,2024-02-11,277,181.43,50249.85,16202.93,False
ATM010,2024-02-12,170,182.79,31114.04,203885.96,True
ATM010,2024-02-13,160,194.84,31224.04,172661.92,False
ATM010,2024-02-14,185,176.57,32716.16,139945.76,False
ATM010,2024-02-15,243,182.79,44388.42,95557.35,False
ATM010,2024-02-16,391,175.44,68563.87,26993.47,False
ATM010,2024-02-17,455,178.97,81386.24,153613.76,True
ATM010,2024-02-18,339,195.1,66185.95,87427.82,False
ATM010,2024-02-19,225,187.44,42111.36,45316.45,False
ATM010,2024-02-20,200,188.46,37600.12,197399.88,True
ATM010,2024-02-21,231,178.97,41381.0,156018.87,False
ATM010,2024-02-22,263,182.42,47923.87,108095.0,False
ATM010,2024-02-23,359,190.27,68291.2,166708.8,True
ATM010,2024-02-24,374,194.63,72739.22,93969.57,False
ATM010,2024-02-25,280,193.97,54335.78,39633.8,False
ATM010,2024-02-26,216,184.99,39906.52,195093.48,True
ATM010,2024-02-27,216,183.09,39603.99,155489.49,False
ATM010,2024-02-28,234,193.32,45321.9,110167.59,False
ATM010,2024-02-29,291,182.75,53154.56,181845.44,True
ATM010,2024-03-01,392,180.66,70770.34,111075.1,False
ATM010,2024-03-02,401,178.64,71696.63,39378.47,False
ATM010,2024-03-03,310,186.39,57818.39,177181.61,True
ATM010,2024-03-04,203,184.74,37482.28,139699.32,False
ATM010,2024-03-05,238,191.23,45575.28,94124.05,False
ATM010,2024-03-06,232,177.25,41129.78,193870.22,True
ATM010,2024-03-07,293,172.14,50504.14,143366.08,False
ATM010,2024-03-08,411,183.81,75509.08,67857.0,False
ATM010,2024-03-09,498,175.42,87360.51,147639.49,True
ATM010,2024-03-10,345,184.44,63574.17,84065.32,False
ATM010,2024-03-11,236,177.4,41868.0,42197.32,False
ATM010,2024-03-12,226,188.75,42731.91,192268.09,True
ATM010,2024-03-13,255,190.59,48552.92,143715.17,False
ATM010,2024-03-14,261,179.43,46912.98,96802.18,False
ATM010,2024-03-15,329,193.18,63481.45,171518.55,True
ATM010,2024-03-16,276,193.22,53354.51,118164.04,False
ATM010,2024-03-17,243,186.83,45343.67,72820.37,False
ATM010,2024-03-18,163,188.67,30747.02,204252.98,True
ATM010,2024-03-19,164,182.95,30016.26,174236.72,False
ATM010,2024-03-20,179,184.2,32983.06,141253.66,False
ATM010,2024-03-21,180,188.33,33904.99,107348.67,False
ATM010,2024-03-22,272,187.71,50990.61,56358.06,False
ATM010,2024-03-23,306,178.29,54579.62,180420.38,True
ATM010,2024-03-24,255,193.58,49351.63,131068.75,False
ATM010,2024-03-25,183,182.85,33419.47,97649.28,False
ATM010,2024-03-26,153,192.67,29423.68,68225.6,False
ATM010,2024-03-27,169,181.49,30646.11,37579.49,False
ATM010,2024-03-28,221,184.74,40874.32,194125.68,True
ATM010,2024-03-29,327,177.24,57969.11,136156.57,False
ATM010,2024-03-30,297,196.49,58422.65,77733.91,False
ATM010,2024-03-31,239,183.53,43798.43,33935.48,False
ATM010,2024-04-01,173,191.01,33001.71,933.77,False
ATM010,2024-04-02,176,184.47,32457.82,202542.18,True
ATM010,2024-04-03,170,193.64,32847.87,169694.31,False
ATM010,2024-04-04,240,184.82,44314.67,125379.64,False
ATM010,2024-04-05,278,193.52,53858.4,71521.24,False
ATM010,2024-04-06,350,178.87,62604.91,8916.32,False
ATM010,2024-04-07,243,181.41,44044.28,190955.72,True
ATM010,2024-04-08,178,181.54,32345.58,158610.14,False
ATM010,2024-04-09,197,182.92,36087.95,122522.19,False
ATM010,2024-04-10,203,180.99,36715.56,85806.63,False
ATM010,2024-04-11,210,195.66,41060.05,44746.58,False
ATM010,2024-04-12,305,187.13,56983.1,178016.9,True
ATM010,2024-04-13,298,193.44,57562.54,120454.35,False
ATM010,2024-04-14,253,190.83,48189.41,72264.94,False
ATM010,2024-04-15,188,188.39,35505.21,36759.73,False
ATM010,2024-04-16,197,182.49,35903.01,856.72,False
ATM010,2024-04-17,214,180.79,38657.3,196342.7,True
ATM010,2024-04-18,236,182.83,43160.65,153182.05,False
ATM010,2024-04-19,328,182.44,59836.62,93345.43,False
ATM010,2024-04-20,360,179.04,64454.36,28891.07,False
ATM010,2024-04-21,156,185.25,28891.07,0.0,False
ATM010,2024-04-22,187,184.69,34483.86,200516.14,True
ATM010,2024-04-23,190,181.58,34578.45,165937.69,False
ATM010,2024-04-24,198,179.42,35491.35,130446.34,False
ATM010,2024-04-25,252,190.88,48167.05,82279.29,False
ATM010,2024-04-26,311,191.51,59517.2,22762.09,False
ATM010,2024-04-27,327,170.8,55919.4,179080.6,True
ATM010,2024-04-28,273,177.35,48452.96,130627.64,False
ATM010,2024-04-29,189,186.14,35224.42,95403.22,False
ATM010,2024-04-30,204,178.68,36535.32,58867.9,False
ATM010,2024-05-01,175,185.08,32305.84,26562.06,False
ATM010,2024-05-02,202,182.12,36736.52,198263.48,True
ATM010,2024-05-03,306,184.43,56426.56,141836.92,False
ATM010,2024-05-04,353,180.61,63791.73,78045.19,False
ATM010,2024-05-05,249,184.67,46040.13,32005.06,False
ATM010,2024-05-06,163,188.51,30702.13,1302.94,False
ATM010,2024-05-07,173,170.23,29426.04,205573.96,True
ATM010,2024-05-08,132,192.06,25352.39,180221.57,False
ATM010,2024-05-09,200,195.47,39078.16,141143.41,False
ATM010,2024-05-10,288,177.83,51156.71,89986.71,False
ATM010,2024-05-11,296,185.06,54710.73,35275.98,False
ATM010,2024-05-12,210,194.15,40732.36,194267.64,True
ATM010,2024-05-13,196,187.65,36746.36,157521.29,False
ATM010,2024-05-14,169,177.81,30025.94,127495.35,False
ATM010,2024-05-15,189,185.42,35006.17,92489.18,False
ATM010,2024-05-16,187,187.67,35135.22,57353.96,False
ATM010,2024-05-17,265,185.82,49161.99,185838.01,True
ATM010,2024-05-18,267,191.03,50930.3,134907.71,False
ATM010,2024-05-19,227,191.43,43389.03,91518.67,False
ATM010,2024-05-20,168,184.24,30975.43,60543.24,False
ATM010,2024-05-21,146,189.22,27603.98,32939.27,False
ATM010,2024-05-22,162,182.3,29546.49,205453.51,True
ATM010,2024-05-23,193,185.67,35856.29,169597.22,False
ATM010,2024-05-24,247,183.72,45453.68,124143.54,False
ATM010,2024-05-25,326,182.9,59566.71,64576.83,False
ATM010,2024-05-26,231,185.9,43025.13,21551.7,False
ATM010,2024-05-27,174,179.28,31138.86,203861.14,True
ATM010,2024-05-28,157,190.52,29972.43,173888.71,False
ATM010,2024-05-29,160,182.92,29186.07,144702.64,False
ATM010,2024-05-30,171,190.22,32548.5,112154.14,False
ATM010,2024-05-31,282,180.28,50889.44,61264.7,False
ATM010,2024-06-01,318,178.32,56706.53,178293.47,True
ATM010,2024-06-02,230,176.9,40656.99,137636.48,False
ATM010,2024-06-03,151,192.53,29154.21,108482.27,False
ATM010,2024-06-04,152,187.59,28545.63,79936.64,False
ATM010,2024-06-05,157,189.22,29628.38,50308.26,False
ATM010,2024-06-06,180,185.22,33368.75,201631.25,True
ATM010,2024-06-07,260,197.92,51409.35,150221.89,False
ATM010,2024-06-08,324,181.71,58883.48,91338.42,False
ATM010,2024-06-09,233,196.87,45854.3,45484.12,False
ATM010,2024-06-10,155,180.32,28027.87,17456.25,False
ATM010,2024-06-11,162,182.69,29554.6,205445.4,True
ATM010,2024-06-12,173,177.76,30691.35,174754.05,False
ATM010,2024-06-13,223,177.1,39556.2,135197.85,False
ATM010,2024-06-14,265,190.8,50506.68,84691.17,False
ATM010,2024-06-15,313,179.56,56222.54,28468.62,False
ATM010,2024-06-16,216,183.72,39769.82,195230.18,True
ATM010,2024-06-17,160,186.14,29793.25,165436.94,False
ATM010,2024-06-18,144,189.51,27240.93,138196.01,False
ATM010,2024-06-19,170,186.05,31669.76,106526.25,False
ATM010,2024-06-20,217,182.57,39659.12,66867.13,False
ATM010,2024-06-21,268,181.96,48682.2,186317.8,True
ATM010,2024-06-22,301,184.5,55587.25,130730.55,False
ATM010,2024-06-23,237,173.77,41238.27,89492.28,False
ATM010,2024-06-24,162,187.0,30205.04,59287.24,False
ATM010,2024-06-25,158,191.66,30336.76,28950.48,False
ATM010,2024-06-26,190,189.21,36023.01,198976.99,True
ATM010,2024-06-27,209,189.26,39496.89,159480.1,False
ATM010,2024-06-28,296,195.27,57732.11,101747.99,False
ATM010,2024-06-29,319,188.92,60220.47,41527.52,False
ATM010,2024-06-30,225,184.77,41527.52,0.0,False
ATM010,2024-07-01,163,188.45,30680.44,204319.56,True
ATM010,2024-07-02,155,183.94,28571.16,175748.41,False
ATM010,2024-07-03,137,194.56,26639.95,149108.46,False
ATM010,2024-07-04,188,187.53,35304.57,113803.89,False
ATM010,2024-07-05,304,186.67,56722.2,57081.69,False
ATM010,2024-07-06,350,178.11,62335.73,172664.27,True
ATM010,2024-07-07,271,191.03,51693.49,120970.78,False
ATM010,2024-07-08,165,192.91,31878.06,89092.72,False
ATM010,2024-07-09,151,183.4,27688.51,61404.2,False
ATM010,2024-07-10,199,174.64,34756.67,26647.54,False
ATM010,2024-07-11,198,187.95,37288.23,197711.77,True
ATM010,2024-07-12,334,176.21,58789.68,138922.09,False
ATM010,2024-07-13,347,181.89,63061.15,75860.94,False
ATM010,2024-07-14,238,178.22,42360.86,33500.08,False
ATM010,2024-07-15,155,187.24,29111.24,4388.84,False
ATM010,2024-07-16,147,189.11,27797.85,207202.15,True
ATM010,2024-07-17,168,178.27,29990.07,177212.08,False
ATM010,2024-07-18,185,186.87,34553.16,142658.92,False
ATM010,2024-07-19,271,185.19,50234.69,92424.23,False
ATM010,2024-07-20,310,191.01,59155.24,33268.98,False
ATM010,2024-07-21,239,179.2,42768.8,192231.2,True
ATM010,2024-07-22,168,187.61,31582.41,160648.79,False
ATM010,2024-07-23,151,180.06,27128.13,133520.65,False
ATM010,2024-07-24,162,183.85,29872.27,103648.38,False
ATM010,2024-07-25,180,188.92,33993.63,69654.75,False
ATM010,2024-07-26,260,176.23,45776.06,189223.94,True
ATM010,2024-07-27,299,184.03,55039.91,134184.03,False
ATM010,2024-07-28,217,181.63,39475.9,94708.13,False
ATM010,2024-07-29,167,182.82,30544.99,64163.14,False
ATM010,2024-07-30,167,181.33,30369.95,33793.18,False
ATM010,2024-07-31,186,187.71,34838.48,200161.52,True
ATM010,2024-08-01,183,185.52,33884.16,166277.36,False
ATM010,2024-08-02,269,191.74,51666.09,114611.28,False
ATM010,2024-08-03,285,189.26,54022.68,60588.6,False
ATM010,2024-08-04,227,193.28,43835.56,16753.04,False
ATM010,2024-08-05,185,186.09,34385.54,200614.46,True
ATM010,2024-08-06,157,187.81,29502.12,171112.33,False
ATM010,2024-08-07,160,194.33,31020.32,140092.02,False
ATM010,2024-08-08,197,182.75,36051.14,104040.87,False
ATM010,2024-08-09,278,178.27,49597.85,54443.02,False
ATM010,2024-08-10,325,180.45,58579.8,176420.2,True
ATM010,2024-08-11,265,177.82,47199.62,129220.58,False
ATM010,2024-08-12,166,191.38,31695.69,97524.89,False
ATM010,2024-08-13,132,196.2,25846.23,71678.66,False
ATM010,2024-08-14,164,185.78,30493.21,41185.45,False
ATM010,2024-08-15,197,189.03,37316.93,197683.07,True
ATM010,2024-08-16,274,190.54,52210.96,145472.11,False
ATM010,2024-08-17,300,194.77,58426.27,87045.84,False
ATM010,2024-08-18,231,195.9,45334.96,41710.88,False
ATM010,2024-08-19,191,174.98,33459.96,8250.92,False
ATM010,2024-08-20,198,181.81,36074.97,198925.03,True
ATM010,2024-08-21,188,185.15,34881.69,164043.34,False
ATM010,2024-08-22,213,181.18,38618.13,125425.21,False
ATM010,2024-08-23,291,183.59,53512.9,71912.32,False
ATM010,2024-08-24,336,187.43,62926.1,8986.22,False
ATM010,2024-08-25,270,172.99,46666.73,188333.27,True
ATM010,2024-08-26,167,187.28,31227.02,157106.25,False
ATM010,2024-08-27,160,190.33,30522.84,126583.41,False
ATM010,2024-08-28,165,185.27,30620.22,95963.19,False
ATM010,2024-08-29,226,172.35,38944.26,57018.93,False
ATM010,2024-08-30,291,183.15,53376.74,181623.26,True
ATM010,2024-08-31,283,186.87,52855.85,128767.41,False
ATM010,2024-09-01,250,190.77,47628.78,81138.63,False
ATM010,2024-09-02,164,189.86,31118.92,50019.71,False
ATM010,2024-09-03,173,184.52,31931.3,18088.41,False
ATM010,2024-09-04,165,181.47,29926.91,205073.09,True
ATM010,2024-09-05,206,184.77,38019.35,167053.73,False
ATM010,2024-09-06,271,175.65,47602.62,119451.11,False
ATM010,2024-09-07,328,181.97,59719.52,59731.59,False
ATM010,2024-09-08,233,191.88,44729.92,15001.67,False
ATM010,2024-09-09,155,184.75,28664.2,206335.8,True
ATM010,2024-09-10,159,187.11,29691.88,176643.92,False
ATM010,2024-09-11,193,177.62,34261.25,142382.67,False
ATM010,2024-09-12,196,190.72,37312.61,105070.05,False
ATM010,2024-09-13,274,184.24,50555.62,54514.43,False
ATM010,2024-09-14,310,186.91,58016.19,176983.81,True
ATM010,2024-09-15,242,188.12,45525.85,131457.96,False
ATM010,2024-09-16,154,190.5,29327.8,102130.16,False
ATM010,2024-09-17,175,186.03,32606.02,69524.14,False
ATM010,2024-09-18,153,184.36,28294.94,41229.2,False
ATM010,2024-09-19,203,178.65,36344.9,198655.1,True
ATM010,2024-09-20,282,177.18,49944.43,148710.67,False
ATM010,2024-09-21,316,185.92,58788.2,89922.47,False
ATM010,2024-09-22,208,186.95,38951.24,50971.22,False
ATM010,2024-09-23,167,187.87,31290.62,19680.61,False
ATM010,2024-09-24,162,180.55,29236.41,205763.59,True
ATM010,2024-09-25,164,182.01,29764.45,175999.14,False
ATM010,2024-09-26,193,185.82,35900.94,140098.21,False
ATM010,2024-09-27,277,182.65,50540.26,89557.95,False
ATM010,2024-09-28,276,198.92,54972.47,34585.48,False
ATM010,2024-09-29,228,181.9,41411.75,193588.25,True
ATM010,2024-09-30,211,187.34,39560.99,154027.25,False
ATM010,2024-10-01,144,189.68,27281.9,126745.35,False
ATM010,2024-10-02,155,190.05,29475.85,97269.51,False
ATM010,2024-10-03,194,182.56,35328.08,61941.42,False
ATM010,2024-10-04,305,188.14,57326.45,177673.55,True
ATM010,2024-10-05,322,187.41,60312.54,117361.01,False
ATM010,2024-10-06,225,188.39,42368.47,74992.55,False
ATM010,2024-10-07,184,185.75,34189.51,40803.03,False
ATM010,2024-10-08,180,189.72,34087.72,6715.32,False
ATM010,2024-10-09,171,186.4,31884.26,203115.74,True
ATM010,2024-10-10,203,178.06,36199.75,166915.99,False
ATM010,2024-10-11,273,186.23,50897.59,116018.4,False
ATM010,2024-10-12,293,186.87,54724.13,61294.27,False
ATM010,2024-10-13,231,189.29,43772.56,17521.71,False
ATM010,2024-10-14,177,185.93,32907.21,202092.79,True
ATM010,2024-10-15,140,194.94,27306.29,174786.5,False
ATM010,2024-10-16,169,184.55,31104.16,143682.34,False
ATM010,2024-10-17,192,182.29,35004.24,108678.1,False
ATM010,2024-10-18,296,192.69,57065.78,51612.33,False
ATM010,2024-10-19,315,184.4,58121.65,176878.35,True
ATM010,2024-10-20,246,185.41,45643.16,131235.19,False
ATM010,2024-10-21,166,186.88,30999.1,100236.08,False
ATM010,2024-10-22,156,186.4,29135.02,71101.06,False
ATM010,2024-10-23,169,188.35,31866.95,39234.11,False
ATM010,2024-10-24,182,188.94,34332.97,200667.03,True
ATM010,2024-10-25,264,181.82,48070.98,152596.05,False
ATM010,2024-10-26,303,179.05,54293.58,98302.47,False
ATM010,2024-10-27,261,179.62,46927.88,51374.59,False
ATM010,2024-10-28,156,191.97,29914.69,21459.9,False
ATM010,2024-10-29,157,183.96,28872.26,206127.74,True
ATM010,2024-10-30,154,189.62,29266.16,176861.58,False
ATM010,2024-10-31,201,189.1,38043.0,138818.58,False
ATM010,2024-11-01,338,185.41,62756.5,76062.08,False
ATM010,2024-11-02,355,180.48,64086.83,170913.17,True
ATM010,2024-11-03,298,189.24,56448.2,114464.98,False
ATM010,2024-11-04,191,185.22,35313.21,79151.77,False
ATM010,2024-11-05,194,178.74,34720.44,44431.34,False
ATM010,2024-11-06,205,182.69,37533.12,197466.88,True
ATM010,2024-11-07,224,176.79,39578.36,157888.52,False
ATM010,2024-11-08,296,182.94,54172.25,103716.27,False
ATM010,2024-11-09,367,180.14,66088.09,37628.18,False
ATM010,2024-11-10,292,184.64,53978.28,181021.72,True
ATM010,2024-11-11,210,183.98,38596.83,142424.89,False
ATM010,2024-11-12,181,185.63,33556.76,108868.13,False
ATM010,2024-11-13,181,187.99,33933.44,74934.69,False
ATM010,2024-11-14,208,190.1,39621.01,195378.99,True
ATM010,2024-11-15,309,190.9,59023.94,136355.05,False
ATM010,2024-11-16,339,181.24,61458.46,74896.59,False
ATM010,2024-11-17,277,191.5,52968.39,21928.19,False
ATM010,2024-11-18,225,185.23,41656.23,193343.77,True
ATM010,2024-11-19,220,183.39,40325.29,153018.49,False
ATM010,2024-11-20,223,179.77,40032.92,112985.57,False
ATM010,2024-11-21,253,172.0,43570.23,69415.34,False
ATM010,2024-11-22,298,187.59,55875.37,179124.63,True
ATM010,2024-11-23,324,187.37,60647.26,118477.37,False
ATM010,2024-11-24,302,182.22,54953.21,63524.17,False
ATM010,2024-11-25,190,182.37,34638.35,28885.81,False
ATM010,2024-11-26,180,184.44,33139.62,201860.38,True
ATM010,2024-11-27,204,183.3,37335.13,164525.25,False
ATM010,2024-11-28,263,181.01,47568.23,116957.01,False
ATM010,2024-11-29,372,179.22,66622.03,50334.98,False
ATM010,2024-11-30,349,191.57,66822.48,168177.52,True
ATM010,2024-12-01,306,182.67,55825.18,112352.34,False
ATM010,2024-12-02,206,187.34,38537.94,73814.4,False
ATM010,2024-12-03,181,188.42,34142.43,39671.98,False
ATM010,2024-12-04,225,187.62,42231.35,192768.65,True
ATM010,2024-12-05,233,188.73,44018.28,148750.37,False
ATM010,2024-12-06,291,187.55,54563.58,94186.79,False
ATM010,2024-12-07,341,181.73,61915.59,32271.2,False
ATM010,2024-12-08,327,183.59,60001.28,174998.72,True
ATM010,2024-12-09,184,191.4,35197.54,139801.18,False
ATM010,2024-12-10,182,182.52,33181.72,106619.46,False
ATM010,2024-12-11,218,185.24,40456.28,66163.18,False
ATM010,2024-12-12,202,188.02,37926.43,197073.57,True
ATM010,2024-12-13,304,193.55,58784.75,138288.82,False
ATM010,2024-12-14,334,190.83,63720.87,74567.96,False
ATM010,2024-12-15,324,180.28,58400.76,16167.2,False
ATM010,2024-12-16,195,187.16,36571.28,198428.72,True
ATM010,2024-12-17,179,186.5,33392.2,165036.52,False
ATM010,2024-12-18,199,183.64,36490.2,128546.31,False
ATM010,2024-12-19,229,185.4,42452.5,86093.81,False
ATM010,2024-12-20,337,181.68,61136.35,173863.65,True
ATM010,2024-12-21,347,184.34,63948.83,109914.82,False
ATM010,2024-12-22,282,182.56,51413.3,58501.52,False
ATM010,2024-12-23,217,174.93,37919.45,20582.08,False
ATM010,2024-12-24,184,183.45,33690.1,201309.9,True
ATM010,2024-12-25,180,194.04,34913.03,166396.87,False
ATM010,2024-12-26,228,185.98,42363.21,124033.66,False
ATM010,2024-12-27,316,184.91,58428.8,65604.86,False
ATM010,2024-12-28,332,184.06,61061.25,173938.75,True
ATM010,2024-12-29,263,183.46,48300.38,125638.37,False
ATM010,2024-12-30,173,178.74,30987.82,94650.56,False
ATM010,2024-12-31,207,189.61,39283.77,55366.79,False
ATM011,2024-01-01,106,83.85,8896.64,76103.36,False
ATM011,2024-01-02,86,87.92,7577.13,68526.23,False
ATM011,2024-01-03,91,91.36,8355.18,76644.82,True
ATM011,2024-01-04,99,90.03,8934.93,67709.89,False
ATM011,2024-01-05,141,88.41,12424.01,55285.88,False
ATM011,2024-01-06,188,82.39,15483.25,39802.62,False
ATM011,2024-01-07,118,82.37,9680.65,30121.97,False
ATM011,2024-01-08,90,86.7,7787.1,77212.9,True
ATM011,2024-01-09,94,85.13,8036.38,69176.52,False
ATM011,2024-01-10,108,80.26,8647.74,60528.78,False
ATM011,2024-01-11,119,84.11,10030.19,50498.59,False
ATM011,2024-01-12,151,86.58,13038.08,37460.51,False
ATM011,2024-01-13,179,84.73,15134.04,69865.96,True
ATM011,2024-01-14,101,85.15,8631.55,61234.41,False
ATM011,2024-01-15,105,82.36,8607.33,52627.08,False
ATM011,2024-01-16,98,84.08,8232.31,44394.77,False
ATM011,2024-01-17,87,86.71,7571.33,36823.44,False
ATM011,2024-01-18,105,83.96,8811.56,76188.44,True
ATM011,2024-01-19,138,88.15,12160.9,64027.54,False
ATM011,2024-01-20,161,85.2,13710.01,50317.52,False
ATM011,2024-01-21,113,86.18,9710.76,40606.76,False
ATM011,2024-01-22,108,86.65,9327.96,31278.8,False
ATM011,2024-01-23,99,86.55,8549.08,76450.92,True
ATM011,2024-01-24,91,82.77,7551.49,68899.44,False
ATM011,2024-01-25,109,83.15,9035.64,59863.8,False
ATM011,2024-01-26,145,80.23,11659.12,48204.68,False
ATM011,2024-01-27,148,84.35,12512.57,35692.11,False
ATM011,2024-01-28,120,82.98,9966.4,75033.6,True
ATM011,2024-01-29,102,83.89,8534.26,66499.34,False
ATM011,2024-01-30,104,84.59,8794.11,57705.23,False
ATM011,2024-01-31,102,85.52,8732.96,48972.26,False
ATM011,2024-02-01,89,84.77,7553.95,41418.31,False
ATM011,2024-02-02,124,84.72,10473.02,74526.98,True
ATM011,2024-02-03,138,85.97,11864.15,62662.83,False
ATM011,2024-02-04,97,85.04,8287.96,54374.87,False
ATM011,2024-02-05,92,87.31,8031.11,46343.75,False
ATM011,2024-02-06,83,85.05,7021.24,39322.51,False
ATM011,2024-02-07,86,88.95,7659.46,77340.54,True
ATM011,2024-02-08,91,82.68,7512.15,69828.38,False
ATM011,2024-02-09,165,84.3,13896.11,55932.28,False
ATM011,2024-02-10,131,83.51,10949.69,44982.59,False
ATM011,2024-02-11,88,85.61,7500.33,37482.26,False
ATM011,2024-02-12,99,82.68,8165.67,76834.33,True
ATM011,2024-02-13,82,87.36,7166.96,69667.37,False
ATM011,2024-02-14,82,81.63,6689.48,62977.88,False
ATM011,2024-02-15,124,83.08,10333.17,52644.72,False
ATM011,2024-02-16,172,81.78,14095.24,38549.47,False
ATM011,2024-02-17,189,84.62,15987.29,69012.71,True
ATM011,2024-02-18,139,85.51,11921.26,57091.44,False
ATM011,2024-02-19,121,81.31,9863.43,47228.01,False
ATM011,2024-02-20,115,84.16,9660.31,75339.69,True
ATM011,2024-02-21,107,87.67,9416.86,65922.84,False
ATM011,2024-02-22,113,88.45,9983.83,55939.01,False
ATM011,2024-02-23,183,86.92,15919.13,69080.87,True
ATM011,2024-02-24,185,79.42,14704.43,54376.44,False
ATM011,2024-02-25,145,85.28,12371.54,42004.9,False
ATM011,2024-02-26,105,87.99,9227.63,75772.37,True
ATM011,2024-02-27,105,83.92,8786.66,66985.71,False
ATM011,2024-02-28,120,82.16,9883.88,57101.82,False
ATM011,2024-02-29,119,87.78,10419.34,74580.66,True
ATM011,2024-03-01,166,88.18,14602.4,59978.26,False
ATM011,2024-03-02,201,85.02,17049.9,42928.36,False
ATM011,2024-03-03,119,82.18,9740.66,75259.34,True
ATM011,2024-03-04,127,81.05,10255.35,65003.99,False
ATM011,2024-03-05,106,85.86,9121.88,55882.12,False
ATM011,2024-03-06,126,83.53,10559.58,74440.42,True
ATM011,2024-03-07,118,84.87,10037.05,64403.38,False
ATM011,2024-03-08,174,84.61,14746.0,49657.37,False
ATM011,2024-03-09,204,82.96,16949.54,68050.46,True
ATM011,2024-03-10,134,86.14,11568.57,56481.89,False
ATM011,2024-03-11,108,87.14,9453.17,47028.72,False
ATM011,2024-03-12,108,87.01,9430.71,75569.29,True
ATM011,2024-03-13,112,85.96,9657.65,65911.64,False
ATM011,2024-03-14,120,83.39,10044.85,55866.79,False
ATM011,2024-03-15,181,86.62,15675.76,69324.24,True
ATM011,2024-03-16,136,85.46,11635.64,57688.6,False
ATM011,2024-03-17,92,83.54,7710.66,49977.93,False
ATM011,2024-03-18,97,84.68,8252.58,76747.42,True
ATM011,2024-03-19,97,77.31,7468.44,69278.98,False
ATM011,2024-03-20,86,85.86,7356.57,61922.41,False
ATM011,2024-03-21,98,87.45,8608.81,53313.6,False
ATM011,2024-03-22,133,84.58,11252.36,42061.24,False
ATM011,2024-03-23,135,84.48,11386.54,73613.46,True
ATM011,2024-03-24,104,80.29,8334.96,65278.5,False
ATM011,2024-03-25,80,88.85,7151.28,58127.22,False
ATM011,2024-03-26,85,85.56,7268.09,50859.13,False
ATM011,2024-03-27,91,80.43,7294.4,43564.73,False
ATM011,2024-03-28,112,79.46,8897.26,76102.74,True
ATM011,2024-03-29,129,84.86,10984.23,65118.51,False
ATM011,2024-03-30,153,83.15,12702.7,52415.81,False
ATM011,2024-03-31,96,82.96,8005.36,44410.45,False
ATM011,2024-04-01,97,83.03,8053.86,36356.59,False
ATM011,2024-04-02,106,81.91,8720.24,76279.76,True
ATM011,2024-04-03,99,85.4,8494.6,67785.16,False
ATM011,2024-04-04,116,84.66,9803.68,57981.49,False
ATM011,2024-04-05,157,84.56,13276.37,44705.12,False
ATM011,2024-04-06,175,81.17,14173.84,30531.28,False
ATM011,2024-04-07,97,85.96,8326.14,76673.86,True
ATM011,2024-04-08,101,86.21,8747.32,67926.55,False
ATM011,2024-04-09,88,88.8,7853.8,60072.75,False
ATM011,2024-04-10,94,86.07,8054.01,52018.74,False
ATM011,2024-04-11,107,89.38,9555.82,42462.92,False
ATM011,2024-04-12,147,83.33,12285.44,72714.56,True
ATM011,2024-04-13,139,88.96,12380.47,60334.09,False
ATM011,2024-04-14,120,86.16,10314.78,50019.31,False
ATM011,2024-04-15,123,85.83,10556.42,39462.9,False
ATM011,2024-04-16,88,84.5,7437.84,32025.06,False
ATM011,2024-04-17,92,83.99,7768.89,77231.11,True
ATM011,2024-04-18,107,83.5,8911.51,68319.6,False
ATM011,2024-04-19,128,89.06,11393.88,56925.71,False
ATM011,2024-04-20,166,84.43,14039.99,42885.72,False
ATM011,2024-04-21,123,86.2,10560.43,32325.29,False
ATM011,2024-04-22,100,86.75,8652.63,76347.37,True
ATM011,2024-04-23,95,86.71,8224.5,68122.87,False
ATM011,2024-04-24,103,85.41,8767.74,59355.13,False
ATM011,2024-04-25,102,88.9,9025.9,50329.23,False
ATM011,2024-04-26,141,86.0,12147.87,38181.36,False
ATM011,2024-04-27,170,83.45,14153.53,70846.47,True
ATM011,2024-04-28,113,84.1,9464.34,61382.13,False
ATM011,2024-04-29,101,81.28,8199.8,53182.33,False
ATM011,2024-04-30,91,85.68,7784.53,45397.8,False
ATM011,2024-05-01,96,86.41,8262.01,37135.8,False
ATM011,2024-05-02,80,86.64,6946.57,78053.43,True
ATM011,2024-05-03,127,86.16,10981.65,67071.78,False
ATM011,2024-05-04,148,84.51,12487.04,54584.74,False
ATM011,2024-05-05,106,84.94,9039.58,45545.17,False
ATM011,2024-05-06,100,84.95,8477.05,37068.12,False
ATM011,2024-05-07,91,87.4,7991.83,77008.17,True
ATM011,2024-05-08,98,80.44,7922.8,69085.37,False
ATM011,2024-05-09,107,83.83,9010.4,60074.97,False
ATM011,2024-05-10,145,82.52,12005.89,48069.08,False
ATM011,2024-05-11,128,90.04,11504.35,36564.73,False
ATM011,2024-05-12,97,87.92,8514.58,76485.42,True
ATM011,2024-05-13,93,83.93,7779.9,68705.52,False
ATM011,2024-05-14,90,81.68,7383.84,61321.68,False
ATM011,2024-05-15,92,82.24,7554.09,53767.59,False
ATM011,2024-05-16,93,87.36,8105.43,45662.16,False
ATM011,2024-05-17,143,81.22,11624.21,73375.79,True
ATM011,2024-05-18,156,84.98,13267.06,60108.73,False
ATM011,2024-05-19,101,86.9,8765.43,51343.3,False
ATM011,2024-05-20,93,82.03,7625.9,43717.4,False
ATM011,2024-05-21,99,84.96,8429.85,35287.55,False
ATM011,2024-05-22,90,83.97,7518.41,77481.59,True
ATM011,2024-05-23,108,83.66,9050.44,68431.15,False
ATM011,2024-05-24,123,83.27,10248.67,58182.49,False
ATM011,2024-05-25,157,87.12,13715.88,44466.6,False
ATM011,2024-05-26,101,88.5,8943.42,35523.19,False
ATM011,2024-05-27,96,84.32,8130.4,76869.6,True
ATM011,2024-05-28,85,85.84,7321.52,69548.07,False
ATM011,2024-05-29,84,85.01,7133.62,62414.45,False
ATM011,2024-05-30,106,80.7,8514.85,53899.6,False
ATM011,2024-05-31,134,84.23,11268.87,42630.73,False
ATM011,2024-06-01,167,80.3,13432.07,71567.93,True
ATM011,2024-06-02,106,83.77,8864.58,62703.35,False
ATM011,2024-06-03,97,84.89,8252.03,54451.32,False
ATM011,2024-06-04,97,86.69,8399.39,46051.93,False
ATM011,2024-06-05,86,85.61,7347.32,38704.61,False
ATM011,2024-06-06,93,87.19,8128.94,76871.06,True
ATM011,2024-06-07,125,82.9,10402.46,66468.6,False
ATM011,2024-06-08,146,88.13,12904.53,53564.06,False
ATM011,2024-06-09,88,88.5,7803.96,45760.11,False
ATM011,2024-06-10,95,80.2,7640.36,38119.75,False
ATM011,2024-06-11,74,81.1,6003.31,78996.69,True
ATM011,2024-06-12,89,84.83,7550.94,71445.75,False
ATM011,2024-06-13,104,83.6,8710.59,62735.16,False
ATM011,2024-06-14,126,83.95,10566.97,52168.18,False
ATM011,2024-06-15,146,85.59,12528.84,39639.34,False
ATM011,2024-06-16,99,87.3,8615.19,76384.81,True
ATM011,2024-06-17,89,82.78,7387.26,68997.55,False
ATM011,2024-06-18,81,87.74,7131.1,61866.46,False
ATM011,2024-06-19,90,83.23,7491.4,54375.05,False
ATM011,2024-06-20,98,90.46,8891.03,45484.02,False
ATM011,2024-06-21,131,88.15,11588.05,73411.95,True
ATM011,2024-06-22,161,83.46,13439.6,59972.35,False
ATM011,2024-06-23,112,81.73,9121.49,50850.86,False
ATM011,2024-06-24,91,83.4,7605.78,43245.08,False
ATM011,2024-06-25,87,83.09,7201.07,36044.01,False
ATM011,2024-06-26,86,86.36,7410.92,77589.08,True
ATM011,2024-06-27,103,80.25,8263.52,69325.56,False
ATM011,2024-06-28,134,81.13,10838.1,58487.45,False
ATM011,2024-06-29,147,86.28,12714.77,45772.68,False
ATM011,2024-06-30,112,82.99,9269.48,36503.2,False
ATM011,2024-07-01,94,83.8,7850.16,77149.84,True
ATM011,2024-07-02,79,86.89,6839.79,70310.05,False
ATM011,2024-07-03,92,87.42,8006.98,62303.07,False
ATM011,2024-07-04,91,88.01,7985.53,54317.55,False
ATM011,2024-07-05,127,86.67,11031.4,43286.15,False
ATM011,2024-07-06,143,84.43,12060.27,72939.73,True
ATM011,2024-07-07,91,84.23,7685.12,65254.61,False
ATM011,2024-07-08,92,83.95,7765.03,57489.58,False
ATM011,2024-07-09,102,82.04,8375.96,49113.62,False
ATM011,2024-07-10,88,82.69,7268.87,41844.75,False
ATM011,2024-07-11,91,87.63,8010.48,76989.52,True
ATM011,2024-07-12,152,83.21,12663.94,64325.58,False
ATM011,2024-07-13,145,82.05,11882.54,52443.04,False
ATM011,2024-07-14,114,87.86,9976.26,42466.78,False
ATM011,2024-07-15,94,81.44,7658.65,34808.13,False
ATM011,2024-07-16,79,85.44,6759.61,78240.39,True
ATM011,2024-07-17,99,79.73,7857.79,70382.6,False
ATM011,2024-07-18,91,89.13,8147.6,62234.99,False
ATM011,2024-07-19,127,88.8,11246.65,50988.34,False
ATM011,2024-07-20,159,82.24,13080.38,37907.96,False
ATM011,2024-07-21,105,84.67,8919.87,76080.13,True
ATM011,2024-07-22,87,82.53,7218.0,68862.12,False
ATM011,2024-07-23,100,82.51,8230.99,60631.13,False
ATM011,2024-07-24,97,83.89,8154.27,52476.86,False
ATM011,2024-07-25,96,86.43,8317.99,44158.87,False
ATM011,2024-07-26,127,86.45,10950.63,74049.37,True
ATM011,2024-07-27,126,86.12,10831.19,63218.17,False
ATM011,2024-07-28,91,84.42,7659.69,55558.48,False
ATM011,2024-07-29,95,86.59,8191.13,47367.36,False
ATM011,2024-07-30,82,82.02,6763.52,40603.84,False
ATM011,2024-07-31,84,85.47,7205.5,77794.5,True
ATM011,2024-08-01,85,84.97,7228.13,70566.37,False
ATM011,2024-08-02,138,84.28,11670.87,58895.5,False
ATM011,2024-08-03,152,85.57,12967.59,45927.91,False
ATM011,2024-08-04,109,80.06,8765.76,37162.15,False
ATM011,2024-08-05,94,82.57,7788.07,77211.93,True
ATM011,2024-08-06,82,86.22,7113.17,70098.76,False
ATM011,2024-08-07,98,84.9,8350.03,61748.73,False
ATM011,2024-08-08,107,81.32,8662.47,53086.26,False
ATM011,2024-08-09,137,84.85,11617.16,41469.1,False
ATM011,2024-08-10,163,83.62,13622.55,71377.45,True
ATM011,2024-08-11,102,87.7,8951.8,62425.66,False
ATM011,2024-08-12,93,82.17,7666.13,54759.53,False
ATM011,2024-08-13,108,82.25,8855.57,45903.96,False
ATM011,2024-08-14,88,85.88,7527.2,38376.76,False
ATM011,2024-08-15,100,84.52,8490.51,76509.49,True
ATM011,2024-08-16,134,84.4,11272.47,65237.03,False
ATM011,2024-08-17,128,90.48,11560.16,53676.86,False
ATM011,2024-08-18,104,86.52,8965.37,44711.49,False
ATM011,2024-08-19,90,84.1,7537.03,37174.46,False
ATM011,2024-08-20,89,81.05,7174.63,77825.37,True
ATM011,2024-08-21,89,83.96,7476.82,70348.55,False
ATM011,2024-08-22,110,81.95,9045.09,61303.46,False
ATM011,2024-08-23,133,82.71,10967.06,50336.4,False
ATM011,2024-08-24,167,82.78,13827.47,36508.92,False
ATM011,2024-08-25,108,87.47,9470.01,75529.99,True
ATM011,2024-08-26,94,81.49,7637.16,67892.83,False
ATM011,2024-08-27,77,87.19,6732.47,61160.37,False
ATM011,2024-08-28,80,86.0,6922.73,54237.64,False
ATM011,2024-08-29,98,85.96,8399.9,45837.74,False
ATM011,2024-08-30,143,82.62,11802.45,73197.55,True
ATM011,2024-08-31,134,86.82,11674.34,61523.21,False
ATM011,2024-09-01,112,77.99,8712.12,52811.09,False
ATM011,2024-09-02,98,82.36,8074.15,44736.94,False
ATM011,2024-09-03,86,88.55,7653.26,37083.68,False
ATM011,2024-09-04,86,87.54,7570.24,77429.76,True
ATM011,2024-09-05,95,89.05,8423.13,69006.63,False
ATM011,2024-09-06,125,84.98,10601.01,58405.63,False
ATM011,2024-09-07,155,84.51,13102.48,45303.14,False
ATM011,2024-09-08,118,83.9,9869.25,35433.89,False
ATM011,2024-09-09,99,90.41,8918.34,76081.66,True
ATM011,2024-09-10,87,86.41,7554.76,68526.9,False
ATM011,2024-09-11,100,81.97,8219.16,60307.74,False
ATM011,2024-09-12,86,88.2,7601.73,52706.01,False
ATM011,2024-09-13,138,84.42,11640.33,41065.68,False
ATM011,2024-09-14,159,78.92,12509.13,72490.87,True
ATM011,2024-09-15,108,83.08,8983.86,63507.01,False
ATM011,2024-09-16,94,87.54,8227.81,55279.2,False
ATM011,2024-09-17,90,86.01,7712.17,47567.03,False
ATM011,2024-09-18,79,86.51,6808.95,40758.09,False
ATM011,2024-09-19,99,88.18,8708.27,76291.73,True
ATM011,2024-09-20,164,80.68,13244.35,63047.38,False
ATM011,2024-09-21,146,83.11,12164.08,50883.3,False
ATM011,2024-09-22,108,85.03,9215.11,41668.2,False
ATM011,2024-09-23,87,87.62,7590.28,34077.92,False
ATM011,2024-09-24,83,82.35,6857.43,78142.57,True
ATM011,2024-09-25,84,84.08,7038.22,71104.34,False
ATM011,2024-09-26,90,84.88,7646.24,63458.1,False
ATM011,2024-09-27,136,82.99,11287.68,52170.42,False
ATM011,2024-09-28,157,84.85,13287.77,38882.65,False
ATM011,2024-09-29,116,84.5,9807.57,75192.43,True
ATM011,2024-09-30,92,83.56,7702.62,67489.81,False
ATM011,2024-10-01,85,86.82,7403.4,60086.42,False
ATM011,2024-10-02,85,86.32,7346.75,52739.67,False
ATM011,2024-10-03,91,86.94,7872.09,44867.58,False
ATM011,2024-10-04,126,87.17,10964.94,74035.06,True
ATM011,2024-10-05,141,88.88,12552.86,61482.2,False
ATM011,2024-10-06,103,81.24,8397.92,53084.28,False
ATM011,2024-10-07,91,81.47,7389.94,45694.34,False
ATM011,2024-10-08,78,86.58,6723.72,38970.63,False
ATM011,2024-10-09,90,83.78,7559.15,77440.85,True
ATM011,2024-10-10,97,83.48,8110.24,69330.6,False
ATM011,2024-10-11,154,83.12,12817.64,56512.97,False
ATM011,2024-10-12,131,87.03,11394.5,45118.46,False
ATM011,2024-10-13,99,90.2,8968.03,36150.43,False
ATM011,2024-10-14,85,87.16,7436.65,77563.35,True
ATM011,2024-10-15,95,83.67,7989.96,69573.39,False
ATM011,2024-10-16,83,86.89,7178.19,62395.2,False
ATM011,2024-10-17,107,81.4,8675.11,53720.09,False
ATM011,2024-10-18,134,78.53,10551.9,43168.2,False
ATM011,2024-10-19,155,84.33,13031.34,71968.66,True
ATM011,2024-10-20,112,80.69,9001.74,62966.91,False
ATM011,2024-10-21,85,83.78,7144.82,55822.1,False
ATM011,2024-10-22,83,85.3,7066.53,48755.57,False
ATM011,2024-10-23,87,90.79,7876.58,40878.98,False
ATM011,2024-10-24,95,87.84,8321.26,76678.74,True
ATM011,2024-10-25,133,80.73,10774.67,65904.06,False
ATM011,2024-10-26,151,80.93,12194.92,53709.15,False
ATM011,2024-10-27,110,83.01,9113.86,44595.29,False
ATM011,2024-10-28,75,89.43,6729.19,37866.1,False
ATM011,2024-10-29,88,80.82,7133.51,77866.49,True
ATM011,2024-10-30,97,83.14,8052.02,69814.47,False
ATM011,2024-10-31,108,83.13,8993.72,60820.74,False
ATM011,2024-11-01,151,85.88,12974.01,47846.74,False
ATM011,2024-11-02,177,86.96,15374.65,32472.08,False
ATM011,2024-11-03,124,86.35,10676.03,74323.97,True
ATM011,2024-11-04,112,85.51,9592.32,64731.65,False
ATM011,2024-11-05,106,81.31,8653.47,56078.18,False
ATM011,2024-11-06,109,85.11,9304.59,46773.58,False
ATM011,2024-11-07,108,88.26,9552.25,37221.33,False
ATM011,2024-11-08,137,89.19,12193.01,72806.99,True
ATM011,2024-11-09,172,85.81,14726.31,58080.68,False
ATM011,2024-11-10,129,80.75,10450.29,47630.39,False
ATM011,2024-11-11,105,85.85,9015.96,38614.43,False
ATM011,2024-11-12,108,84.5,9164.0,29450.44,False
ATM011,2024-11-13,94,81.07,7652.93,77347.07,True
ATM011,2024-11-14,138,82.21,11351.74,65995.33,False
ATM011,2024-11-15,180,82.62,14890.21,51105.12,False
ATM011,2024-11-16,168,86.59,14562.11,36543.01,False
ATM011,2024-11-17,114,89.06,10143.87,26399.14,False
ATM011,2024-11-18,106,86.18,9152.89,75847.11,True
ATM011,2024-11-19,99,86.68,8578.12,67268.99,False
ATM011,2024-11-20,118,84.67,9965.03,57303.97,False
ATM011,2024-11-21,133,83.44,11098.5,46205.47,False
ATM011,2024-11-22,165,86.25,14215.0,31990.48,False
ATM011,2024-11-23,160,85.55,13686.28,71313.72,True
ATM011,2024-11-24,130,82.82,10748.85,60564.87,False
ATM011,2024-11-25,109,85.37,9335.54,51229.32,False
ATM011,2024-11-26,103,84.83,8696.02,42533.3,False
ATM011,2024-11-27,105,84.06,8866.37,33666.93,False
ATM011,2024-11-28,119,83.36,9929.58,75070.42,True
ATM011,2024-11-29,199,81.41,16228.8,58841.62,False
ATM011,2024-11-30,169,83.71,14157.77,44683.85,False
ATM011,2024-12-01,152,81.63,12392.83,32291.03,False
ATM011,2024-12-02,110,85.63,9380.03,22911.0,False
ATM011,2024-12-03,101,88.15,8946.83,76053.17,True
ATM011,2024-12-04,116,83.85,9715.03,66338.14,False
ATM011,2024-12-05,124,80.25,9967.31,56370.83,False
ATM011,2024-12-06,164,82.98,13568.45,42802.38,False
ATM011,2024-12-07,180,80.7,14558.11,28244.27,False
ATM011,2024-12-08,137,80.67,11052.14,73947.86,True
ATM011,2024-12-09,112,81.87,9199.5,64748.36,False
ATM011,2024-12-10,94,87.94,8235.65,56512.72,False
ATM011,2024-12-11,106,87.93,9297.26,47215.45,False
ATM011,2024-12-12,132,83.03,10967.22,36248.23,False
ATM011,2024-12-13,184,81.26,14965.37,70034.63,True
ATM011,2024-12-14,186,83.74,15540.07,54494.56,False
ATM011,2024-12-15,116,86.57,10065.99,44428.57,False
ATM011,2024-12-16,111,87.33,9727.1,34701.48,False
ATM011,2024-12-17,104,85.34,8872.77,25828.71,False
ATM011,2024-12-18,108,85.77,9257.62,75742.38,True
ATM011,2024-12-19,119,85.52,10212.62,65529.76,False
ATM011,2024-12-20,177,80.85,14293.51,51236.25,False
ATM011,2024-12-21,179,81.47,14614.38,36621.87,False
ATM011,2024-12-22,123,89.19,10953.43,25668.44,False
ATM011,2024-12-23,103,85.32,8807.32,76192.68,True
ATM011,2024-12-24,116,79.73,9215.63,66977.06,False
ATM011,2024-12-25,100,85.93,8602.2,58374.85,False
ATM011,2024-12-26,97,82.51,8028.04,50346.81,False
ATM011,2024-12-27,166,87.56,14554.07,35792.74,False
ATM011,2024-12-28,174,87.25,15140.86,69859.14,True
ATM011,2024-12-29,126,86.42,10906.3,58952.84,False
ATM011,2024-12-30,104,85.3,8905.53,50047.31,False
ATM011,2024-12-31,95,88.22,8361.86,41685.45,False
ATM012,2024-01-01,207,68.0,14077.41,85922.59,True
ATM012,2024-01-02,214,71.14,15206.23,70716.36,False
ATM012,2024-01-03,212,68.67,14525.96,56190.41,False
ATM012,2024-01-04,238,67.72,16117.35,83882.65,True
ATM012,2024-01-05,307,72.9,22411.3,61471.35,False
ATM012,2024-01-06,368,71.49,26304.45,35166.89,False
ATM012,2024-01-07,220,70.41,15516.62,84483.38,True
ATM012,2024-01-08,247,68.18,16825.85,67657.52,False
ATM012,2024-01-09,190,72.97,13848.46,53809.06,False
ATM012,2024-01-10,197,75.21,14822.34,85177.66,True
ATM012,2024-01-11,219,67.92,14861.87,70315.78,False
ATM012,2024-01-12,346,67.49,23356.37,46959.41,False
ATM012,2024-01-13,331,69.86,23145.29,76854.71,True
ATM012,2024-01-14,258,71.29,18378.34,58476.37,False
ATM012,2024-01-15,216,69.15,14956.31,43520.06,False
ATM012,2024-01-16,193,78.45,15140.41,84859.59,True
ATM012,2024-01-17,212,70.21,14899.48,69960.12,False
ATM012,2024-01-18,208,68.66,14285.56,55674.55,False
ATM012,2024-01-19,307,68.88,21120.02,78879.98,True
ATM012,2024-01-20,318,73.73,23439.9,55440.08,False
ATM012,2024-01-21,268,69.67,18652.03,36788.05,False
ATM012,2024-01-22,183,72.81,13310.58,86689.42,True
ATM012,2024-01-23,209,66.37,13858.28,72831.13,False
ATM012,2024-01-24,207,72.15,14921.55,57909.59,False
ATM012,2024-01-25,193,68.27,13200.92,86799.08,True
ATM012,2024-01-26,297,71.54,21273.23,65525.86,False
ATM012,2024-01-27,332,68.25,22634.22,42891.64,False
ATM012,2024-01-28,261,69.02,17985.31,82014.69,True
ATM012,2024-01-29,222,67.67,15045.56,66969.13,False
ATM012,2024-01-30,177,71.59,12649.95,54319.18,False
ATM012,2024-01-31,201,71.94,14448.82,85551.18,True
ATM012,2024-02-01,100,68.33,6850.77,78700.41,False
ATM012,2024-02-02,160,66.8,10718.53,67981.88,False
ATM012,2024-02-03,160,72.77,11643.06,88356.94,True
ATM012,2024-02-04,120,68.56,8251.56,80105.38,False
ATM012,2024-02-05,89,69.56,6218.48,73886.91,False
ATM012,2024-02-06,85,67.98,5773.09,68113.82,False
ATM012,2024-02-07,95,71.36,6750.46,61363.36,False
ATM012,2024-02-08,93,71.42,6607.28,93392.72,True
ATM012,2024-02-09,137,73.17,10059.57,83333.14,False
ATM012,2024-02-10,154,72.22,11100.02,72233.12,False
ATM012,2024-02-11,111,72.06,8033.27,64199.85,False
ATM012,2024-02-12,86,69.74,6016.97,58182.88,False
ATM012,2024-02-13,91,69.49,6303.66,93696.34,True
ATM012,2024-02-14,93,71.33,6656.21,87040.12,False
ATM012,2024-02-15,898,69.63,62491.59,37508.41,True
ATM012,2024-02-16,1094,72.3,79134.89,20865.11,True
ATM012,2024-02-17,1377,67.86,93458.76,6541.24,True
ATM012,2024-02-18,988,66.34,65534.01,34465.99,True
ATM012,2024-02-19,811,69.58,56434.96,43565.04,True
ATM012,2024-02-20,708,73.33,51913.46,48086.54,True
ATM012,2024-02-21,712,71.48,50880.48,49119.52,True
ATM012,2024-02-22,981,72.26,70855.56,29144.44,True
ATM012,2024-02-23,1229,67.62,83133.46,16866.54,True
ATM012,2024-02-24,1199,69.14,82904.94,17095.06,True
ATM012,2024-02-25,924,68.49,63309.62,36690.38,True
ATM012,2024-02-26,788,69.79,55024.08,44975.92,True
ATM012,2024-02-27,830,67.4,55910.7,44089.3,True
ATM012,2024-02-28,755,69.66,52596.69,47403.31,True
ATM012,2024-02-29,812,73.86,59972.73,40027.27,True
ATM012,2024-03-01,1271,66.61,84682.78,15317.22,True
ATM012,2024-03-02,1320,71.15,93907.64,6092.36,True
ATM012,2024-03-03,976,67.45,65849.27,34150.73,True
ATM012,2024-03-04,940,67.75,63667.66,36332.34,True
ATM012,2024-03-05,804,70.42,56602.03,43397.97,True
ATM012,2024-03-06,782,73.58,57539.23,42460.77,True
ATM012,2024-03-07,919,68.83,63236.94,36763.06,True
ATM012,2024-03-08,1311,68.67,90023.83,9976.17,True
ATM012,2024-03-09,1371,67.28,92248.69,7751.31,True
ATM012,2024-03-10,881,70.11,61793.47,38206.53,True
ATM012,2024-03-11,870,66.42,57764.76,42235.24,True
ATM012,2024-03-12,820,68.28,55957.98,44042.02,True
ATM012,2024-03-13,871,69.26,60339.58,39660.42,True
ATM012,2024-03-14,801,70.16,56200.2,43799.8,True
ATM012,2024-03-15,1075,72.66,78141.28,21858.72,True
ATM012,2024-03-16,153,69.68,10666.89,11191.82,False
ATM012,2024-03-17,119,67.89,8098.04,3093.78,False
ATM012,2024-03-18,44,70.86,3093.78,0.0,False
ATM012,2024-03-19,86,67.69,5852.58,94147.42,True
ATM012,2024-03-20,96,71.1,6841.81,87305.61,False
ATM012,2024-03-21,95,68.7,6513.48,80792.13,False
ATM012,2024-03-22,124,73.73,9147.33,71644.79,False
ATM012,2024-03-23,164,69.12,11364.89,60279.91,False
ATM012,2024-03-24,120,67.15,8089.2,91910.8,True
ATM012,2024-03-25,89,70.22,6281.42,85629.38,False
ATM012,2024-03-26,93,69.8,6524.18,79105.2,False
ATM012,2024-03-27,94,70.16,6565.57,72539.62,False
ATM012,2024-03-28,101,69.38,7030.04,65509.58,False
ATM012,2024-03-29,134,70.49,9458.23,90541.77,True
ATM012,2024-03-30,156,70.42,10977.69,79564.08,False
ATM012,2024-03-31,105,67.9,7154.16,72409.92,False
ATM012,2024-04-01,204,73.09,14895.52,57514.4,False
ATM012,2024-04-02,203,69.14,14055.11,43459.29,False
ATM012,2024-04-03,213,67.61,14420.35,85579.65,True
ATM012,2024-04-04,244,70.39,17145.33,68434.32,False
ATM012,2024-04-05,294,69.65,20456.88,47977.45,False
ATM012,2024-04-06,311,72.75,22616.34,77383.66,True
ATM012,2024-04-07,240,70.33,16852.46,60531.2,False
ATM012,2024-04-08,220,68.44,15078.95,45452.25,False
ATM012,2024-04-09,200,70.58,14095.8,85904.2,True
ATM012,2024-04-10,181,70.53,12732.41,73171.79,False
ATM012,2024-04-11,222,70.27,15594.16,57577.63,False
ATM012,2024-04-12,305,70.54,21491.88,78508.12,True
ATM012,2024-04-13,382,67.52,25769.18,52738.94,False
ATM012,2024-04-14,234,71.4,16688.21,36050.73,False
ATM012,2024-04-15,211,70.96,14981.32,85018.68,True
ATM012,2024-04-16,237,71.29,16862.08,68156.6,False
ATM012,2024-04-17,222,69.36,15365.15,52791.46,False
ATM012,2024-04-18,210,69.34,14593.79,85406.21,True
ATM012,2024-04-19,318,70.85,22533.84,62872.37,False
ATM012,2024-04-20,347,69.55,24138.13,38734.24,False
ATM012,2024-04-21,239,69.62,16651.28,83348.72,True
ATM012,2024-04-22,212,71.77,15238.91,68109.8,False
ATM012,2024-04-23,181,71.6,12960.16,55149.64,False
ATM012,2024-04-24,191,70.98,13563.55,86436.45,True
ATM012,2024-04-25,211,73.29,15435.38,71001.07,False
ATM012,2024-04-26,296,70.38,20820.04,50181.04,False
ATM012,2024-04-27,359,68.16,24484.17,75515.83,True
ATM012,2024-04-28,245,69.44,17005.78,58510.05,False
ATM012,2024-04-29,202,69.08,13973.63,44536.42,False
ATM012,2024-04-30,219,68.74,15031.65,84968.35,True
ATM012,2024-05-01,95,70.66,6713.55,78254.8,False
ATM012,2024-05-02,91,71.09,6448.54,71806.26,False
ATM012,2024-05-03,124,71.32,8826.67,91173.33,True
ATM012,2024-05-04,147,70.02,10294.44,80878.89,False
ATM012,2024-05-05,101,70.26,7096.46,73782.42,False
ATM012,2024-05-06,103,68.31,7025.65,66756.77,False
ATM012,2024-05-07,85,70.95,6057.87,60698.9,False
ATM012,2024-05-08,103,64.89,6672.88,93327.12,True
ATM012,2024-05-09,115,71.11,8188.42,85138.69,False
ATM012,2024-05-10,147,69.7,10231.88,74906.82,False
ATM012,2024-05-11,131,71.42,9367.38,65539.44,False
ATM012,2024-05-12,105,71.14,7468.04,58071.4,False
ATM012,2024-05-13,92,70.5,6484.18,93515.82,True
ATM012,2024-05-14,83,71.82,5987.12,87528.7,False
ATM012,2024-05-15,79,74.72,5937.52,81591.18,False
ATM012,2024-05-16,113,73.43,8316.98,73274.2,False
ATM012,2024-05-17,153,69.82,10654.76,62619.43,False
ATM012,2024-05-18,166,69.8,11574.06,88425.94,True
ATM012,2024-05-19,95,73.16,6968.85,81457.1,False
ATM012,2024-05-20,102,69.93,7125.64,74331.46,False
ATM012,2024-05-21,84,68.77,5801.39,68530.07,False
ATM012,2024-05-22,79,71.98,5680.27,62849.8,False
ATM012,2024-05-23,90,70.6,6356.07,93643.93,True
ATM012,2024-05-24,137,67.0,9185.86,84458.07,False
ATM012,2024-05-25,157,69.3,10845.96,73612.11,False
ATM012,2024-05-26,122,67.34,8238.92,65373.19,False
ATM012,2024-05-27,96,64.99,6244.3,59128.88,False
ATM012,2024-05-28,74,73.78,5424.66,94575.34,True
ATM012,2024-05-29,106,70.19,7465.79,87109.55,False
ATM012,2024-05-30,97,69.37,6712.52,80397.03,False
ATM012,2024-05-31,150,68.92,10359.19,70037.84,False
ATM012,2024-06-01,155,69.97,10845.41,59192.43,False
ATM012,2024-06-02,108,68.89,7466.15,92533.85,True
ATM012,2024-06-03,99,67.95,6720.85,85813.01,False
ATM012,2024-06-04,95,69.01,6523.95,79289.05,False
ATM012,2024-06-05,89,72.91,6510.36,72778.69,False
ATM012,2024-06-06,98,71.93,7027.77,65750.93,False
ATM012,2024-06-07,125,69.01,8595.87,91404.13,True
ATM012,2024-06-08,144,74.04,10687.19,80716.94,False
ATM012,2024-06-09,97,69.8,6773.37,73943.57,False
ATM012,2024-06-10,107,68.35,7291.07,66652.5,False
ATM012,2024-06-11,88,70.7,6227.41,60425.09,False
ATM012,2024-06-12,89,73.29,6536.45,93463.55,True
ATM012,2024-06-13,101,72.79,7337.78,86125.77,False
ATM012,2024-06-14,139,68.44,9502.2,76623.57,False
ATM012,2024-06-15,155,67.57,10499.28,66124.29,False
ATM012,2024-06-16,116,69.19,8036.89,58087.4,False
ATM012,2024-06-17,88,71.05,6281.8,93718.2,True
ATM012,2024-06-18,81,71.62,5834.56,87883.64,False
ATM012,2024-06-19,86,72.43,6240.09,81643.54,False
ATM012,2024-06-20,97,71.33,6918.17,74725.38,False
ATM012,2024-06-21,138,71.56,9867.96,64857.42,False
ATM012,2024-06-22,162,66.51,10748.91,89251.09,True
ATM012,2024-06-23,119,69.82,8337.9,80913.19,False
ATM012,2024-06-24,97,71.45,6958.39,73954.8,False
ATM012,2024-06-25,88,68.08,5987.83,67966.98,False
ATM012,2024-06-26,97,69.36,6755.48,61211.5,False
ATM012,2024-06-27,109,69.63,7592.74,92407.26,True
ATM012,2024-06-28,148,70.89,10468.41,81938.85,False
ATM012,2024-06-29,157,69.21,10883.7,71055.15,False
ATM012,2024-06-30,109,72.5,7896.87,63158.28,False
ATM012,2024-07-01,92,71.12,6559.32,56598.97,False
ATM012,2024-07-02,90,70.26,6341.43,93658.57,True
ATM012,2024-07-03,100,72.52,7279.9,86378.66,False
ATM012,2024-07-04,101,70.45,7150.63,79228.03,False
ATM012,2024-07-05,133,69.64,9277.51,69950.52,False
ATM012,2024-07-06,152,71.79,10900.03,59050.49,False
ATM012,2024-07-07,121,67.67,8187.77,91812.23,True
ATM012,2024-07-08,101,69.81,7050.3,84761.93,False
ATM012,2024-07-09,81,72.81,5898.93,78863.0,False
ATM012,2024-07-10,101,70.55,7148.54,71714.46,False
ATM012,2024-07-11,104,71.61,7472.71,64241.75,False
ATM012,2024-07-12,150,71.53,10744.86,89255.14,True
ATM012,2024-07-13,131,74.22,9719.84,79535.29,False
ATM012,2024-07-14,121,68.93,8371.16,71164.14,False
ATM012,2024-07-15,86,71.06,6126.4,65037.73,False
ATM012,2024-07-16,88,70.69,6198.96,58838.77,False
ATM012,2024-07-17,99,68.81,6797.24,93202.76,True
ATM012,2024-07-18,93,70.81,6576.58,86626.17,False
ATM012,2024-07-19,134,70.31,9387.57,77238.6,False
ATM012,2024-07-20,140,69.47,9709.21,67529.39,False
ATM012,2024-07-21,115,71.27,8168.15,59361.24,False
ATM012,2024-07-22,92,67.55,6230.75,93769.25,True
ATM012,2024-07-23,89,71.18,6327.87,87441.39,False
ATM012,2024-07-24,96,68.92,6638.2,80803.18,False
ATM012,2024-07-25,99,73.15,7260.8,73542.38,False
ATM012,2024-07-26,148,66.57,9885.65,63656.73,False
ATM012,2024-07-27,146,74.29,10819.3,89180.7,True
ATM012,2024-07-28,101,70.06,7099.89,82080.81,False
ATM012,2024-07-29,92,70.2,6480.76,75600.05,False
ATM012,2024-07-30,89,72.39,6407.42,69192.63,False
ATM012,2024-07-31,89,72.68,6490.98,62701.65,False
ATM012,2024-08-01,102,69.26,7052.67,92947.33,True
ATM012,2024-08-02,140,66.18,9298.76,83648.57,False
ATM012,2024-08-03,146,74.31,10874.41,72774.16,False
ATM012,2024-08-04,112,71.44,8022.68,64751.48,False
ATM012,2024-08-05,92,69.49,6396.62,58354.86,False
ATM012,2024-08-06,91,74.22,6771.92,93228.08,True
ATM012,2024-08-07,100,71.69,7160.9,86067.18,False
ATM012,2024-08-08,101,70.44,7128.52,78938.67,False
ATM012,2024-08-09,138,66.96,9244.03,69694.64,False
ATM012,2024-08-10,141,70.1,9857.49,59837.14,False
ATM012,2024-08-11,114,66.91,7612.23,92387.77,True
ATM012,2024-08-12,95,69.33,6567.08,85820.69,False
ATM012,2024-08-13,84,69.22,5822.68,79998.01,False
ATM012,2024-08-14,92,68.71,6309.22,73688.79,False
ATM012,2024-08-15,115,66.0,7587.56,66101.23,False
ATM012,2024-08-16,121,70.01,8480.06,91519.94,True
ATM012,2024-08-17,152,70.85,10738.51,80781.42,False
ATM012,2024-08-18,110,68.07,7481.76,73299.67,False
ATM012,2024-08-19,95,69.07,6580.89,66718.78,False
ATM012,2024-08-20,102,69.32,7045.82,59672.96,False
ATM012,2024-08-21,85,75.2,6428.59,93571.41,True
ATM012,2024-08-22,99,71.17,7014.71,86556.7,False
ATM012,2024-08-23,143,71.54,10195.69,76361.0,False
ATM012,2024-08-24,155,70.41,10884.85,65476.15,False
ATM012,2024-08-25,114,68.79,7824.18,57651.97,False
ATM012,2024-08-26,91,74.26,6736.01,93263.99,True
ATM012,2024-08-27,97,70.64,6879.92,86384.07,False
ATM012,2024-08-28,100,68.17,6850.95,79533.12,False
ATM012,2024-08-29,97,71.99,6982.5,72550.62,False
ATM012,2024-08-30,158,68.38,10813.82,61736.8,False
ATM012,2024-08-31,138,74.58,10311.47,89688.53,True
ATM012,2024-09-01,106,73.83,7821.95,81866.58,False
ATM012,2024-09-02,95,70.52,6680.29,75186.29,False
ATM012,2024-09-03,86,71.98,6187.15,68999.13,False
ATM012,2024-09-04,105,67.83,7095.94,61903.19,False
ATM012,2024-09-05,96,71.92,6937.71,93062.29,True
ATM012,2024-09-06,140,68.96,9656.73,83405.56,False
ATM012,2024-09-07,158,72.32,11447.55,71958.01,False
ATM012,2024-09-08,107,70.45,7528.69,64429.32,False
ATM012,2024-09-09,89,68.12,6050.18,58379.14,False
ATM012,2024-09-10,91,70.07,6376.07,93623.93,True
ATM012,2024-09-11,88,68.5,6030.3,87593.63,False
ATM012,2024-09-12,93,70.96,6600.13,80993.5,False
ATM012,2024-09-13,125,67.88,8490.85,72502.65,False
ATM012,2024-09-14,132,70.88,9362.4,63140.25,False
ATM012,2024-09-15,98,70.07,6848.33,93151.67,True
ATM012,2024-09-16,100,73.51,7384.98,85766.69,False
ATM012,2024-09-17,79,70.63,5570.28,80196.41,False
ATM012,2024-09-18,89,67.49,6020.99,74175.42,False
ATM012,2024-09-19,97,72.58,7054.74,67120.68,False
ATM012,2024-09-20,148,68.5,10162.45,89837.55,True
ATM012,2024-09-21,172,65.29,11206.12,78631.43,False
ATM012,2024-09-22,108,68.27,7370.53,71260.9,False
ATM012,2024-09-23,95,69.57,6620.45,64640.44,False
ATM012,2024-09-24,90,69.63,6258.6,58381.84,False
ATM012,2024-09-25,91,71.13,6462.7,93537.3,True
ATM012,2024-09-26,104,69.4,7185.72,86351.58,False
ATM012,2024-09-27,140,71.73,10022.64,76328.94,False
ATM012,2024-09-28,147,69.88,10259.31,66069.63,False
ATM012,2024-09-29,125,67.68,8427.75,57641.88,False
ATM012,2024-09-30,111,67.19,7470.86,92529.14,True
ATM012,2024-10-01,91,68.0,6169.91,86359.23,False
ATM012,2024-10-02,109,68.94,7520.51,78838.72,False
ATM012,2024-10-03,99,69.22,6866.01,71972.7,False
ATM012,2024-10-04,142,69.31,9810.13,62162.57,False
ATM012,2024-10-05,169,62.59,10567.74,89432.26,True
ATM012,2024-10-06,111,70.04,7800.57,81631.69,False
ATM012,2024-10-07,97,72.75,7080.76,74550.93,False
ATM012,2024-10-08,87,71.71,6238.38,68312.55,False
ATM012,2024-10-09,83,71.61,5973.72,62338.84,False
ATM012,2024-10-10,101,67.51,6831.67,93168.33,True
ATM012,2024-10-11,132,72.94,9618.92,83549.4,False
ATM012,2024-10-12,148,73.14,10802.51,72746.9,False
ATM012,2024-10-13,102,72.2,7372.71,65374.19,False
ATM012,2024-10-14,89,70.47,6290.44,59083.76,False
ATM012,2024-10-15,90,71.39,6417.49,93582.51,True
ATM012,2024-10-16,96,68.45,6566.83,87015.68,False
ATM012,2024-10-17,103,73.64,7562.97,79452.71,False
ATM012,2024-10-18,141,66.15,9354.5,70098.21,False
ATM012,2024-10-19,159,69.3,11045.91,59052.3,False
ATM012,2024-10-20,108,71.17,7698.45,92301.55,True
ATM012,2024-10-21,92,69.44,6377.23,85924.32,False
ATM012,2024-10-22,86,73.09,6276.74,79647.58,False
ATM012,2024-10-23,96,67.41,6466.17,73181.41,False
ATM012,2024-10-24,93,70.29,6539.96,66641.45,False
ATM012,2024-10-25,135,66.72,9003.95,90996.05,True
ATM012,2024-10-26,156,71.44,11151.74,79844.31,False
ATM012,2024-10-27,107,70.62,7571.77,72272.54,False
ATM012,2024-10-28,94,71.27,6671.54,65601.01,False
ATM012,2024-10-29,102,64.53,6594.21,59006.8,False
ATM012,2024-10-30,89,71.09,6344.85,93655.15,True
ATM012,2024-10-31,99,70.08,6909.59,86745.55,False
ATM012,2024-11-01,173,70.17,12119.15,74626.4,False
ATM012,2024-11-02,193,72.37,13987.67,60638.73,False
ATM012,2024-11-03,131,69.58,9092.15,51546.58,False
ATM012,2024-11-04,92,69.31,6364.1,93635.9,True
ATM012,2024-11-05,96,70.46,6784.53,86851.37,False
ATM012,2024-11-06,108,71.46,7695.95,79155.41,False
ATM012,2024-11-07,132,69.94,9252.78,69902.64,False
ATM012,2024-11-08,191,70.49,13488.9,56413.73,False
ATM012,2024-11-09,167,68.82,11483.45,88516.55,True
ATM012,2024-11-10,125,71.24,8931.8,79584.75,False
ATM012,2024-11-11,105,69.37,7270.96,72313.78,False
ATM012,2024-11-12,107,69.06,7375.04,64938.75,False
ATM012,2024-11-13,113,71.35,8059.02,56879.72,False
ATM012,2024-11-14,131,69.3,9104.94,90895.06,True
ATM012,2024-11-15,186,67.14,12508.58,78386.48,False
ATM012,2024-11-16,169,67.45,11420.79,66965.69,False
ATM012,2024-11-17,126,72.52,9173.83,57791.86,False
ATM012,2024-11-18,108,69.0,7448.75,50343.11,False
ATM012,2024-11-19,103,71.2,7346.71,92653.29,True
ATM012,2024-11-20,107,68.88,7363.68,85289.61,False
ATM012,2024-11-21,111,68.8,7636.81,77652.8,False
ATM012,2024-11-22,178,70.19,12486.65,65166.15,False
ATM012,2024-11-23,165,72.6,11951.21,53214.94,False
ATM012,2024-11-24,121,72.98,8799.95,91200.05,True
ATM012,2024-11-25,122,70.12,8571.55,82628.51,False
ATM012,2024-11-26,90,74.81,6715.88,75912.62,False
ATM012,2024-11-27,113,69.32,7823.27,68089.35,False
ATM012,2024-11-28,126,71.47,8971.8,59117.55,False
ATM012,2024-11-29,184,68.61,12603.87,87396.13,True
ATM012,2024-11-30,191,67.51,12870.21,74525.92,False
ATM012,2024-12-01,137,69.95,9605.67,64920.25,False
ATM012,2024-12-02,114,69.69,7923.77,56996.48,False
ATM012,2024-12-03,107,68.18,7328.75,49667.73,False
ATM012,2024-12-04,110,73.13,8047.19,91952.81,True
ATM012,2024-12-05,113,71.16,8070.3,83882.51,False
ATM012,2024-12-06,169,70.02,11851.93,72030.58,False
ATM012,2024-12-07,168,67.27,11310.83,60719.75,False
ATM012,2024-12-08,133,65.51,8680.18,52039.57,False
ATM012,2024-12-09,121,70.77,8574.2,91425.8,True
ATM012,2024-12-10,114,65.4,7443.02,83982.78,False
ATM012,2024-12-11,96,70.0,6701.44,77281.34,False
ATM012,2024-12-12,141,68.53,9632.0,67649.33,False
ATM012,2024-12-13,177,68.99,12215.48,55433.85,False
ATM012,2024-12-14,174,72.55,12635.23,87364.77,True
ATM012,2024-12-15,131,68.55,8948.57,78416.2,False
ATM012,2024-12-16,122,70.1,8580.23,69835.97,False
ATM012,2024-12-17,117,68.56,8050.69,61785.27,False
ATM012,2024-12-18,119,70.57,8401.92,53383.35,False
ATM012,2024-12-19,123,70.28,8650.28,91349.72,True
ATM012,2024-12-20,159,70.0,11099.0,80250.72,False
ATM012,2024-12-21,169,72.02,12202.5,68048.22,False
ATM012,2024-12-22,135,66.86,9038.53,59009.69,False
ATM012,2024-12-23,104,66.37,6907.7,52101.99,False
ATM012,2024-12-24,115,67.58,7788.37,92211.63,True
ATM012,2024-12-25,111,70.29,7775.67,84435.96,False
ATM012,2024-12-26,118,70.92,8353.06,76082.9,False
ATM012,2024-12-27,181,64.31,11626.88,64456.03,False
ATM012,2024-12-28,174,70.89,12304.54,52151.49,False
ATM012,2024-12-29,140,73.54,10283.39,89716.61,True
ATM012,2024-12-30,102,69.27,7062.33,82654.27,False
ATM012,2024-12-31,91,73.19,6684.2,75970.08,False
ATM013,2024-01-01,107,72.9,7764.1,72235.9,False
ATM013,2024-01-02,111,72.43,8019.33,64216.58,False
ATM013,2024-01-03,112,69.27,7765.17,72234.83,True
ATM013,2024-01-04,122,71.71,8745.54,63489.29,False
ATM013,2024-01-05,162,69.26,11207.48,52281.82,False
ATM013,2024-01-06,183,73.49,13458.92,38822.9,False
ATM013,2024-01-07,124,69.45,8592.94,30229.97,False
ATM013,2024-01-08,111,71.02,7865.21,72134.79,True
ATM013,2024-01-09,96,73.96,7102.85,65031.94,False
ATM013,2024-01-10,109,71.12,7746.4,57285.55,False
ATM013,2024-01-11,136,69.06,9374.25,47911.3,False
ATM013,2024-01-12,168,67.37,11287.95,36623.35,False
ATM013,2024-01-13,184,66.87,12283.36,67716.64,True
ATM013,2024-01-14,135,70.88,9542.42,58174.22,False
ATM013,2024-01-15,108,69.79,7526.94,50647.28,False
ATM013,2024-01-16,115,67.61,7770.73,42876.55,False
ATM013,2024-01-17,107,71.47,7629.12,35247.42,False
ATM013,2024-01-18,102,71.44,7316.16,72683.84,True
ATM013,2024-01-19,145,69.75,10102.08,62581.76,False
ATM013,2024-01-20,157,73.01,11460.11,51121.65,False
ATM013,2024-01-21,126,66.53,8351.15,42770.5,False
ATM013,2024-01-22,112,69.13,7746.32,35024.17,False
ATM013,2024-01-23,93,71.1,6630.89,73369.11,True
ATM013,2024-01-24,96,67.82,6542.22,66826.89,False
ATM013,2024-01-25,111,71.68,7961.2,58865.69,False
ATM013,2024-01-26,172,72.32,12436.16,46429.53,False
ATM013,2024-01-27,190,64.9,12299.77,34129.76,False
ATM013,2024-01-28,127,73.09,9306.92,70693.08,True
ATM013,2024-01-29,118,70.97,8366.61,62326.47,False
ATM013,2024-01-30,98,68.9,6778.78,55547.7,False
ATM013,2024-01-31,128,67.02,8611.06,46936.63,False
ATM013,2024-02-01,89,71.98,6373.66,40562.97,False
ATM013,2024-02-02,136,67.52,9183.63,70816.37,True
ATM013,2024-02-03,162,70.97,11529.93,59286.44,False
ATM013,2024-02-04,109,67.59,7347.43,51939.01,False
ATM013,2024-02-05,106,69.95,7380.79,44558.22,False
ATM013,2024-02-06,94,71.88,6770.35,37787.87,False
ATM013,2024-02-07,88,68.92,6042.97,73957.03,True
ATM013,2024-02-08,105,73.07,7642.81,66314.22,False
ATM013,2024-02-09,117,71.15,8299.71,58014.51,False
ATM013,2024-02-10,151,67.83,10272.84,47741.68,False
ATM013,2024-02-11,114,67.17,7685.99,40055.69,False
ATM013,2024-02-12,91,68.32,6189.85,73810.15,True
ATM013,2024-02-13,85,69.85,5928.4,67881.75,False
ATM013,2024-02-14,80,73.3,5837.31,62044.44,False
ATM013,2024-02-15,147,73.77,10867.35,51177.09,False
ATM013,2024-02-16,207,68.85,14226.54,36950.55,False
ATM013,2024-02-17,259,68.79,17810.49,62189.51,True
ATM013,2024-02-18,158,71.51,11328.33,50861.18,False
ATM013,2024-02-19,125,71.49,8914.08,41947.11,False
ATM013,2024-02-20,134,72.67,9720.96,70279.04,True
ATM013,2024-02-21,139,72.73,10138.83,60140.2,False
ATM013,2024-02-22,153,68.19,10417.68,49722.53,False
ATM013,2024-02-23,250,66.79,16676.72,63323.28,True
ATM013,2024-02-24,200,71.19,14251.22,49072.06,False
ATM013,2024-02-25,183,70.4,12852.47,36219.59,False
ATM013,2024-02-26,158,65.81,10425.18,69574.82,True
ATM013,2024-02-27,136,66.06,9011.33,60563.5,False
ATM013,2024-02-28,151,66.75,10061.32,50502.18,False
ATM013,2024-02-29,135,71.08,9600.22,70399.78,True
ATM013,2024-03-01,222,69.67,15496.93,54902.84,False
ATM013,2024-03-02,230,71.13,16389.0,38513.84,False
ATM013,2024-03-03,167,67.7,11298.92,68701.08,True
ATM013,2024-03-04,142,71.29,10112.93,58588.15,False
ATM013,2024-03-05,141,70.66,9934.68,48653.47,False
ATM013,2024-03-06,123,71.45,8778.23,71221.77,True
ATM013,2024-03-07,152,68.99,10497.5,60724.27,False
ATM013,2024-03-08,206,68.55,14093.17,46631.11,False
ATM013,2024-03-09,250,67.02,16758.7,63241.3,True
ATM013,2024-03-10,154,69.31,10699.99,52541.31,False
ATM013,2024-03-11,151,72.21,10883.36,41657.95,False
ATM013,2024-03-12,114,72.84,8319.41,71680.59,True
ATM013,2024-03-13,155,67.53,10470.16,61210.43,False
ATM013,2024-03-14,126,69.85,8799.82,52410.61,False
ATM013,2024-03-15,212,73.34,15562.81,64437.19,True
ATM013,2024-03-16,132,73.68,9747.69,54689.5,False
ATM013,2024-03-17,93,69.23,6456.72,48232.78,False
ATM013,2024-03-18,86,72.42,6211.22,73788.78,True
ATM013,2024-03-19,93,72.0,6723.58,67065.2,False
ATM013,2024-03-20,79,71.81,5702.02,61363.17,False
ATM013,2024-03-21,108,66.49,7157.47,54205.71,False
ATM013,2024-03-22,113,72.18,8189.99,46015.71,False
ATM013,2024-03-23,152,67.3,10230.58,69769.42,True
ATM013,2024-03-24,105,70.76,7437.27,62332.15,False
ATM013,2024-03-25,95,66.74,6358.31,55973.84,False
ATM013,2024-03-26,97,72.11,7005.73,48968.1,False
ATM013,2024-03-27,88,69.38,6121.96,42846.14,False
ATM013,2024-03-28,105,67.63,7082.93,72917.07,True
ATM013,2024-03-29,144,67.21,9681.25,63235.82,False
ATM013,2024-03-30,153,67.55,10309.35,52926.47,False
ATM013,2024-03-31,95,73.46,6978.34,45948.14,False
ATM013,2024-04-01,109,70.44,7706.23,38241.9,False
ATM013,2024-04-02,93,68.75,6399.79,73600.21,True
ATM013,2024-04-03,110,70.41,7767.64,65832.58,False
ATM013,2024-04-04,101,70.43,7128.23,58704.35,False
ATM013,2024-04-05,160,72.7,11653.25,47051.1,False
ATM013,2024-04-06,182,65.29,11875.1,35176.0,False
ATM013,2024-04-07,125,67.7,8445.42,71554.58,True
ATM013,2024-04-08,126,64.29,8080.5,63474.09,False
ATM013,2024-04-09,98,72.99,7139.74,56334.34,False
ATM013,2024-04-10,105,71.88,7524.66,48809.68,False
ATM013,2024-04-11,111,66.64,7388.46,41421.23,False
ATM013,2024-04-12,179,70.21,12560.2,67439.8,True
ATM013,2024-04-13,185,67.65,12522.65,54917.16,False
ATM013,2024-04-14,135,67.59,9119.84,45797.31,False
ATM013,2024-04-15,110,75.73,8339.18,37458.13,False
ATM013,2024-04-16,111,68.67,7621.23,29836.9,False
ATM013,2024-04-17,95,66.46,6298.58,73701.42,True
ATM013,2024-04-18,136,67.84,9241.32,64460.09,False
ATM013,2024-04-19,155,71.38,11067.0,53393.1,False
ATM013,2024-04-20,198,69.58,13791.74,39601.36,False
ATM013,2024-04-21,125,70.15,8802.81,30798.54,False
ATM013,2024-04-22,107,68.79,7344.48,72655.52,True
ATM013,2024-04-23,108,70.39,7582.88,65072.64,False
ATM013,2024-04-24,123,70.92,8731.12,56341.52,False
ATM013,2024-04-25,133,67.75,8983.82,47357.7,False
ATM013,2024-04-26,172,68.48,11783.34,35574.36,False
ATM013,2024-04-27,179,71.45,12781.41,67218.59,True
ATM013,2024-04-28,121,75.06,9087.4,58131.19,False
ATM013,2024-04-29,117,72.47,8481.12,49650.08,False
ATM013,2024-04-30,105,73.7,7772.27,41877.81,False
ATM013,2024-05-01,78,72.88,5667.63,36210.18,False
ATM013,2024-05-02,94,68.81,6443.91,73556.09,True
ATM013,2024-05-03,136,72.59,9844.39,63711.7,False
ATM013,2024-05-04,139,68.92,9556.66,54155.04,False
ATM013,2024-05-05,109,69.61,7598.14,46556.9,False
ATM013,2024-05-06,88,77.22,6789.28,39767.62,False
ATM013,2024-05-07,92,68.46,6322.36,73677.64,True
ATM013,2024-05-08,83,69.32,5723.63,67954.01,False
ATM013,2024-05-09,91,70.98,6466.96,61487.05,False
ATM013,2024-05-10,142,69.03,9769.31,51717.74,False
ATM013,2024-05-11,174,68.46,11904.72,39813.02,False
ATM013,2024-05-12,105,71.34,7483.62,72516.38,True
ATM013,2024-05-13,94,72.68,6807.37,65709.01,False
ATM013,2024-05-14,88,72.21,6326.42,59382.59,False
ATM013,2024-05-15,83,71.93,5982.28,53400.31,False
ATM013,2024-05-16,101,73.18,7358.49,46041.82,False
ATM013,2024-05-17,124,68.09,8421.72,71578.28,True
ATM013,2024-05-18,170,64.43,10974.87,60603.41,False
ATM013,2024-05-19,108,72.23,7810.87,52792.54,False
ATM013,2024-05-20,89,69.1,6142.4,46650.14,False
ATM013,2024-05-21,83,68.9,5694.78,40955.35,False
ATM013,2024-05-22,88,68.57,6054.97,73945.03,True
ATM013,2024-05-23,94,69.43,6559.31,67385.72,False
ATM013,2024-05-24,126,73.94,9279.31,58106.41,False
ATM013,2024-05-25,143,70.72,10078.41,48028.0,False
ATM013,2024-05-26,105,68.76,7247.78,40780.23,False
ATM013,2024-05-27,85,66.7,5676.05,74323.95,True
ATM013,2024-05-28,80,70.39,5642.07,68681.88,False
ATM013,2024-05-29,102,66.25,6757.76,61924.12,False
ATM013,2024-05-30,99,67.13,6646.48,55277.64,False
ATM013,2024-05-31,129,72.26,9291.54,45986.09,False
ATM013,2024-06-01,144,69.9,10041.3,69958.7,True
ATM013,2024-06-02,118,70.96,8355.69,61603.01,False
ATM013,2024-06-03,86,70.33,6063.92,55539.1,False
ATM013,2024-06-04,82,70.88,5793.93,49745.16,False
ATM013,2024-06-05,97,67.13,6497.6,43247.56,False
ATM013,2024-06-06,100,69.75,6992.12,73007.88,True
ATM013,2024-06-07,137,71.75,9832.88,63175.0,False
ATM013,2024-06-08,154,69.36,10712.48,52462.52,False
ATM013,2024-06-09,118,68.17,8055.94,44406.58,False
ATM013,2024-06-10,92,63.29,5830.63,38575.95,False
ATM013,2024-06-11,89,68.27,6109.41,73890.59,True
ATM013,2024-06-12,98,65.86,6444.34,67446.25,False
ATM013,2024-06-13,93,70.99,6601.0,60845.25,False
ATM013,2024-06-14,124,70.86,8806.73,52038.53,False
ATM013,2024-06-15,142,69.93,9964.18,42074.35,False
ATM013,2024-06-16,109,72.0,7867.48,72132.52,True
ATM013,2024-06-17,94,68.29,6436.83,65695.69,False
ATM013,2024-06-18,83,71.34,5945.75,59749.94,False
ATM013,2024-06-19,84,69.63,5834.98,53914.95,False
ATM013,2024-06-20,96,69.78,6722.84,47192.11,False
ATM013,2024-06-21,133,66.11,8819.4,71180.6,True
ATM013,2024-06-22,149,72.02,10745.0,60435.6,False
ATM013,2024-06-23,94,70.77,6656.7,53778.9,False
ATM013,2024-06-24,97,71.25,6899.06,46879.84,False
ATM013,2024-06-25,88,68.02,5963.0,40916.84,False
ATM013,2024-06-26,89,70.52,6303.01,73696.99,True
ATM013,2024-06-27,100,69.62,6953.39,66743.59,False
ATM013,2024-06-28,124,70.89,8774.23,57969.37,False
ATM013,2024-06-29,152,70.42,10707.54,47261.83,False
ATM013,2024-06-30,103,73.53,7605.31,39656.52,False
ATM013,2024-07-01,84,72.69,6121.8,73878.2,True
ATM013,2024-07-02,81,72.33,5831.99,68046.21,False
ATM013,2024-07-03,98,69.38,6832.53,61213.68,False
ATM013,2024-07-04,109,70.98,7758.51,53455.17,False
ATM013,2024-07-05,129,69.21,8901.28,44553.89,False
ATM013,2024-07-06,156,71.94,11215.33,68784.67,True
ATM013,2024-07-07,101,69.71,7007.73,61776.94,False
ATM013,2024-07-08,94,68.93,6487.06,55289.89,False
ATM013,2024-07-09,103,70.49,7241.19,48048.69,False
ATM013,2024-07-10,86,72.5,6240.33,41808.37,False
ATM013,2024-07-11,93,72.12,6732.58,73267.42,True
ATM013,2024-07-12,122,69.05,8422.13,64845.29,False
ATM013,2024-07-13,152,73.3,11149.82,53695.47,False
ATM013,2024-07-14,105,68.13,7148.81,46546.66,False
ATM013,2024-07-15,97,68.69,6654.43,39892.23,False
ATM013,2024-07-16,84,71.84,6025.13,73974.87,True
ATM013,2024-07-17,92,65.87,6033.17,67941.7,False
ATM013,2024-07-18,90,70.02,6305.66,61636.04,False
ATM013,2024-07-19,120,69.38,8307.55,53328.49,False
ATM013,2024-07-20,128,73.44,9398.42,43930.07,False
ATM013,2024-07-21,130,67.78,8781.41,71218.59,True
ATM013,2024-07-22,96,67.98,6511.27,64707.32,False
ATM013,2024-07-23,81,73.79,6007.98,58699.34,False
ATM013,2024-07-24,87,69.4,6065.95,52633.39,False
ATM013,2024-07-25,89,72.41,6465.92,46167.47,False
ATM013,2024-07-26,109,69.07,7532.11,72467.89,True
ATM013,2024-07-27,151,68.61,10327.15,62140.74,False
ATM013,2024-07-28,111,72.52,8016.68,54124.06,False
ATM013,2024-07-29,78,74.4,5793.4,48330.66,False
ATM013,2024-07-30,76,72.71,5557.3,42773.36,False
ATM013,2024-07-31,92,68.94,6333.46,73666.54,True
ATM013,2024-08-01,96,69.93,6711.8,66954.73,False
ATM013,2024-08-02,141,68.07,9604.13,57350.6,False
ATM013,2024-08-03,149,68.38,10192.1,47158.51,False
ATM013,2024-08-04,102,68.28,6931.13,40227.38,False
ATM013,2024-08-05,85,69.12,5900.66,74099.34,True
ATM013,2024-08-06,90,70.25,6328.18,67771.16,False
ATM013,2024-08-07,110,65.36,7196.27,60574.88,False
ATM013,2024-08-08,102,70.01,7137.6,53437.28,False
ATM013,2024-08-09,140,71.5,10021.18,43416.1,False
ATM013,2024-08-10,146,70.36,10241.4,69758.6,True
ATM013,2024-08-11,100,71.29,7163.45,62595.15,False
ATM013,2024-08-12,78,71.63,5607.14,56988.01,False
ATM013,2024-08-13,89,68.98,6129.53,50858.48,False
ATM013,2024-08-14,89,69.67,6166.2,44692.28,False
ATM013,2024-08-15,98,76.79,7563.5,72436.5,True
ATM013,2024-08-16,150,68.81,10308.77,62127.73,False
ATM013,2024-08-17,152,71.41,10827.32,51300.4,False
ATM013,2024-08-18,105,67.35,7073.22,44227.19,False
ATM013,2024-08-19,89,71.7,6367.03,37860.16,False
ATM013,2024-08-20,80,68.49,5484.43,74515.57,True
ATM013,2024-08-21,93,70.09,6523.72,67991.85,False
ATM013,2024-08-22,114,67.04,7626.75,60365.09,False
ATM013,2024-08-23,167,66.77,11159.1,49205.99,False
ATM013,2024-08-24,129,69.88,8988.51,40217.48,False
ATM013,2024-08-25,100,69.92,6970.34,73029.66,True
ATM013,2024-08-26,91,69.59,6362.37,66667.29,False
ATM013,2024-08-27,82,70.91,5787.91,60879.38,False
ATM013,2024-08-28,85,72.32,6129.7,54749.68,False
ATM013,2024-08-29,100,67.97,6820.26,47929.42,False
ATM013,2024-08-30,121,69.64,8410.36,71589.64,True
ATM013,2024-08-31,141,67.17,9479.62,62110.02,False
ATM013,2024-09-01,118,66.27,7830.28,54279.74,False
ATM013,2024-09-02,100,70.34,7059.79,47219.95,False
ATM013,2024-09-03,90,67.83,6120.67,41099.28,False
ATM013,2024-09-04,94,69.99,6611.86,73388.14,True
ATM013,2024-09-05,93,70.42,6583.04,66805.1,False
ATM013,2024-09-06,126,66.57,8413.26,58391.84,False
ATM013,2024-09-07,135,70.73,9579.02,48812.82,False
ATM013,2024-09-08,104,72.2,7544.72,41268.1,False
ATM013,2024-09-09,84,71.21,5996.42,74003.58,True
ATM013,2024-09-10,90,68.02,6090.74,67912.84,False
ATM013,2024-09-11,92,69.86,6438.73,61474.11,False
ATM013,2024-09-12,94,70.09,6609.35,54864.77,False
ATM013,2024-09-13,135,69.68,9379.6,45485.17,False
ATM013,2024-09-14,150,67.26,10065.43,69934.57,True
ATM013,2024-09-15,111,68.31,7586.04,62348.53,False
ATM013,2024-09-16,86,69.49,5954.45,56394.08,False
ATM013,2024-09-17,92,70.39,6463.18,49930.89,False
ATM013,2024-09-18,88,68.8,6038.64,43892.25,False
ATM013,2024-09-19,111,64.97,7221.26,72778.74,True
ATM013,2024-09-20,151,66.06,10008.35,62770.39,False
ATM013,2024-09-21,136,68.92,9383.1,53387.29,False
ATM013,2024-09-22,119,73.52,8784.47,44602.82,False
ATM013,2024-09-23,95,70.75,6719.52,37883.31,False
ATM013,2024-09-24,77,70.33,5389.11,74610.89,True
ATM013,2024-09-25,88,68.28,6031.01,68579.88,False
ATM013,2024-09-26,101,69.01,6982.17,61597.71,False
ATM013,2024-09-27,153,65.93,10058.87,51538.84,False
ATM013,2024-09-28,153,68.15,10414.92,41123.92,False
ATM013,2024-09-29,104,70.64,7333.13,72666.87,True
ATM013,2024-09-30,84,70.34,5914.17,66752.71,False
ATM013,2024-10-01,88,68.61,6048.9,60703.81,False
ATM013,2024-10-02,87,69.68,6064.3,54639.51,False
ATM013,2024-10-03,93,70.01,6545.48,48094.03,False
ATM013,2024-10-04,135,68.72,9282.51,70717.49,True
ATM013,2024-10-05,163,70.87,11579.97,59137.52,False
ATM013,2024-10-06,104,70.31,7346.96,51790.56,False
ATM013,2024-10-07,86,69.08,5951.75,45838.81,False
ATM013,2024-10-08,89,67.38,6003.45,39835.36,False
ATM013,2024-10-09,93,68.94,6439.65,73560.35,True
ATM013,2024-10-10,98,68.81,6737.17,66823.18,False
ATM013,2024-10-11,170,68.61,11643.41,55179.77,False
ATM013,2024-10-12,135,66.64,8963.68,46216.09,False
ATM013,2024-10-13,109,72.81,7958.4,38257.69,False
ATM013,2024-10-14,84,72.69,6097.24,73902.76,True
ATM013,2024-10-15,93,69.6,6466.61,67436.15,False
ATM013,2024-10-16,87,70.38,6154.16,61281.99,False
ATM013,2024-10-17,104,70.83,7344.45,53937.54,False
ATM013,2024-10-18,130,69.63,9027.07,44910.48,False
ATM013,2024-10-19,169,70.53,11901.65,68098.35,True
ATM013,2024-10-20,113,71.13,8019.93,60078.43,False
ATM013,2024-10-21,93,70.23,6518.84,53559.58,False
ATM013,2024-10-22,91,71.51,6537.52,47022.07,False
ATM013,2024-10-23,93,68.54,6384.24,40637.83,False
ATM013,2024-10-24,102,69.86,7095.87,72904.13,True
ATM013,2024-10-25,122,75.63,9262.98,63641.15,False
ATM013,2024-10-26,129,72.01,9302.23,54338.92,False
ATM013,2024-10-27,101,70.28,7104.22,47234.69,False
ATM013,2024-10-28,113,67.98,7655.03,39579.66,False
ATM013,2024-10-29,83,69.96,5836.14,74163.86,True
ATM013,2024-10-30,82,71.86,5906.5,68257.36,False
ATM013,2024-10-31,93,71.37,6653.25,61604.11,False
ATM013,2024-11-01,154,66.21,10176.44,51427.66,False
ATM013,2024-11-02,180,66.71,12030.84,39396.82,False
ATM013,2024-11-03,148,66.79,9903.32,70096.68,True
ATM013,2024-11-04,99,70.87,7017.72,63078.96,False
ATM013,2024-11-05,104,66.81,6953.25,56125.71,False
ATM013,2024-11-06,126,67.9,8530.7,47595.01,False
ATM013,2024-11-07,116,69.56,8038.96,39556.06,False
ATM013,2024-11-08,165,70.97,11738.1,68261.9,True
ATM013,2024-11-09,166,69.32,11537.78,56724.12,False
ATM013,2024-11-10,122,71.57,8764.47,47959.65,False
ATM013,2024-11-11,94,74.24,6953.84,41005.81,False
ATM013,2024-11-12,98,69.98,6869.64,34136.17,False
ATM013,2024-11-13,101,67.27,6818.74,73181.26,True
ATM013,2024-11-14,113,67.96,7666.25,65515.01,False
ATM013,2024-11-15,160,67.94,10849.52,54665.49,False
ATM013,2024-11-16,188,68.36,12835.2,41830.29,False
ATM013,2024-11-17,121,69.17,8364.73,33465.57,False
ATM013,2024-11-18,115,70.45,8089.57,71910.43,True
ATM013,2024-11-19,107,66.99,7194.21,64716.22,False
ATM013,2024-11-20,101,67.32,6826.99,57889.23,False
ATM013,2024-11-21,126,71.11,8930.9,48958.33,False
ATM013,2024-11-22,153,68.81,10515.02,38443.31,False
ATM013,2024-11-23,169,68.14,11539.0,68461.0,True
ATM013,2024-11-24,133,69.4,9196.4,59264.6,False
ATM013,2024-11-25,120,72.63,8729.94,50534.67,False
ATM013,2024-11-26,111,71.41,7940.04,42594.63,False
ATM013,2024-11-27,101,71.26,7179.92,35414.71,False
ATM013,2024-11-28,108,73.42,7953.56,72046.44,True
ATM013,2024-11-29,163,70.55,11489.32,60557.12,False
ATM013,2024-11-30,167,73.65,12334.47,48222.65,False
ATM013,2024-12-01,109,73.86,8054.48,40168.17,False
ATM013,2024-12-02,111,67.05,7448.75,32719.42,False
ATM013,2024-12-03,103,66.53,6872.99,73127.01,True
ATM013,2024-12-04,114,67.82,7741.77,65385.24,False
ATM013,2024-12-05,114,72.38,8246.96,57138.28,False
ATM013,2024-12-06,153,69.44,10655.51,46482.77,False
ATM013,2024-12-07,161,69.18,11159.23,35323.54,False
ATM013,2024-12-08,149,71.63,10662.92,69337.08,True
ATM013,2024-12-09,108,68.72,7407.89,61929.19,False
ATM013,2024-12-10,103,70.27,7223.0,54706.19,False
ATM013,2024-12-11,101,71.11,7181.72,47524.47,False
ATM013,2024-12-12,112,67.99,7623.96,39900.51,False
ATM013,2024-12-13,170,67.55,11461.94,68538.06,True
ATM013,2024-12-14,184,69.97,12865.3,55672.76,False
ATM013,2024-12-15,112,70.23,7835.29,47837.47,False
ATM013,2024-12-16,94,71.46,6706.76,41130.71,False
ATM013,2024-12-17,96,73.89,7119.55,34011.16,False
ATM013,2024-12-18,118,67.77,7971.44,72028.56,True
ATM013,2024-12-19,103,68.41,7075.13,64953.43,False
ATM013,2024-12-20,139,73.83,10253.62,54699.81,False
ATM013,2024-12-21,170,71.96,12216.42,42483.39,False
ATM013,2024-12-22,125,69.62,8728.9,33754.5,False
ATM013,2024-12-23,104,72.32,7529.23,72470.77,True
ATM013,2024-12-24,109,67.78,7404.35,65066.42,False
ATM013,2024-12-25,119,69.39,8285.03,56781.39,False
ATM013,2024-12-26,123,64.06,7894.38,48887.01,False
ATM013,2024-12-27,166,70.21,11675.9,37211.11,False
ATM013,2024-12-28,178,69.15,12311.05,67688.95,True
ATM013,2024-12-29,124,69.22,8553.37,59135.57,False
ATM013,2024-12-30,109,71.34,7795.12,51340.46,False
ATM013,2024-12-31,99,71.99,7128.37,44212.09,False
ATM014,2024-01-01,191,86.33,16517.79,103482.21,True
ATM014,2024-01-02,185,85.84,15895.2,87587.01,False
ATM014,2024-01-03,176,84.55,14856.02,72730.99,False
ATM014,2024-01-04,184,94.35,17378.81,55352.18,False
ATM014,2024-01-05,261,91.74,23912.36,31439.81,False
ATM014,2024-01-06,342,91.09,31113.35,88886.65,True
ATM014,2024-01-07,206,88.31,18219.61,70667.04,False
ATM014,2024-01-08,185,88.29,16290.71,54376.33,False
ATM014,2024-01-09,162,92.66,15039.21,39337.12,False
ATM014,2024-01-10,200,85.55,17153.07,22184.05,False
ATM014,2024-01-11,187,88.75,16613.87,103386.13,True
ATM014,2024-01-12,270,93.09,25141.68,78244.44,False
ATM014,2024-01-13,359,88.74,31884.27,46360.17,False
ATM014,2024-01-14,204,91.59,18670.83,27689.34,False
ATM014,2024-01-15,173,89.62,15530.31,12159.03,False
ATM014,2024-01-16,183,82.92,15190.56,104809.44,True
ATM014,2024-01-17,180,89.51,16102.47,88706.97,False
ATM014,2024-01-18,214,90.01,19230.47,69476.5,False
ATM014,2024-01-19,247,89.3,22081.91,47394.59,False
ATM014,2024-01-20,263,86.73,22796.32,24598.27,False
ATM014,2024-01-21,225,89.33,20096.56,99903.44,True
ATM014,2024-01-22,205,84.69,17376.6,82526.84,False
ATM014,2024-01-23,173,88.72,15375.18,67151.66,False
ATM014,2024-01-24,186,91.82,17068.86,50082.8,False
ATM014,2024-01-25,195,94.16,18402.15,31680.65,False
ATM014,2024-01-26,251,93.6,23495.88,96504.12,True
ATM014,2024-01-27,282,87.08,24529.6,71974.52,False
ATM014,2024-01-28,236,85.94,20262.17,51712.35,False
ATM014,2024-01-29,188,90.27,16956.35,34756.0,False
ATM014,2024-01-30,188,89.84,16856.84,17899.16,False
ATM014,2024-01-31,175,91.38,16026.92,103973.08,True
ATM014,2024-02-01,159,88.09,13996.44,89976.64,False
ATM014,2024-02-02,231,89.92,20769.37,69207.27,False
ATM014,2024-02-03,238,89.78,21373.28,47833.99,False
ATM014,2024-02-04,202,88.8,17910.03,29923.96,False
ATM014,2024-02-05,154,85.39,13133.76,106866.24,True
ATM014,2024-02-06,142,91.77,12993.39,93872.85,False
ATM014,2024-02-07,156,90.29,14105.41,79767.44,False
ATM014,2024-02-08,170,91.97,15675.46,64091.98,False
ATM014,2024-02-09,234,92.66,21718.75,42373.23,False
ATM014,2024-02-10,274,89.54,24546.07,95453.93,True
ATM014,2024-02-11,159,91.79,14597.46,80856.46,False
ATM014,2024-02-12,152,94.24,14337.32,66519.14,False
ATM014,2024-02-13,150,95.25,14254.83,52264.31,False
ATM014,2024-02-14,153,90.62,13893.41,38370.91,False
ATM014,2024-02-15,223,90.83,20225.62,99774.38,True
ATM014,2024-02-16,324,90.57,29379.72,70394.67,False
ATM014,2024-02-17,368,91.27,33554.79,36839.87,False
ATM014,2024-02-18,261,92.52,24182.74,95817.26,True
ATM014,2024-02-19,188,90.51,17052.84,78764.42,False
ATM014,2024-02-20,227,95.05,21548.15,57216.27,False
ATM014,2024-02-21,225,94.55,21284.35,98715.65,True
ATM014,2024-02-22,251,90.01,22549.76,76165.89,False
ATM014,2024-02-23,352,89.99,31691.19,44474.7,False
ATM014,2024-02-24,357,88.61,31645.59,88354.41,True
ATM014,2024-02-25,246,91.43,22524.45,65829.96,False
ATM014,2024-02-26,232,89.03,20650.41,45179.55,False
ATM014,2024-02-27,208,91.36,19038.21,100961.79,True
ATM014,2024-02-28,246,86.95,21356.72,79605.08,False
ATM014,2024-02-29,220,92.58,20363.84,59241.24,False
ATM014,2024-03-01,303,91.48,27735.7,92264.3,True
ATM014,2024-03-02,397,94.37,37432.81,54831.49,False
ATM014,2024-03-03,279,91.91,25638.71,29192.79,False
ATM014,2024-03-04,289,83.7,24156.93,95843.07,True
ATM014,2024-03-05,208,92.29,19175.09,76667.98,False
ATM014,2024-03-06,212,93.35,19749.43,56918.55,False
ATM014,2024-03-07,246,90.36,22223.36,97776.64,True
ATM014,2024-03-08,338,88.59,29956.69,67819.96,False
ATM014,2024-03-09,355,90.73,32171.02,35648.93,False
ATM014,2024-03-10,249,92.57,23063.07,96936.93,True
ATM014,2024-03-11,232,92.97,21599.36,75337.58,False
ATM014,2024-03-12,214,85.41,18303.48,57034.1,False
ATM014,2024-03-13,207,97.83,20215.34,99784.66,True
ATM014,2024-03-14,275,88.5,24350.04,75434.62,False
ATM014,2024-03-15,342,91.96,31459.33,43975.29,False
ATM014,2024-03-16,213,93.7,19982.69,100017.31,True
ATM014,2024-03-17,176,89.76,15831.82,84185.49,False
ATM014,2024-03-18,146,93.09,13597.59,70587.9,False
ATM014,2024-03-19,145,85.39,12360.95,58226.95,False
ATM014,2024-03-20,161,84.48,13607.64,44619.31,False
ATM014,2024-03-21,154,93.2,14355.18,105644.82,True
ATM014,2024-03-22,225,92.81,20922.1,84722.72,False
ATM014,2024-03-23,238,96.51,22967.45,61755.26,False
ATM014,2024-03-24,169,91.07,15372.27,46383.0,False
ATM014,2024-03-25,142,92.58,13164.96,33218.04,False
ATM014,2024-03-26,137,94.64,12975.92,107024.08,True
ATM014,2024-03-27,137,93.8,12818.22,94205.86,False
ATM014,2024-03-28,170,89.91,15282.5,78923.37,False
ATM014,2024-03-29,230,90.71,20868.49,58054.88,False
ATM014,2024-03-30,252,89.44,22546.29,35508.59,False
ATM014,2024-03-31,171,89.1,15250.78,104749.22,True
ATM014,2024-04-01,157,92.27,14479.43,90269.8,False
ATM014,2024-04-02,160,89.41,14343.05,75926.75,False
ATM014,2024-04-03,181,92.27,16705.02,59221.73,False
ATM014,2024-04-04,173,89.75,15537.93,43683.79,False
ATM014,2024-04-05,276,90.14,24897.64,95102.36,True
ATM014,2024-04-06,330,87.78,28993.17,66109.19,False
ATM014,2024-04-07,181,92.19,16653.67,49455.52,False
ATM014,2024-04-08,184,85.25,15688.89,33766.63,False
ATM014,2024-04-09,166,93.32,15465.8,18300.83,False
ATM014,2024-04-10,152,96.31,14613.1,105386.9,True
ATM014,2024-04-11,184,90.23,16590.96,88795.93,False
ATM014,2024-04-12,246,90.11,22137.03,66658.91,False
ATM014,2024-04-13,304,85.98,26143.82,40515.09,False
ATM014,2024-04-14,264,88.66,23426.58,17088.51,False
ATM014,2024-04-15,170,92.62,15735.77,104264.23,True
ATM014,2024-04-16,191,93.04,17756.02,86508.21,False
ATM014,2024-04-17,162,90.58,14676.73,71831.47,False
ATM014,2024-04-18,167,92.43,15422.29,56409.18,False
ATM014,2024-04-19,245,87.83,21501.61,34907.57,False
ATM014,2024-04-20,289,91.2,26383.82,93616.18,True
ATM014,2024-04-21,201,94.1,18874.24,74741.94,False
ATM014,2024-04-22,187,91.74,17135.9,57606.04,False
ATM014,2024-04-23,152,94.59,14348.84,43257.21,False
ATM014,2024-04-24,159,94.69,15091.5,28165.71,False
ATM014,2024-04-25,222,91.38,20268.41,99731.59,True
ATM014,2024-04-26,317,81.68,25915.26,73816.33,False
ATM014,2024-04-27,280,92.98,26031.96,47784.37,False
ATM014,2024-04-28,237,86.71,20507.26,27277.11,False
ATM014,2024-04-29,192,83.15,15958.45,11318.67,False
ATM014,2024-04-30,190,84.92,16097.06,103902.94,True
ATM014,2024-05-01,155,93.19,14398.99,89503.95,False
ATM014,2024-05-02,155,91.41,14182.13,75321.82,False
ATM014,2024-05-03,218,90.65,19787.94,55533.89,False
ATM014,2024-05-04,221,91.68,20294.41,35239.48,False
ATM014,2024-05-05,168,85.06,14279.98,105720.02,True
ATM014,2024-05-06,151,89.43,13459.6,92260.42,False
ATM014,2024-05-07,151,88.25,13282.75,78977.67,False
ATM014,2024-05-08,168,90.43,15180.67,63796.99,False
ATM014,2024-05-09,165,90.53,14901.92,48895.07,False
ATM014,2024-05-10,235,91.56,21552.1,98447.9,True
ATM014,2024-05-11,247,91.99,22682.52,75765.38,False
ATM014,2024-05-12,166,85.18,14097.8,61667.58,False
ATM014,2024-05-13,151,89.47,13502.88,48164.7,False
ATM014,2024-05-14,151,90.05,13571.77,34592.93,False
ATM014,2024-05-15,160,86.64,13856.51,106143.49,True
ATM014,2024-05-16,170,86.38,14649.94,91493.55,False
ATM014,2024-05-17,243,84.93,20642.45,70851.1,False
ATM014,2024-05-18,262,86.03,22534.22,48316.88,False
ATM014,2024-05-19,169,92.42,15594.13,32722.75,False
ATM014,2024-05-20,161,85.56,13792.76,106207.24,True
ATM014,2024-05-21,145,85.95,12432.8,93774.44,False
ATM014,2024-05-22,131,90.32,11815.26,81959.19,False
ATM014,2024-05-23,167,91.19,15247.4,66711.78,False
ATM014,2024-05-24,233,89.97,20956.59,45755.19,False
ATM014,2024-05-25,248,87.1,21574.59,98425.41,True
ATM014,2024-05-26,180,86.43,15532.52,82892.89,False
ATM014,2024-05-27,142,90.24,12795.14,70097.74,False
ATM014,2024-05-28,132,98.27,12924.94,57172.8,False
ATM014,2024-05-29,135,89.66,12107.43,45065.38,False
ATM014,2024-05-30,149,88.95,13270.28,106729.72,True
ATM014,2024-05-31,212,92.28,19608.69,87121.03,False
ATM014,2024-06-01,238,89.48,21310.01,65811.02,False
ATM014,2024-06-02,180,86.22,15543.14,50267.88,False
ATM014,2024-06-03,146,88.97,12969.24,37298.64,False
ATM014,2024-06-04,143,91.51,13099.49,106900.51,True
ATM014,2024-06-05,147,89.32,13086.78,93813.73,False
ATM014,2024-06-06,142,91.46,12997.17,80816.56,False
ATM014,2024-06-07,208,92.02,19135.72,61680.84,False
ATM014,2024-06-08,269,89.49,24114.28,37566.56,False
ATM014,2024-06-09,166,89.95,14911.16,105088.84,True
ATM014,2024-06-10,156,89.15,13910.4,91178.44,False
ATM014,2024-06-11,137,91.52,12527.46,78650.99,False
ATM014,2024-06-12,155,89.07,13775.0,64875.99,False
ATM014,2024-06-13,143,91.23,13058.04,51817.96,False
ATM014,2024-06-14,210,90.58,19040.28,100959.72,True
ATM014,2024-06-15,262,84.9,22225.37,78734.35,False
ATM014,2024-06-16,176,91.39,16109.63,62624.72,False
ATM014,2024-06-17,157,90.32,14194.12,48430.6,False
ATM014,2024-06-18,121,93.45,11347.56,37083.04,False
ATM014,2024-06-19,158,86.75,13691.79,106308.21,True
ATM014,2024-06-20,153,90.62,13874.39,92433.82,False
ATM014,2024-06-21,238,88.68,21070.09,71363.73,False
ATM014,2024-06-22,274,85.16,23299.69,48064.04,False
ATM014,2024-06-23,176,84.43,14891.19,33172.85,False
ATM014,2024-06-24,136,94.07,12748.44,107251.56,True
ATM014,2024-06-25,166,90.63,15051.11,92200.45,False
ATM014,2024-06-26,142,89.4,12722.02,79478.43,False
ATM014,2024-06-27,177,85.78,15154.87,64323.56,False
ATM014,2024-06-28,206,93.87,19301.73,45021.83,False
ATM014,2024-06-29,232,87.98,20439.18,99560.82,True
ATM014,2024-06-30,177,90.76,16033.26,83527.56,False
ATM014,2024-07-01,144,90.21,12993.86,70533.7,False
ATM014,2024-07-02,143,95.3,13598.52,56935.17,False
ATM014,2024-07-03,147,89.89,13186.42,43748.75,False
ATM014,2024-07-04,184,88.52,16315.41,103684.59,True
ATM014,2024-07-05,202,90.68,18312.15,85372.44,False
ATM014,2024-07-06,261,90.97,23712.11,61660.34,False
ATM014,2024-07-07,185,86.09,15910.05,45750.29,False
ATM014,2024-07-08,145,93.33,13519.61,32230.68,False
ATM014,2024-07-09,134,89.34,11953.42,108046.58,True
ATM014,2024-07-10,147,88.12,12947.47,95099.11,False
ATM014,2024-07-11,164,91.2,14917.62,80181.49,False
ATM014,2024-07-12,237,87.36,20708.98,59472.51,False
ATM014,2024-07-13,216,90.71,19598.14,39874.37,False
ATM014,2024-07-14,163,94.96,15461.1,104538.9,True
ATM014,2024-07-15,162,95.37,15489.2,89049.7,False
ATM014,2024-07-16,133,91.54,12201.97,76847.72,False
ATM014,2024-07-17,154,92.05,14139.77,62707.96,False
ATM014,2024-07-18,153,93.45,14301.73,48406.23,False
ATM014,2024-07-19,222,90.35,20091.62,99908.38,True
ATM014,2024-07-20,215,91.74,19747.07,80161.31,False
ATM014,2024-07-21,172,91.25,15729.11,64432.21,False
ATM014,2024-07-22,153,90.49,13800.23,50631.98,False
ATM014,2024-07-23,141,92.12,12990.33,37641.64,False
ATM014,2024-07-24,152,86.07,13119.53,106880.47,True
ATM014,2024-07-25,174,87.82,15256.65,91623.82,False
ATM014,2024-07-26,210,87.24,18312.27,73311.55,False
ATM014,2024-07-27,250,89.74,22431.96,50879.59,False
ATM014,2024-07-28,155,88.96,13797.04,37082.56,False
ATM014,2024-07-29,166,88.78,14732.76,105267.24,True
ATM014,2024-07-30,139,92.82,12881.88,92385.36,False
ATM014,2024-07-31,152,92.76,14065.27,78320.08,False
ATM014,2024-08-01,128,94.68,12074.67,66245.42,False
ATM014,2024-08-02,217,96.65,21006.2,45239.22,False
ATM014,2024-08-03,244,85.24,20819.51,99180.49,True
ATM014,2024-08-04,180,89.26,16026.56,83153.93,False
ATM014,2024-08-05,153,92.9,14210.54,68943.39,False
ATM014,2024-08-06,145,89.35,12952.58,55990.82,False
ATM014,2024-08-07,155,89.31,13799.26,42191.56,False
ATM014,2024-08-08,154,92.8,14316.17,105683.83,True
ATM014,2024-08-09,236,92.93,21943.12,83740.71,False
ATM014,2024-08-10,258,84.22,21733.99,62006.72,False
ATM014,2024-08-11,180,87.95,15853.14,46153.58,False
ATM014,2024-08-12,153,88.19,13452.25,32701.33,False
ATM014,2024-08-13,149,87.19,13013.06,106986.94,True
ATM014,2024-08-14,130,93.3,12162.71,94824.23,False
ATM014,2024-08-15,152,90.0,13698.86,81125.38,False
ATM014,2024-08-16,232,92.47,21479.21,59646.17,False
ATM014,2024-08-17,256,90.82,23249.71,36396.45,False
ATM014,2024-08-18,180,93.71,16851.2,103148.8,True
ATM014,2024-08-19,164,85.04,13984.91,89163.89,False
ATM014,2024-08-20,137,91.88,12558.63,76605.26,False
ATM014,2024-08-21,135,94.37,12732.12,63873.14,False
ATM014,2024-08-22,162,90.23,14596.27,49276.87,False
ATM014,2024-08-23,243,89.51,21736.69,98263.31,True
ATM014,2024-08-24,241,92.43,22264.49,75998.83,False
ATM014,2024-08-25,162,89.23,14449.83,61548.99,False
ATM014,2024-08-26,160,90.18,14386.18,47162.81,False
ATM014,2024-08-27,168,85.75,14441.68,32721.13,False
ATM014,2024-08-28,128,92.08,11819.19,108180.81,True
ATM014,2024-08-29,174,89.48,15576.99,92603.82,False
ATM014,2024-08-30,225,92.01,20662.02,71941.8,False
ATM014,2024-08-31,236,88.09,20773.6,51168.2,False
ATM014,2024-09-01,176,92.44,16232.62,34935.58,False
ATM014,2024-09-02,140,89.47,12511.03,107488.97,True
ATM014,2024-09-03,141,91.13,12811.06,94677.91,False
ATM014,2024-09-04,150,88.53,13295.37,81382.55,False
ATM014,2024-09-05,181,88.54,15999.99,65382.56,False
ATM014,2024-09-06,230,85.7,19684.33,45698.23,False
ATM014,2024-09-07,229,91.39,20919.88,99080.12,True
ATM014,2024-09-08,179,91.62,16382.01,82698.11,False
ATM014,2024-09-09,148,95.64,14108.76,68589.35,False
ATM014,2024-09-10,144,85.63,12367.29,56222.06,False
ATM014,2024-09-11,140,88.1,12360.25,43861.81,False
ATM014,2024-09-12,152,90.25,13694.38,106305.62,True
ATM014,2024-09-13,233,94.16,21932.19,84373.43,False
ATM014,2024-09-14,238,95.78,22781.64,61591.79,False
ATM014,2024-09-15,183,85.59,15623.8,45967.99,False
ATM014,2024-09-16,172,85.04,14613.56,31354.43,False
ATM014,2024-09-17,135,91.4,12361.11,107638.89,True
ATM014,2024-09-18,148,89.48,13208.47,94430.43,False
ATM014,2024-09-19,150,89.97,13497.89,80932.54,False
ATM014,2024-09-20,239,90.05,21553.23,59379.31,False
ATM014,2024-09-21,240,86.63,20749.82,38629.49,False
ATM014,2024-09-22,166,91.06,15135.91,104864.09,True
ATM014,2024-09-23,158,87.84,13905.43,90958.66,False
ATM014,2024-09-24,122,91.13,11163.53,79795.13,False
ATM014,2024-09-25,136,91.86,12493.21,67301.92,False
ATM014,2024-09-26,159,87.33,13905.17,53396.75,False
ATM014,2024-09-27,211,96.37,20307.52,99692.48,True
ATM014,2024-09-28,256,90.37,23175.27,76517.21,False
ATM014,2024-09-29,193,85.27,16425.93,60091.28,False
ATM014,2024-09-30,151,83.22,12549.28,47541.99,False
ATM014,2024-10-01,156,94.12,14709.54,32832.45,False
ATM014,2024-10-02,151,90.36,13674.35,106325.65,True
ATM014,2024-10-03,147,89.41,13152.04,93173.61,False
ATM014,2024-10-04,252,90.35,22776.67,70396.93,False
ATM014,2024-10-05,248,85.25,21139.18,49257.75,False
ATM014,2024-10-06,196,89.81,17643.42,31614.33,False
ATM014,2024-10-07,137,87.5,12004.19,107995.81,True
ATM014,2024-10-08,133,89.64,11917.14,96078.67,False
ATM014,2024-10-09,152,88.64,13497.96,82580.71,False
ATM014,2024-10-10,172,90.21,15480.51,67100.2,False
ATM014,2024-10-11,243,89.04,21641.9,45458.3,False
ATM014,2024-10-12,308,88.48,27216.58,92783.42,True
ATM014,2024-10-13,172,87.23,15036.92,77746.5,False
ATM014,2024-10-14,157,85.36,13375.99,64370.51,False
ATM014,2024-10-15,157,84.86,13303.47,51067.04,False
ATM014,2024-10-16,156,86.35,13454.88,37612.16,False
ATM014,2024-10-17,156,91.63,14274.83,105725.17,True
ATM014,2024-10-18,271,87.09,23607.21,82117.96,False
ATM014,2024-10-19,247,88.05,21761.26,60356.7,False
ATM014,2024-10-20,171,88.07,15072.18,45284.52,False
ATM014,2024-10-21,162,88.68,14381.06,30903.46,False
ATM014,2024-10-22,167,91.12,15254.24,104745.76,True
ATM014,2024-10-23,139,89.01,12395.38,92350.38,False
ATM014,2024-10-24,150,92.16,13860.72,78489.66,False
ATM014,2024-10-25,207,86.38,17913.5,60576.16,False
ATM014,2024-10-26,230,91.84,21099.41,39476.74,False
ATM014,2024-10-27,186,93.73,17462.5,102537.5,True
ATM014,2024-10-28,157,89.78,14087.86,88449.64,False
ATM014,2024-10-29,159,86.91,13777.39,74672.24,False
ATM014,2024-10-30,128,91.18,11691.93,62980.31,False
ATM014,2024-10-31,152,89.82,13664.36,49315.96,False
ATM014,2024-11-01,264,90.67,23906.68,96093.32,True
ATM014,2024-11-02,300,92.25,27710.55,68382.77,False
ATM014,2024-11-03,216,88.81,19161.56,49221.21,False
ATM014,2024-11-04,183,88.39,16139.75,33081.46,False
ATM014,2024-11-05,156,97.07,15167.72,17913.74,False
ATM014,2024-11-06,174,91.22,15899.57,104100.43,True
ATM014,2024-11-07,178,92.75,16466.35,87634.07,False
ATM014,2024-11-08,272,92.07,25003.18,62630.89,False
ATM014,2024-11-09,284,92.79,26343.2,36287.69,False
ATM014,2024-11-10,228,90.76,20661.54,15626.15,False
ATM014,2024-11-11,172,92.42,15890.46,104109.54,True
ATM014,2024-11-12,164,88.06,14434.64,89674.9,False
ATM014,2024-11-13,183,85.3,15639.63,74035.27,False
ATM014,2024-11-14,210,87.4,18331.75,55703.52,False
ATM014,2024-11-15,257,89.42,22937.65,32765.87,False
ATM014,2024-11-16,292,89.07,26021.37,93978.63,True
ATM014,2024-11-17,209,89.84,18812.85,75165.78,False
ATM014,2024-11-18,177,87.91,15524.97,59640.81,False
ATM014,2024-11-19,197,84.32,16587.06,43053.75,False
ATM014,2024-11-20,174,88.73,15473.66,27580.1,False
ATM014,2024-11-21,207,86.07,17814.6,102185.4,True
ATM014,2024-11-22,255,89.72,22892.26,79293.14,False
ATM014,2024-11-23,308,90.9,27968.34,51324.8,False
ATM014,2024-11-24,196,88.68,17398.99,33925.82,False
ATM014,2024-11-25,196,86.76,17043.44,16882.38,False
ATM014,2024-11-26,170,89.98,15293.3,104706.7,True
ATM014,2024-11-27,157,97.28,15279.84,89426.86,False
ATM014,2024-11-28,184,91.21,16807.27,72619.59,False
ATM014,2024-11-29,246,91.42,22469.14,50150.45,False
ATM014,2024-11-30,312,88.41,27580.89,22569.57,False
ATM014,2024-12-01,215,87.58,18829.54,101170.46,True
ATM014,2024-12-02,159,92.8,14785.3,86385.16,False
ATM014,2024-12-03,177,83.48,14792.79,71592.37,False
ATM014,2024-12-04,202,87.83,17762.94,53829.43,False
ATM014,2024-12-05,180,94.43,17004.14,36825.3,False
ATM014,2024-12-06,262,89.56,23473.26,96526.74,True
ATM014,2024-12-07,278,85.59,23812.15,72714.59,False
ATM014,2024-12-08,205,90.98,18682.91,54031.68,False
ATM014,2024-12-09,184,88.7,16364.73,37666.95,False
ATM014,2024-12-10,181,85.04,15399.54,22267.41,False
ATM014,2024-12-11,179,90.44,16211.98,103788.02,True
ATM014,2024-12-12,221,90.02,19863.01,83925.01,False
ATM014,2024-12-13,247,89.86,22193.45,61731.56,False
ATM014,2024-12-14,278,91.17,25361.24,36370.32,False
ATM014,2024-12-15,219,86.6,18937.4,17432.93,False
ATM014,2024-12-16,157,90.71,14285.42,105714.58,True
ATM014,2024-12-17,188,90.21,16941.02,88773.56,False
ATM014,2024-12-18,179,92.73,16617.72,72155.83,False
ATM014,2024-12-19,201,87.8,17626.06,54529.78,False
ATM014,2024-12-20,258,93.26,24033.66,30496.12,False
ATM014,2024-12-21,293,92.02,26930.52,93069.48,True
ATM014,2024-12-22,205,89.45,18299.58,74769.9,False
ATM014,2024-12-23,177,89.86,15885.88,58884.02,False
ATM014,2024-12-24,199,83.66,16687.78,42196.24,False
ATM014,2024-12-25,175,89.79,15731.68,26464.55,False
ATM014,2024-12-26,171,91.81,15716.29,104283.71,True
ATM014,2024-12-27,253,89.04,22534.98,81748.73,False
ATM014,2024-12-28,319,92.73,29535.2,52213.53,False
ATM014,2024-12-29,216,91.03,19677.39,32536.14,False
ATM014,2024-12-30,166,95.4,15834.87,16701.28,False
ATM014,2024-12-31,185,87.98,16265.91,103734.09,True
ATM015,2024-01-01,183,86.14,15787.06,104212.94,False
ATM015,2024-01-02,176,89.27,15678.34,88534.6,False
ATM015,2024-01-03,177,91.19,16119.75,72414.85,False
ATM015,2024-01-04,179,91.71,16403.32,103596.68,True
ATM015,2024-01-05,255,88.83,22652.95,80943.73,False
ATM015,2024-01-06,266,93.05,24736.22,56207.52,False
ATM015,2024-01-07,196,93.71,18338.0,37869.51,False
ATM015,2024-01-08,204,88.01,17956.37,19913.14,False
ATM015,2024-01-09,134,92.82,12401.4,7511.74,False
ATM015,2024-01-10,173,87.66,15164.55,104835.45,True
ATM015,2024-01-11,185,88.88,16425.78,88409.67,False
ATM015,2024-01-12,284,90.43,25686.02,62723.65,False
ATM015,2024-01-13,308,91.33,28089.04,34634.62,False
ATM015,2024-01-14,206,88.95,18301.25,16333.36,False
ATM015,2024-01-15,177,92.22,16333.36,0.0,False
ATM015,2024-01-16,183,89.29,16314.51,103685.49,True
ATM015,2024-01-17,172,91.58,15723.6,87961.89,False
ATM015,2024-01-18,192,86.94,16662.9,71298.99,False
ATM015,2024-01-19,248,89.35,22169.21,49129.78,False
ATM015,2024-01-20,288,93.4,26893.43,22236.35,False
ATM015,2024-01-21,192,88.39,17008.15,5228.21,False
ATM015,2024-01-22,168,92.15,15456.83,104543.17,True
ATM015,2024-01-23,165,88.84,14662.77,89880.4,False
ATM015,2024-01-24,154,91.31,14070.2,75810.2,False
ATM015,2024-01-25,192,88.23,16924.53,58885.67,False
ATM015,2024-01-26,248,93.04,23034.14,35851.53,False
ATM015,2024-01-27,273,87.73,23931.25,11920.28,False
ATM015,2024-01-28,226,90.2,20415.07,99584.93,True
ATM015,2024-01-29,182,91.08,16609.65,82975.28,False
ATM015,2024-01-30,170,89.06,15177.37,67797.9,False
ATM015,2024-01-31,177,93.14,16462.87,51335.03,False
ATM015,2024-02-01,177,86.8,15388.71,35946.33,False
ATM015,2024-02-02,241,89.03,21416.58,14529.74,False
ATM015,2024-02-03,227,89.54,20294.58,99705.42,True
ATM015,2024-02-04,181,91.46,16518.37,83187.05,False
ATM015,2024-02-05,141,92.26,12973.42,70213.63,False
ATM015,2024-02-06,145,88.45,12803.88,57409.76,False
ATM015,2024-02-07,135,91.11,12317.42,45092.34,False
ATM015,2024-02-08,164,86.29,14181.87,30910.47,False
ATM015,2024-02-09,234,88.7,20741.22,99258.78,True
ATM015,2024-02-10,277,86.21,23918.55,75340.23,False
ATM015,2024-02-11,175,88.11,15388.87,59951.36,False
ATM015,2024-02-12,139,88.69,12335.73,47615.63,False
ATM015,2024-02-13,159,90.39,14352.12,33263.51,False
ATM015,2024-02-14,144,85.06,12245.49,21018.03,False
ATM015,2024-02-15,217,88.55,19220.08,100779.92,True
ATM015,2024-02-16,318,89.4,28422.3,72357.62,False
ATM015,2024-02-17,309,89.75,27739.66,44617.96,False
ATM015,2024-02-18,270,94.38,25455.85,94544.15,True
ATM015,2024-02-19,200,87.84,17582.06,76962.1,False
ATM015,2024-02-20,201,90.39,18153.65,58808.45,False
ATM015,2024-02-21,191,94.54,18063.68,101936.32,True
ATM015,2024-02-22,243,89.67,21747.47,80188.85,False
ATM015,2024-02-23,369,89.96,33215.68,46973.17,False
ATM015,2024-02-24,380,87.97,33446.17,86553.83,True
ATM015,2024-02-25,244,88.35,21521.86,65031.96,False
ATM015,2024-02-26,255,91.71,23396.31,41635.65,False
ATM015,2024-02-27,225,87.36,19646.23,100353.77,True
ATM015,2024-02-28,243,86.33,20969.62,79384.15,False
ATM015,2024-02-29,220,88.49,19428.81,59955.34,False
ATM015,2024-03-01,358,95.12,34067.59,85932.41,True
ATM015,2024-03-02,357,88.18,31510.78,54421.64,False
ATM015,2024-03-03,234,90.21,21119.13,33302.51,False
ATM015,2024-03-04,220,92.13,20304.26,99695.74,True
ATM015,2024-03-05,230,89.47,20540.89,79154.85,False
ATM015,2024-03-06,232,88.11,20454.63,58700.22,False
ATM015,2024-03-07,254,88.63,22511.9,97488.1,True
ATM015,2024-03-08,337,91.02,30682.55,66805.55,False
ATM015,2024-03-09,355,92.15,32678.99,34126.56,False
ATM015,2024-03-10,244,87.12,21222.81,98777.19,True
ATM015,2024-03-11,229,86.1,19699.35,79077.84,False
ATM015,2024-03-12,210,88.99,18731.14,60346.69,False
ATM015,2024-03-13,239,90.38,21562.7,98437.3,True
ATM015,2024-03-14,257,90.81,23301.35,75135.95,False
ATM015,2024-03-15,317,90.36,28617.99,46517.96,False
ATM015,2024-03-16,242,93.22,22516.89,97483.11,True
ATM015,2024-03-17,180,85.55,15441.09,82042.02,False
ATM015,2024-03-18,131,89.12,11711.06,70330.96,False
ATM015,2024-03-19,113,94.85,10765.05,59565.91,False
ATM015,2024-03-20,153,88.28,13495.58,46070.33,False
ATM015,2024-03-21,142,92.78,13198.0,32872.33,False
ATM015,2024-03-22,207,87.25,18081.1,101918.9,True
ATM015,2024-03-23,225,90.31,20279.08,81639.82,False
ATM015,2024-03-24,175,93.22,16276.95,65362.88,False
ATM015,2024-03-25,158,90.0,14209.74,51153.14,False
ATM015,2024-03-26,154,88.19,13618.02,37535.11,False
ATM015,2024-03-27,129,88.19,11394.34,26140.78,False
ATM015,2024-03-28,153,88.29,13481.29,106518.71,True
ATM015,2024-03-29,206,88.76,18277.4,88241.31,False
ATM015,2024-03-30,236,94.63,22345.1,65896.21,False
ATM015,2024-03-31,160,86.52,13811.75,52084.46,False
ATM015,2024-04-01,163,92.07,14994.75,37089.71,False
ATM015,2024-04-02,170,88.04,14998.24,22091.47,False
ATM015,2024-04-03,176,92.58,16331.08,103668.92,True
ATM015,2024-04-04,195,87.8,17094.37,86574.55,False
ATM015,2024-04-05,267,89.37,23904.41,62670.15,False
ATM015,2024-04-06,285,88.62,25245.72,37424.43,False
ATM015,2024-04-07,220,90.67,19952.7,17471.73,False
ATM015,2024-04-08,182,93.61,17040.63,431.1,False
ATM015,2024-04-09,177,88.63,15711.74,104288.26,True
ATM015,2024-04-10,183,91.26,16705.22,87583.04,False
ATM015,2024-04-11,226,90.84,20538.44,67044.61,False
ATM015,2024-04-12,271,90.78,24630.4,42414.21,False
ATM015,2024-04-13,286,89.3,25497.76,16916.45,False
ATM015,2024-04-14,185,91.41,16916.45,0.0,False
ATM015,2024-04-15,189,90.83,17182.79,102817.21,True
ATM015,2024-04-16,165,89.12,14729.86,88087.34,False
ATM015,2024-04-17,150,94.49,14158.19,73929.16,False
ATM015,2024-04-18,178,92.61,16480.54,57448.62,False
ATM015,2024-04-19,263,90.82,23914.9,33533.72,False
ATM015,2024-04-20,290,87.87,25465.03,8068.69,False
ATM015,2024-04-21,185,94.67,17475.82,102524.18,True
ATM015,2024-04-22,172,93.04,15975.85,86548.33,False
ATM015,2024-04-23,189,88.89,16763.82,69784.51,False
ATM015,2024-04-24,178,90.12,15999.28,53785.23,False
ATM015,2024-04-25,176,89.5,15784.96,38000.27,False
ATM015,2024-04-26,276,88.65,24441.16,13559.11,False
ATM015,2024-04-27,280,89.53,25098.01,94901.99,True
ATM015,2024-04-28,255,85.05,21680.71,73221.29,False
ATM015,2024-04-29,184,89.32,16415.34,56805.95,False
ATM015,2024-04-30,163,89.25,14547.71,42258.24,False
ATM015,2024-05-01,147,91.96,13562.29,28695.95,False
ATM015,2024-05-02,155,92.95,14450.98,14244.97,False
ATM015,2024-05-03,232,92.2,21362.56,98637.44,True
ATM015,2024-05-04,225,91.33,20593.44,78044.0,False
ATM015,2024-05-05,184,87.8,16138.99,61905.01,False
ATM015,2024-05-06,140,84.54,11833.32,50071.69,False
ATM015,2024-05-07,140,90.8,12741.29,37330.41,False
ATM015,2024-05-08,128,92.82,11915.65,25414.76,False
ATM015,2024-05-09,154,93.64,14416.83,105583.17,True
ATM015,2024-05-10,230,87.12,20060.63,85522.54,False
ATM015,2024-05-11,241,91.81,22093.55,63429.0,False
ATM015,2024-05-12,174,86.11,14998.65,48430.34,False
ATM015,2024-05-13,152,87.3,13300.48,35129.86,False
ATM015,2024-05-14,154,88.9,13714.04,21415.82,False
ATM015,2024-05-15,173,84.26,14604.05,105395.95,True
ATM015,2024-05-16,153,93.86,14399.25,90996.69,False
ATM015,2024-05-17,205,89.57,18365.99,72630.71,False
ATM015,2024-05-18,236,88.15,20800.84,51829.87,False
ATM015,2024-05-19,183,86.5,15853.93,35975.93,False
ATM015,2024-05-20,143,91.39,13105.24,22870.7,False
ATM015,2024-05-21,143,87.3,12489.66,107510.34,True
ATM015,2024-05-22,151,91.97,13911.14,93599.2,False
ATM015,2024-05-23,153,86.51,13261.4,80337.8,False
ATM015,2024-05-24,200,91.47,18286.94,62050.86,False
ATM015,2024-05-25,237,92.13,21812.78,40238.08,False
ATM015,2024-05-26,174,87.5,15232.99,25005.09,False
ATM015,2024-05-27,159,88.51,14084.84,105915.16,True
ATM015,2024-05-28,150,85.82,12845.79,93069.37,False
ATM015,2024-05-29,134,92.73,12437.18,80632.19,False
ATM015,2024-05-30,147,92.2,13566.47,67065.72,False
ATM015,2024-05-31,188,88.49,16604.11,50461.61,False
ATM015,2024-06-01,223,94.7,21140.93,29320.68,False
ATM015,2024-06-02,156,91.81,14360.19,105639.81,True
ATM015,2024-06-03,162,88.05,14221.64,91418.17,False
ATM015,2024-06-04,137,90.38,12351.91,79066.26,False
ATM015,2024-06-05,131,88.77,11668.27,67397.99,False
ATM015,2024-06-06,171,91.41,15596.84,51801.14,False
ATM015,2024-06-07,214,90.31,19333.69,32467.45,False
ATM015,2024-06-08,242,92.09,22284.01,97715.99,True
ATM015,2024-06-09,159,94.14,14989.43,82726.57,False
ATM015,2024-06-10,158,91.83,14482.25,68244.31,False
ATM015,2024-06-11,137,87.25,11952.62,56291.69,False
ATM015,2024-06-12,140,90.16,12650.73,43640.96,False
ATM015,2024-06-13,138,91.34,12603.14,31037.82,False
ATM015,2024-06-14,234,91.56,21390.44,98609.56,True
ATM015,2024-06-15,232,87.86,20407.08,78202.47,False
ATM015,2024-06-16,178,89.59,15915.35,62287.13,False
ATM015,2024-06-17,149,91.62,13623.45,48663.68,False
ATM015,2024-06-18,157,86.94,13686.23,34977.45,False
ATM015,2024-06-19,148,89.02,13145.64,21831.81,False
ATM015,2024-06-20,153,92.33,14165.88,105834.12,True
ATM015,2024-06-21,223,93.78,20924.92,84909.2,False
ATM015,2024-06-22,246,89.7,22043.05,62866.16,False
ATM015,2024-06-23,179,85.32,15311.32,47554.84,False
ATM015,2024-06-24,163,89.13,14505.98,33048.85,False
ATM015,2024-06-25,143,91.83,13136.18,19912.67,False
ATM015,2024-06-26,136,87.51,11862.77,108137.23,True
ATM015,2024-06-27,175,90.78,15895.44,92241.79,False
ATM015,2024-06-28,209,89.66,18768.52,73473.28,False
ATM015,2024-06-29,250,92.52,23086.37,50386.91,False
ATM015,2024-06-30,149,94.41,14064.7,36322.2,False
ATM015,2024-07-01,158,89.59,14131.55,22190.65,False
ATM015,2024-07-02,126,92.85,11664.35,108335.65,True
ATM015,2024-07-03,155,86.06,13382.22,94953.43,False
ATM015,2024-07-04,143,98.44,14034.17,80919.26,False
ATM015,2024-07-05,222,88.0,19569.59,61349.67,False
ATM015,2024-07-06,210,94.78,19937.67,41411.99,False
ATM015,2024-07-07,176,93.8,16537.61,24874.38,False
ATM015,2024-07-08,144,93.39,13438.89,106561.11,True
ATM015,2024-07-09,132,90.44,11948.14,94612.98,False
ATM015,2024-07-10,141,93.73,13205.99,81406.98,False
ATM015,2024-07-11,165,88.31,14585.96,66821.02,False
ATM015,2024-07-12,230,85.47,19634.87,47186.15,False
ATM015,2024-07-13,197,92.24,18187.56,28998.59,False
ATM015,2024-07-14,170,89.29,15181.26,104818.74,True
ATM015,2024-07-15,149,93.77,13998.44,90820.3,False
ATM015,2024-07-16,138,95.21,13162.5,77657.8,False
ATM015,2024-07-17,148,90.82,13406.84,64250.95,False
ATM015,2024-07-18,168,86.53,14506.08,49744.87,False
ATM015,2024-07-19,251,83.4,20899.84,28845.03,False
ATM015,2024-07-20,228,90.06,20535.77,99464.23,True
ATM015,2024-07-21,166,88.78,14746.57,84717.66,False
ATM015,2024-07-22,162,92.98,15022.3,69695.36,False
ATM015,2024-07-23,136,88.73,12084.82,57610.54,False
ATM015,2024-07-24,129,91.9,11836.48,45774.06,False
ATM015,2024-07-25,166,84.69,14016.83,31757.23,False
ATM015,2024-07-26,216,91.19,19685.39,100314.61,True
ATM015,2024-07-27,255,89.8,22888.3,77426.32,False
ATM015,2024-07-28,159,95.36,15183.47,62242.85,False
ATM015,2024-07-29,144,91.94,13213.52,49029.33,False
ATM015,2024-07-30,133,91.86,12209.2,36820.13,False
ATM015,2024-07-31,132,88.75,11689.41,25130.72,False
ATM015,2024-08-01,148,88.37,13107.2,106892.8,True
ATM015,2024-08-02,241,88.35,21335.12,85557.68,False
ATM015,2024-08-03,239,94.1,22499.29,63058.39,False
ATM015,2024-08-04,168,92.68,15554.71,47503.68,False
ATM015,2024-08-05,152,90.31,13707.67,33796.0,False
ATM015,2024-08-06,141,94.97,13362.87,20433.14,False
ATM015,2024-08-07,142,87.41,12378.59,107621.41,True
ATM015,2024-08-08,143,92.68,13283.02,94338.39,False
ATM015,2024-08-09,239,88.55,21155.03,73183.36,False
ATM015,2024-08-10,209,88.18,18424.57,54758.8,False
ATM015,2024-08-11,180,89.82,16194.05,38564.75,False
ATM015,2024-08-12,151,88.59,13375.22,25189.52,False
ATM015,2024-08-13,150,90.93,13611.89,106388.11,True
ATM015,2024-08-14,149,90.43,13485.69,92902.41,False
ATM015,2024-08-15,162,91.24,14797.33,78105.09,False
ATM015,2024-08-16,201,91.01,18317.49,59787.59,False
ATM015,2024-08-17,243,93.12,22614.95,37172.64,False
ATM015,2024-08-18,184,87.39,16045.39,21127.25,False
ATM015,2024-08-19,140,88.83,12478.25,107521.75,True
ATM015,2024-08-20,143,89.67,12848.41,94673.33,False
ATM015,2024-08-21,138,86.95,11964.16,82709.17,False
ATM015,2024-08-22,151,81.58,12315.32,70393.85,False
ATM015,2024-08-23,201,96.26,19367.51,51026.34,False
ATM015,2024-08-24,278,87.36,24263.68,26762.66,False
ATM015,2024-08-25,183,86.05,15749.17,104250.83,True
ATM015,2024-08-26,139,86.77,12048.4,92202.43,False
ATM015,2024-08-27,139,89.51,12480.57,79721.87,False
ATM015,2024-08-28,144,91.79,13174.28,66547.59,False
ATM015,2024-08-29,155,90.1,13931.59,52616.0,False
ATM015,2024-08-30,210,86.37,18106.21,34509.79,False
ATM015,2024-08-31,210,91.75,19264.76,100735.24,True
ATM015,2024-09-01,179,84.95,15220.46,85514.78,False
ATM015,2024-09-02,152,86.63,13149.23,72365.54,False
ATM015,2024-09-03,161,88.44,14241.84,58123.7,False
ATM015,2024-09-04,146,92.94,13575.71,44547.99,False
ATM015,2024-09-05,148,90.21,13341.72,31206.27,False
ATM015,2024-09-06,225,90.31,20319.16,99680.84,True
ATM015,2024-09-07,254,86.41,21943.76,77737.07,False
ATM015,2024-09-08,183,88.69,16201.06,61536.01,False
ATM015,2024-09-09,146,92.48,13534.49,48001.52,False
ATM015,2024-09-10,146,90.94,13286.84,34714.68,False
ATM015,2024-09-11,147,91.86,13538.34,21176.34,False
ATM015,2024-09-12,176,89.91,15838.22,104161.78,True
ATM015,2024-09-13,214,92.52,19772.63,84389.15,False
ATM015,2024-09-14,239,86.39,20674.04,63715.11,False
ATM015,2024-09-15,180,89.44,16132.25,47582.87,False
ATM015,2024-09-16,133,91.35,12136.93,35445.94,False
ATM015,2024-09-17,164,85.6,14015.12,21430.81,False
ATM015,2024-09-18,167,83.15,13903.49,106096.51,True
ATM015,2024-09-19,146,94.97,13869.89,92226.62,False
ATM015,2024-09-20,212,90.24,19102.88,73123.74,False
ATM015,2024-09-21,264,85.37,22569.66,50554.08,False
ATM015,2024-09-22,174,90.17,15663.62,34890.46,False
ATM015,2024-09-23,174,86.66,15046.45,19844.01,False
ATM015,2024-09-24,141,87.49,12344.99,107655.01,True
ATM015,2024-09-25,129,93.04,12039.2,95615.81,False
ATM015,2024-09-26,161,88.5,14290.66,81325.15,False
ATM015,2024-09-27,213,88.48,18851.12,62474.03,False
ATM015,2024-09-28,239,86.59,20698.05,41775.97,False
ATM015,2024-09-29,172,89.03,15305.05,26470.92,False
ATM015,2024-09-30,139,90.42,12525.09,107474.91,True
ATM015,2024-10-01,146,88.5,12893.84,94581.07,False
ATM015,2024-10-02,134,95.83,12813.35,81767.72,False
ATM015,2024-10-03,190,87.15,16546.44,65221.27,False
ATM015,2024-10-04,210,87.14,18334.97,46886.3,False
ATM015,2024-10-05,259,88.92,23039.26,23847.04,False
ATM015,2024-10-06,166,95.39,15848.44,104151.56,True
ATM015,2024-10-07,144,91.91,13197.76,90953.8,False
ATM015,2024-10-08,149,88.41,13149.54,77804.25,False
ATM015,2024-10-09,159,87.71,13939.39,63864.87,False
ATM015,2024-10-10,177,88.41,15666.62,48198.25,False
ATM015,2024-10-11,217,87.06,18903.82,29294.43,False
ATM015,2024-10-12,226,88.85,20055.59,99944.41,True
ATM015,2024-10-13,147,89.37,13145.77,86798.65,False
ATM015,2024-10-14,138,92.13,12746.05,74052.6,False
ATM015,2024-10-15,148,88.09,13060.16,60992.44,False
ATM015,2024-10-16,140,89.37,12534.42,48458.02,False
ATM015,2024-10-17,180,87.78,15827.64,32630.38,False
ATM015,2024-10-18,214,86.95,18586.56,101413.44,True
ATM015,2024-10-19,212,90.83,19287.61,82125.83,False
ATM015,2024-10-20,169,93.46,15807.7,66318.13,False
ATM015,2024-10-21,147,96.47,14206.2,52111.93,False
ATM015,2024-10-22,141,89.3,12613.74,39498.19,False
ATM015,2024-10-23,129,91.88,11817.26,27680.93,False
ATM015,2024-10-24,157,91.76,14382.87,105617.13,True
ATM015,2024-10-25,198,90.95,18048.87,87568.26,False
ATM015,2024-10-26,240,90.38,21705.59,65862.67,False
ATM015,2024-10-27,159,93.21,14856.92,51005.75,False
ATM015,2024-10-28,175,87.0,15245.76,35759.99,False
ATM015,2024-10-29,162,82.23,13334.95,22425.04,False
ATM015,2024-10-30,160,84.95,13563.46,106436.54,True
ATM015,2024-10-31,159,86.45,13749.37,92687.17,False
ATM015,2024-11-01,246,92.26,22719.95,69967.22,False
ATM015,2024-11-02,249,89.03,22169.3,47797.92,False
ATM015,2024-11-03,188,94.27,17740.9,30057.02,False
ATM015,2024-11-04,185,86.82,16062.98,13994.04,False
ATM015,2024-11-05,154,94.2,14475.85,105524.15,True
ATM015,2024-11-06,183,87.52,16056.23,89467.92,False
ATM015,2024-11-07,185,89.37,16519.81,72948.11,False
ATM015,2024-11-08,260,85.38,22212.99,50735.12,False
ATM015,2024-11-09,257,93.75,24077.72,26657.4,False
ATM015,2024-11-10,200,89.72,17905.87,8751.54,False
ATM015,2024-11-11,164,95.99,15738.83,104261.17,True
ATM015,2024-11-12,161,92.95,14970.68,89290.49,False
ATM015,2024-11-13,164,89.3,14646.75,74643.74,False
ATM015,2024-11-14,192,87.91,16846.35,57797.39,False
ATM015,2024-11-15,246,92.4,22738.87,35058.52,False
ATM015,2024-11-16,265,90.0,23871.73,11186.79,False
ATM015,2024-11-17,220,87.77,19325.39,100674.61,True
ATM015,2024-11-18,187,90.2,16826.8,83847.8,False
ATM015,2024-11-19,175,84.58,14789.44,69058.36,False
ATM015,2024-11-20,163,91.0,14878.82,54179.54,False
ATM015,2024-11-21,208,91.53,19018.83,35160.72,False
ATM015,2024-11-22,288,86.74,24957.42,10203.29,False
ATM015,2024-11-23,268,93.3,25024.18,94975.82,True
ATM015,2024-11-24,187,92.61,17282.03,77693.79,False
ATM015,2024-11-25,181,90.74,16405.66,61288.13,False
ATM015,2024-11-26,167,87.34,14621.06,46667.07,False
ATM015,2024-11-27,189,91.71,17294.14,29372.92,False
ATM015,2024-11-28,194,88.89,17237.69,12135.23,False
ATM015,2024-11-29,256,90.44,23126.69,96873.31,True
ATM015,2024-11-30,282,91.98,25964.02,70909.3,False
ATM015,2024-12-01,202,86.04,17409.84,53499.46,False
ATM015,2024-12-02,184,85.28,15676.99,37822.47,False
ATM015,2024-12-03,165,88.63,14626.22,23196.25,False
ATM015,2024-12-04,166,95.35,15807.96,7388.29,False
ATM015,2024-12-05,153,96.14,14689.51,105310.49,True
ATM015,2024-12-06,250,90.94,22692.19,82618.29,False
ATM015,2024-12-07,247,92.69,22866.71,59751.59,False
ATM015,2024-12-08,205,89.83,18443.49,41308.09,False
ATM015,2024-12-09,151,90.2,13608.26,27699.83,False
ATM015,2024-12-10,178,89.36,15873.96,11825.87,False
ATM015,2024-12-11,178,93.06,16581.46,103418.54,True
ATM015,2024-12-12,171,94.31,16092.9,87325.63,False
ATM015,2024-12-13,257,90.13,23138.71,64186.93,False
ATM015,2024-12-14,282,90.19,25422.86,38764.06,False
ATM015,2024-12-15,171,89.5,15297.65,23466.41,False
ATM015,2024-12-16,150,94.39,14165.62,9300.79,False
ATM015,2024-12-17,181,92.3,16718.2,103281.8,True
ATM015,2024-12-18,172,87.28,15020.24,88261.56,False
ATM015,2024-12-19,169,95.25,16074.34,72187.21,False
ATM015,2024-12-20,263,83.64,21974.49,50212.72,False
ATM015,2024-12-21,289,94.05,27135.2,23077.52,False
ATM015,2024-12-22,223,92.8,20654.92,2422.6,False
ATM015,2024-12-23,188,90.14,16952.25,103047.75,True
ATM015,2024-12-24,144,90.08,12937.52,90110.23,False
ATM015,2024-12-25,178,89.63,15952.28,74157.96,False
ATM015,2024-12-26,190,87.4,16619.83,57538.13,False
ATM015,2024-12-27,226,94.96,21503.47,36034.65,False
ATM015,2024-12-28,320,89.99,28787.02,7247.64,False
ATM015,2024-12-29,215,87.35,18756.03,101243.97,True
ATM015,2024-12-30,172,94.75,16301.78,84942.19,False
ATM015,2024-12-31,147,91.25,13442.56,71499.63,False
ATM016,2024-01-01,120,74.28,8906.99,71093.01,True
ATM016,2024-01-02,105,71.41,7498.28,63594.73,False
ATM016,2024-01-03,114,68.67,7826.64,55768.1,False
ATM016,2024-01-04,122,71.41,8738.66,47029.43,False
ATM016,2024-01-05,175,68.15,11930.12,35099.31,False
ATM016,2024-01-06,180,69.04,12451.19,22648.12,False
ATM016,2024-01-07,125,70.66,8832.01,13816.11,False
ATM016,2024-01-08,113,72.06,8175.22,71824.78,True
ATM016,2024-01-09,104,68.79,7177.73,64647.05,False
ATM016,2024-01-10,125,69.65,8675.1,55971.96,False
ATM016,2024-01-11,123,69.63,8592.67,47379.29,False
ATM016,2024-01-12,176,72.46,12720.23,34659.06,False
ATM016,2024-01-13,198,70.06,13904.19,20754.87,False
ATM016,2024-01-14,119,74.04,8813.49,11941.39,False
ATM016,2024-01-15,122,69.04,8429.87,71570.13,True
ATM016,2024-01-16,122,68.88,8420.63,63149.51,False
ATM016,2024-01-17,117,73.1,8588.17,54561.34,False
ATM016,2024-01-18,113,71.22,8038.93,46522.4,False
ATM016,2024-01-19,164,75.49,12411.64,34110.76,False
ATM016,2024-01-20,167,73.01,12210.6,21900.17,False
ATM016,2024-01-21,139,67.39,9379.89,12520.28,False
ATM016,2024-01-22,112,70.01,7873.01,72126.99,True
ATM016,2024-01-23,100,70.66,7077.32,65049.68,False
ATM016,2024-01-24,118,70.5,8320.17,56729.5,False
ATM016,2024-01-25,118,69.69,8255.43,48474.07,False
ATM016,2024-01-26,167,70.46,11746.59,36727.48,False
ATM016,2024-01-27,197,70.57,13900.9,22826.58,False
ATM016,2024-01-28,123,68.82,8492.34,14334.24,False
ATM016,2024-01-29,111,72.36,8032.22,71967.78,True
ATM016,2024-01-30,113,73.73,8346.7,63621.08,False
ATM016,2024-01-31,110,71.6,7852.09,55768.99,False
ATM016,2024-02-01,91,70.9,6453.78,49315.21,False
ATM016,2024-02-02,130,69.87,9081.97,40233.24,False
ATM016,2024-02-03,188,70.64,13250.46,26982.78,False
ATM016,2024-02-04,104,70.86,7349.01,19633.77,False
ATM016,2024-02-05,94,67.98,6380.98,73619.02,True
ATM016,2024-02-06,102,72.24,7358.94,66260.08,False
ATM016,2024-02-07,96,69.18,6642.59,59617.49,False
ATM016,2024-02-08,95,73.24,6991.7,52625.79,False
ATM016,2024-02-09,157,63.53,10004.35,42621.44,False
ATM016,2024-02-10,180,70.38,12697.56,29923.88,False
ATM016,2024-02-11,111,72.28,7997.01,21926.87,False
ATM016,2024-02-12,96,71.57,6835.27,73164.73,True
ATM016,2024-02-13,91,67.42,6165.91,66998.83,False
ATM016,2024-02-14,91,73.01,6612.3,60386.53,False
ATM016,2024-02-15,152,68.47,10379.6,50006.92,False
ATM016,2024-02-16,235,69.04,16211.83,33795.09,False
ATM016,2024-02-17,229,69.22,15830.13,17964.96,False
ATM016,2024-02-18,177,66.7,11812.92,68187.08,True
ATM016,2024-02-19,137,70.48,9683.99,58503.09,False
ATM016,2024-02-20,135,72.43,9806.37,48696.72,False
ATM016,2024-02-21,153,73.18,11209.74,37486.98,False
ATM016,2024-02-22,166,69.69,11579.25,68420.75,True
ATM016,2024-02-23,203,70.04,14248.55,54172.2,False
ATM016,2024-02-24,237,71.73,16973.35,37198.85,False
ATM016,2024-02-25,178,69.75,12395.81,24803.04,False
ATM016,2024-02-26,146,72.65,10626.05,69373.95,True
ATM016,2024-02-27,147,69.93,10267.85,59106.11,False
ATM016,2024-02-28,136,68.2,9296.67,49809.44,False
ATM016,2024-02-29,147,70.54,10355.35,39454.09,False
ATM016,2024-03-01,230,67.03,15435.29,64564.71,True
ATM016,2024-03-02,223,70.51,15726.93,48837.78,False
ATM016,2024-03-03,157,70.91,11142.48,37695.3,False
ATM016,2024-03-04,144,68.48,9842.48,27852.82,False
ATM016,2024-03-05,137,70.82,9690.35,70309.65,True
ATM016,2024-03-06,134,69.49,9287.12,61022.53,False
ATM016,2024-03-07,164,68.4,11222.57,49799.97,False
ATM016,2024-03-08,198,66.77,13253.04,36546.93,False
ATM016,2024-03-09,235,67.23,15821.83,64178.17,True
ATM016,2024-03-10,158,73.5,11581.42,52596.75,False
ATM016,2024-03-11,132,69.41,9131.46,43465.29,False
ATM016,2024-03-12,158,70.86,11208.44,32256.85,False
ATM016,2024-03-13,138,69.67,9605.01,70394.99,True
ATM016,2024-03-14,152,73.56,11192.51,59202.49,False
ATM016,2024-03-15,210,68.41,14340.82,44861.66,False
ATM016,2024-03-16,139,70.22,9732.08,35129.59,False
ATM016,2024-03-17,103,69.03,7075.47,28054.12,False
ATM016,2024-03-18,86,72.26,6208.44,73791.56,True
ATM016,2024-03-19,87,70.83,6129.47,67662.09,False
ATM016,2024-03-20,82,70.28,5795.19,61866.9,False
ATM016,2024-03-21,95,69.11,6568.32,55298.58,False
ATM016,2024-03-22,159,71.96,11431.17,43867.41,False
ATM016,2024-03-23,138,76.72,10622.29,33245.12,False
ATM016,2024-03-24,101,72.45,7322.63,25922.49,False
ATM016,2024-03-25,86,69.49,5943.1,74056.9,True
ATM016,2024-03-26,82,70.54,5779.69,68277.21,False
ATM016,2024-03-27,94,69.35,6509.31,61767.91,False
ATM016,2024-03-28,112,68.81,7713.12,54054.79,False
ATM016,2024-03-29,140,71.72,10018.56,44036.23,False
ATM016,2024-03-30,141,68.43,9661.2,34375.02,False
ATM016,2024-03-31,110,71.32,7836.58,26538.44,False
ATM016,2024-04-01,126,69.55,8769.9,71230.1,True
ATM016,2024-04-02,109,68.17,7454.85,63775.25,False
ATM016,2024-04-03,115,69.38,7962.44,55812.81,False
ATM016,2024-04-04,121,69.8,8411.65,47401.16,False
ATM016,2024-04-05,177,68.82,12212.93,35188.23,False
ATM016,2024-04-06,172,70.91,12185.1,23003.12,False
ATM016,2024-04-07,110,68.73,7580.3,15422.82,False
ATM016,2024-04-08,101,72.53,7324.67,72675.33,True
ATM016,2024-04-09,107,68.82,7390.18,65285.16,False
ATM016,2024-04-10,113,68.75,7754.19,57530.97,False
ATM016,2024-04-11,119,70.2,8336.26,49194.71,False
ATM016,2024-04-12,165,69.1,11408.27,37786.44,False
ATM016,2024-04-13,177,67.58,11983.78,25802.66,False
ATM016,2024-04-14,133,70.64,9408.36,16394.3,False
ATM016,2024-04-15,100,71.6,7184.09,72815.91,True
ATM016,2024-04-16,112,72.05,8040.57,64775.34,False
ATM016,2024-04-17,111,71.34,7945.68,56829.66,False
ATM016,2024-04-18,144,69.37,9991.67,46837.98,False
ATM016,2024-04-19,164,66.78,10920.95,35917.04,False
ATM016,2024-04-20,197,73.71,14543.77,21373.27,False
ATM016,2024-04-21,128,68.47,8781.36,12591.91,False
ATM016,2024-04-22,107,72.57,7761.38,72238.62,True
ATM016,2024-04-23,106,65.87,6965.06,65273.56,False
ATM016,2024-04-24,128,70.66,9055.41,56218.15,False
ATM016,2024-04-25,127,69.57,8851.7,47366.46,False
ATM016,2024-04-26,182,66.82,12139.76,35226.69,False
ATM016,2024-04-27,173,70.22,12126.59,23100.1,False
ATM016,2024-04-28,115,69.36,7991.6,15108.5,False
ATM016,2024-04-29,112,69.36,7739.58,72260.42,True
ATM016,2024-04-30,108,67.91,7333.42,64927.0,False
ATM016,2024-05-01,81,70.3,5707.45,59219.55,False
ATM016,2024-05-02,104,67.11,6996.92,52222.63,False
ATM016,2024-05-03,142,69.38,9834.9,42387.73,False
ATM016,2024-05-04,159,65.47,10377.83,32009.9,False
ATM016,2024-05-05,121,67.41,8189.28,23820.62,False
ATM016,2024-05-06,97,68.3,6645.54,73354.46,True
ATM016,2024-05-07,85,72.42,6181.03,67173.43,False
ATM016,2024-05-08,93,72.37,6729.68,60443.74,False
ATM016,2024-05-09,103,70.83,7312.65,53131.09,False
ATM016,2024-05-10,125,69.33,8644.13,44486.97,False
ATM016,2024-05-11,145,72.57,10550.78,33936.18,False
ATM016,2024-05-12,107,70.56,7535.28,26400.9,False
ATM016,2024-05-13,93,72.43,6721.56,73278.44,True
ATM016,2024-05-14,88,71.74,6292.34,66986.09,False
ATM016,2024-05-15,86,66.61,5754.46,61231.64,False
ATM016,2024-05-16,85,71.65,6089.98,55141.66,False
ATM016,2024-05-17,143,71.88,10264.76,44876.9,False
ATM016,2024-05-18,149,68.82,10221.86,34655.04,False
ATM016,2024-05-19,106,73.03,7741.22,26913.83,False
ATM016,2024-05-20,104,71.67,7449.04,72550.96,True
ATM016,2024-05-21,89,72.8,6500.42,66050.54,False
ATM016,2024-05-22,92,69.18,6368.77,59681.77,False
ATM016,2024-05-23,104,67.94,7081.23,52600.54,False
ATM016,2024-05-24,143,67.65,9672.72,42927.83,False
ATM016,2024-05-25,162,71.14,11515.5,31412.32,False
ATM016,2024-05-26,130,66.58,8628.77,22783.56,False
ATM016,2024-05-27,113,66.7,7558.23,72441.77,True
ATM016,2024-05-28,85,68.7,5840.49,66601.29,False
ATM016,2024-05-29,101,70.47,7105.4,59495.89,False
ATM016,2024-05-30,103,68.34,7024.55,52471.34,False
ATM016,2024-05-31,123,72.38,8892.82,43578.52,False
ATM016,2024-06-01,156,72.84,11334.47,32244.05,False
ATM016,2024-06-02,125,64.45,8026.99,24217.06,False
ATM016,2024-06-03,85,70.98,6064.16,73935.84,True
ATM016,2024-06-04,90,68.83,6189.26,67746.58,False
ATM016,2024-06-05,83,71.99,6001.98,61744.6,False
ATM016,2024-06-06,104,71.05,7377.33,54367.27,False
ATM016,2024-06-07,133,70.37,9367.14,45000.13,False
ATM016,2024-06-08,140,69.73,9760.08,35240.05,False
ATM016,2024-06-09,98,66.71,6540.91,28699.14,False
ATM016,2024-06-10,86,74.99,6468.57,73531.43,True
ATM016,2024-06-11,83,67.39,5599.31,67932.11,False
ATM016,2024-06-12,89,73.72,6582.99,61349.12,False
ATM016,2024-06-13,101,71.47,7247.31,54101.81,False
ATM016,2024-06-14,139,68.93,9563.25,44538.56,False
ATM016,2024-06-15,157,68.62,10780.04,33758.52,False
ATM016,2024-06-16,123,66.63,8213.1,25545.41,False
ATM016,2024-06-17,100,70.08,7041.47,72958.53,True
ATM016,2024-06-18,94,66.55,6256.78,66701.75,False
ATM016,2024-06-19,83,72.52,6054.06,60647.69,False
ATM016,2024-06-20,100,70.58,7041.89,53605.8,False
ATM016,2024-06-21,132,69.94,9207.26,44398.54,False
ATM016,2024-06-22,139,70.21,9736.61,34661.93,False
ATM016,2024-06-23,113,70.67,8012.29,26649.64,False
ATM016,2024-06-24,90,69.28,6210.66,73789.34,True
ATM016,2024-06-25,95,69.56,6594.92,67194.43,False
ATM016,2024-06-26,86,74.0,6354.76,60839.67,False
ATM016,2024-06-27,93,72.27,6685.29,54154.38,False
ATM016,2024-06-28,127,71.38,9031.62,45122.76,False
ATM016,2024-06-29,163,68.93,11262.9,33859.85,False
ATM016,2024-06-30,109,65.86,7169.3,26690.55,False
ATM016,2024-07-01,89,71.11,6337.34,73662.66,True
ATM016,2024-07-02,84,70.2,5890.03,67772.62,False
ATM016,2024-07-03,84,69.51,5847.21,61925.41,False
ATM016,2024-07-04,94,69.84,6594.17,55331.24,False
ATM016,2024-07-05,140,67.5,9454.44,45876.81,False
ATM016,2024-07-06,150,68.04,10235.1,35641.71,False
ATM016,2024-07-07,99,72.27,7121.07,28520.65,False
ATM016,2024-07-08,99,65.38,6451.45,73548.55,True
ATM016,2024-07-09,85,71.92,6080.37,67468.17,False
ATM016,2024-07-10,84,73.15,6147.34,61320.83,False
ATM016,2024-07-11,95,71.06,6729.58,54591.26,False
ATM016,2024-07-12,148,70.95,10528.91,44062.35,False
ATM016,2024-07-13,143,68.02,9735.02,34327.33,False
ATM016,2024-07-14,124,68.31,8473.44,25853.89,False
ATM016,2024-07-15,103,69.1,7083.83,72916.17,True
ATM016,2024-07-16,96,67.09,6414.73,66501.44,False
ATM016,2024-07-17,91,68.16,6213.57,60287.87,False
ATM016,2024-07-18,103,70.2,7259.21,53028.66,False
ATM016,2024-07-19,147,68.97,10114.25,42914.41,False
ATM016,2024-07-20,143,70.38,10042.52,32871.9,False
ATM016,2024-07-21,101,72.26,7264.22,25607.68,False
ATM016,2024-07-22,95,69.32,6563.35,73436.65,True
ATM016,2024-07-23,94,69.84,6560.38,66876.27,False
ATM016,2024-07-24,85,67.77,5773.34,61102.93,False
ATM016,2024-07-25,110,70.18,7694.6,53408.34,False
ATM016,2024-07-26,123,70.74,8704.59,44703.75,False
ATM016,2024-07-27,151,68.16,10306.72,34397.03,False
ATM016,2024-07-28,100,72.1,7205.83,27191.2,False
ATM016,2024-07-29,84,68.24,5765.74,74234.26,True
ATM016,2024-07-30,87,73.31,6405.16,67829.1,False
ATM016,2024-07-31,99,68.22,6740.17,61088.93,False
ATM016,2024-08-01,118,67.15,7952.87,53136.06,False
ATM016,2024-08-02,140,71.02,9975.51,43160.55,False
ATM016,2024-08-03,141,71.46,10077.1,33083.44,False
ATM016,2024-08-04,105,71.46,7531.24,25552.2,False
ATM016,2024-08-05,82,70.7,5816.77,74183.23,True
ATM016,2024-08-06,85,72.41,6170.92,68012.3,False
ATM016,2024-08-07,89,72.62,6463.92,61548.38,False
ATM016,2024-08-08,106,69.73,7403.93,54144.45,False
ATM016,2024-08-09,144,71.67,10347.0,43797.45,False
ATM016,2024-08-10,170,65.19,11078.18,32719.27,False
ATM016,2024-08-11,100,72.91,7288.17,25431.09,False
ATM016,2024-08-12,84,71.85,6059.34,73940.66,True
ATM016,2024-08-13,97,68.48,6673.52,67267.14,False
ATM016,2024-08-14,82,68.81,5638.67,61628.47,False
ATM016,2024-08-15,121,68.19,8264.26,53364.21,False
ATM016,2024-08-16,136,67.91,9262.39,44101.82,False
ATM016,2024-08-17,168,69.49,11669.5,32432.32,False
ATM016,2024-08-18,102,72.97,7472.42,24959.9,False
ATM016,2024-08-19,101,68.07,6890.08,73109.92,True
ATM016,2024-08-20,80,72.43,5830.16,67279.76,False
ATM016,2024-08-21,97,66.75,6491.48,60788.28,False
ATM016,2024-08-22,93,67.66,6307.0,54481.28,False
ATM016,2024-08-23,137,65.7,8978.17,45503.11,False
ATM016,2024-08-24,146,68.07,9924.22,35578.89,False
ATM016,2024-08-25,103,73.56,7558.29,28020.61,False
ATM016,2024-08-26,93,69.65,6493.74,73506.26,True
ATM016,2024-08-27,95,69.5,6582.03,66924.23,False
ATM016,2024-08-28,94,70.59,6668.04,60256.19,False
ATM016,2024-08-29,95,75.81,7207.05,53049.14,False
ATM016,2024-08-30,154,67.73,10436.81,42612.33,False
ATM016,2024-08-31,161,68.34,10999.6,31612.73,False
ATM016,2024-09-01,120,67.11,8054.81,23557.92,False
ATM016,2024-09-02,87,70.72,6122.52,73877.48,True
ATM016,2024-09-03,96,71.06,6810.96,67066.53,False
ATM016,2024-09-04,97,70.79,6883.33,60183.19,False
ATM016,2024-09-05,105,68.94,7232.27,52950.92,False
ATM016,2024-09-06,144,72.15,10365.36,42585.56,False
ATM016,2024-09-07,153,69.75,10670.96,31914.6,False
ATM016,2024-09-08,125,69.96,8727.08,23187.52,False
ATM016,2024-09-09,94,71.02,6651.32,73348.68,True
ATM016,2024-09-10,92,68.28,6308.19,67040.49,False
ATM016,2024-09-11,95,69.92,6657.69,60382.8,False
ATM016,2024-09-12,113,71.66,8128.99,52253.81,False
ATM016,2024-09-13,131,71.53,9392.17,42861.64,False
ATM016,2024-09-14,151,72.75,10951.7,31909.95,False
ATM016,2024-09-15,107,70.4,7525.67,24384.27,False
ATM016,2024-09-16,94,70.12,6570.44,73429.56,True
ATM016,2024-09-17,84,71.21,5969.91,67459.65,False
ATM016,2024-09-18,92,72.7,6676.36,60783.29,False
ATM016,2024-09-19,103,69.14,7140.46,53642.84,False
ATM016,2024-09-20,151,68.33,10348.18,43294.66,False
ATM016,2024-09-21,160,72.27,11563.95,31730.71,False
ATM016,2024-09-22,120,70.79,8525.33,23205.38,False
ATM016,2024-09-23,91,70.23,6394.66,73605.34,True
ATM016,2024-09-24,95,68.82,6522.78,67082.56,False
ATM016,2024-09-25,100,71.22,7118.04,59964.52,False
ATM016,2024-09-26,91,73.95,6712.85,53251.67,False
ATM016,2024-09-27,146,67.7,9858.92,43392.75,False
ATM016,2024-09-28,138,73.12,10113.04,33279.71,False
ATM016,2024-09-29,123,72.12,8870.94,24408.76,False
ATM016,2024-09-30,100,72.55,7256.29,72743.71,True
ATM016,2024-10-01,93,70.69,6604.03,66139.68,False
ATM016,2024-10-02,94,71.55,6733.57,59406.11,False
ATM016,2024-10-03,95,71.54,6784.0,52622.11,False
ATM016,2024-10-04,156,69.57,10844.55,41777.56,False
ATM016,2024-10-05,148,71.0,10485.74,31291.81,False
ATM016,2024-10-06,111,67.23,7460.0,23831.81,False
ATM016,2024-10-07,104,69.05,7169.66,72830.34,True
ATM016,2024-10-08,93,68.72,6359.74,66470.6,False
ATM016,2024-10-09,99,71.79,7090.02,59380.59,False
ATM016,2024-10-10,104,67.52,7026.07,52354.52,False
ATM016,2024-10-11,134,71.2,9557.01,42797.51,False
ATM016,2024-10-12,155,70.23,10860.67,31936.84,False
ATM016,2024-10-13,111,71.59,7923.64,24013.2,False
ATM016,2024-10-14,93,70.95,6596.82,73403.18,True
ATM016,2024-10-15,79,75.36,5927.55,67475.63,False
ATM016,2024-10-16,90,70.43,6356.29,61119.34,False
ATM016,2024-10-17,108,69.14,7434.5,53684.84,False
ATM016,2024-10-18,140,69.99,9797.31,43887.54,False
ATM016,2024-10-19,142,70.92,10053.9,33833.63,False
ATM016,2024-10-20,94,73.68,6955.87,26877.76,False
ATM016,2024-10-21,98,71.34,6993.81,73006.19,True
ATM016,2024-10-22,82,68.34,5624.49,67381.7,False
ATM016,2024-10-23,91,78.72,7146.12,60235.58,False
ATM016,2024-10-24,108,72.18,7768.73,52466.85,False
ATM016,2024-10-25,149,68.22,10158.47,42308.38,False
ATM016,2024-10-26,170,67.69,11491.48,30816.9,False
ATM016,2024-10-27,107,67.33,7172.76,23644.13,False
ATM016,2024-10-28,101,69.88,7083.85,72916.15,True
ATM016,2024-10-29,91,69.97,6396.53,66519.62,False
ATM016,2024-10-30,87,68.59,5992.54,60527.08,False
ATM016,2024-10-31,102,67.05,6841.79,53685.29,False
ATM016,2024-11-01,165,67.73,11153.79,42531.5,False
ATM016,2024-11-02,184,71.39,13169.39,29362.11,False
ATM016,2024-11-03,121,69.38,8414.8,20947.31,False
ATM016,2024-11-04,131,67.94,8890.26,71109.74,True
ATM016,2024-11-05,110,70.22,7722.01,63387.73,False
ATM016,2024-11-06,117,70.62,8259.23,55128.5,False
ATM016,2024-11-07,117,70.14,8180.9,46947.6,False
ATM016,2024-11-08,166,69.81,11620.49,35327.11,False
ATM016,2024-11-09,159,72.61,11531.94,23795.17,False
ATM016,2024-11-10,146,67.81,9926.39,13868.78,False
ATM016,2024-11-11,110,69.53,7644.46,72355.54,True
ATM016,2024-11-12,105,66.08,6911.96,65443.58,False
ATM016,2024-11-13,105,69.25,7300.1,58143.48,False
ATM016,2024-11-14,108,70.37,7622.52,50520.96,False
ATM016,2024-11-15,175,71.77,12534.37,37986.59,False
ATM016,2024-11-16,190,66.14,12535.82,25450.77,False
ATM016,2024-11-17,138,70.31,9685.65,15765.12,False
ATM016,2024-11-18,109,74.07,8042.47,71957.53,True
ATM016,2024-11-19,111,63.96,7074.33,64883.19,False
ATM016,2024-11-20,100,71.02,7107.05,57776.14,False
ATM016,2024-11-21,125,67.45,8447.56,49328.58,False
ATM016,2024-11-22,151,69.26,10461.42,38867.16,False
ATM016,2024-11-23,163,71.09,11591.03,27276.13,False
ATM016,2024-11-24,130,68.68,8950.83,18325.3,False
ATM016,2024-11-25,105,70.55,7403.5,72596.5,True
ATM016,2024-11-26,107,70.42,7517.19,65079.31,False
ATM016,2024-11-27,111,69.85,7748.03,57331.28,False
ATM016,2024-11-28,115,68.47,7843.41,49487.87,False
ATM016,2024-11-29,151,74.34,11239.64,38248.23,False
ATM016,2024-11-30,166,69.12,11507.97,26740.26,False
ATM016,2024-12-01,134,69.36,9275.95,17464.31,False
ATM016,2024-12-02,121,69.35,8416.63,71583.37,True
ATM016,2024-12-03,103,71.71,7372.76,64210.61,False
ATM016,2024-12-04,119,72.96,8684.84,55525.76,False
ATM016,2024-12-05,119,69.9,8351.38,47174.38,False
ATM016,2024-12-06,165,70.31,11592.34,35582.04,False
ATM016,2024-12-07,166,71.97,11919.12,23662.92,False
ATM016,2024-12-08,134,69.91,9346.57,14316.35,False
ATM016,2024-12-09,102,70.13,7142.42,72857.58,True
ATM016,2024-12-10,95,68.78,6564.56,66293.02,False
ATM016,2024-12-11,104,70.6,7355.24,58937.78,False
ATM016,2024-12-12,135,71.2,9617.48,49320.3,False
ATM016,2024-12-13,179,71.35,12787.43,36532.88,False
ATM016,2024-12-14,185,73.9,13683.79,22849.08,False
ATM016,2024-12-15,128,68.33,8752.31,14096.77,False
ATM016,2024-12-16,117,69.99,8181.28,71818.72,True
ATM016,2024-12-17,110,69.48,7611.31,64207.41,False
ATM016,2024-12-18,100,73.4,7338.18,56869.23,False
ATM016,2024-12-19,109,71.44,7806.86,49062.37,False
ATM016,2024-12-20,180,66.68,11986.37,37076.0,False
ATM016,2024-12-21,174,68.61,11932.95,25143.05,False
ATM016,2024-12-22,138,69.23,9583.73,15559.31,False
ATM016,2024-12-23,116,66.94,7760.45,72239.55,True
ATM016,2024-12-24,126,70.15,8820.02,63419.53,False
ATM016,2024-12-25,115,68.86,7922.92,55496.61,False
ATM016,2024-12-26,109,74.02,8055.13,47441.48,False
ATM016,2024-12-27,143,70.59,10103.72,37337.76,False
ATM016,2024-12-28,168,69.15,11619.13,25718.63,False
ATM016,2024-12-29,130,67.93,8809.93,16908.7,False
ATM016,2024-12-30,121,64.61,7826.48,72173.52,True
ATM016,2024-12-31,105,69.81,7331.1,64842.42,False
ATM017,2024-01-01,129,94.32,12186.0,97814.0,False
ATM017,2024-01-02,123,94.77,11700.4,86113.6,False
ATM017,2024-01-03,134,102.05,13643.56,96356.44,True
ATM017,2024-01-04,147,98.1,14455.23,81901.22,False
ATM017,2024-01-05,222,95.71,21201.93,60699.29,False
ATM017,2024-01-06,236,97.26,22971.26,37728.03,False
ATM017,2024-01-07,158,96.0,15142.32,22585.7,False
ATM017,2024-01-08,117,95.83,11183.07,98816.93,True
ATM017,2024-01-09,121,90.37,10946.46,87870.47,False
ATM017,2024-01-10,137,91.82,12618.94,75251.53,False
ATM017,2024-01-11,144,95.39,13713.26,61538.27,False
ATM017,2024-01-12,206,92.42,19044.07,42494.2,False
ATM017,2024-01-13,231,94.75,21916.38,88083.62,True
ATM017,2024-01-14,169,91.59,15460.52,72623.1,False
ATM017,2024-01-15,128,98.13,12546.19,60076.91,False
ATM017,2024-01-16,141,92.73,13052.64,47024.27,False
ATM017,2024-01-17,130,92.18,11983.23,35041.03,False
ATM017,2024-01-18,144,91.01,13103.93,96896.07,True
ATM017,2024-01-19,192,96.8,18620.63,78275.44,False
ATM017,2024-01-20,206,94.74,19479.69,58795.75,False
ATM017,2024-01-21,151,98.01,14760.87,44034.88,False
ATM017,2024-01-22,130,93.36,12171.4,31863.48,False
ATM017,2024-01-23,125,91.76,11494.36,98505.64,True
ATM017,2024-01-24,137,94.61,12919.53,85586.1,False
ATM017,2024-01-25,140,98.63,13772.83,71813.27,False
ATM017,2024-01-26,229,90.31,20639.11,51174.16,False
ATM017,2024-01-27,225,95.64,21534.9,29639.26,False
ATM017,2024-01-28,151,95.93,14513.85,95486.15,True
ATM017,2024-01-29,114,99.17,11257.71,84228.44,False
ATM017,2024-01-30,137,92.53,12643.26,71585.18,False
ATM017,2024-01-31,133,90.15,11949.85,59635.33,False
ATM017,2024-02-01,123,93.62,11471.67,48163.66,False
ATM017,2024-02-02,151,97.21,14646.2,95353.8,True
ATM017,2024-02-03,203,94.92,19234.36,76119.44,False
ATM017,2024-02-04,130,96.24,12541.15,63578.29,False
ATM017,2024-02-05,118,91.92,10843.02,52735.26,False
ATM017,2024-02-06,106,94.16,9958.11,42777.16,False
ATM017,2024-02-07,114,95.03,10827.26,99172.74,True
ATM017,2024-02-08,131,90.65,11900.53,87272.21,False
ATM017,2024-02-09,177,95.01,16835.74,70436.47,False
ATM017,2024-02-10,224,93.9,21031.31,49405.16,False
ATM017,2024-02-11,127,103.06,13105.77,36299.39,False
ATM017,2024-02-12,116,94.81,11006.47,98993.53,True
ATM017,2024-02-13,98,99.36,9727.82,89265.71,False
ATM017,2024-02-14,102,96.22,9811.51,79454.2,False
ATM017,2024-02-15,173,94.46,16358.37,63095.83,False
ATM017,2024-02-16,212,98.83,20974.22,42121.61,False
ATM017,2024-02-17,272,91.54,24876.11,85123.89,True
ATM017,2024-02-18,216,93.56,20168.67,64955.23,False
ATM017,2024-02-19,165,97.4,16028.2,48927.02,False
ATM017,2024-02-20,175,88.74,15537.99,94462.01,True
ATM017,2024-02-21,170,94.71,16109.35,78352.66,False
ATM017,2024-02-22,175,94.69,16524.7,61827.96,False
ATM017,2024-02-23,217,95.55,20702.76,89297.24,True
ATM017,2024-02-24,245,94.19,23054.16,66243.08,False
ATM017,2024-02-25,190,98.06,18678.64,47564.44,False
ATM017,2024-02-26,149,99.14,14784.13,95215.87,True
ATM017,2024-02-27,171,93.78,16060.86,79155.01,False
ATM017,2024-02-28,156,90.89,14198.16,64956.85,False
ATM017,2024-02-29,186,92.9,17234.47,92765.53,True
ATM017,2024-03-01,271,93.06,25202.03,67563.5,False
ATM017,2024-03-02,249,95.67,23814.79,43748.72,False
ATM017,2024-03-03,185,95.02,17609.15,92390.85,True
ATM017,2024-03-04,176,95.33,16775.96,75614.89,False
ATM017,2024-03-05,159,95.58,15158.68,60456.22,False
ATM017,2024-03-06,142,96.12,13629.11,96370.89,True
ATM017,2024-03-07,175,97.54,17100.09,79270.8,False
ATM017,2024-03-08,256,94.42,24176.38,55094.42,False
ATM017,2024-03-09,290,94.17,27265.47,82734.53,True
ATM017,2024-03-10,200,94.11,18797.86,63936.67,False
ATM017,2024-03-11,172,93.93,16171.5,47765.17,False
ATM017,2024-03-12,167,100.75,16868.27,93131.73,True
ATM017,2024-03-13,164,99.39,16311.99,76819.74,False
ATM017,2024-03-14,167,90.95,15182.5,61637.24,False
ATM017,2024-03-15,238,95.12,22656.81,87343.19,True
ATM017,2024-03-16,192,90.32,17347.49,69995.7,False
ATM017,2024-03-17,137,101.14,13887.96,56107.74,False
ATM017,2024-03-18,121,98.09,11876.55,98123.45,True
ATM017,2024-03-19,114,92.6,10589.92,87533.53,False
ATM017,2024-03-20,106,101.0,10694.94,76838.59,False
ATM017,2024-03-21,122,93.7,11441.17,65397.42,False
ATM017,2024-03-22,177,98.35,17364.88,48032.54,False
ATM017,2024-03-23,176,94.25,16576.23,93423.77,True
ATM017,2024-03-24,130,95.2,12370.04,81053.73,False
ATM017,2024-03-25,127,92.71,11730.06,69323.68,False
ATM017,2024-03-26,118,95.29,11249.81,58073.87,False
ATM017,2024-03-27,131,95.91,12522.5,45551.37,False
ATM017,2024-03-28,121,96.64,11647.29,98352.71,True
ATM017,2024-03-29,175,89.88,15694.94,82657.78,False
ATM017,2024-03-30,183,94.27,17296.19,65361.59,False
ATM017,2024-03-31,121,94.79,11460.98,53900.6,False
ATM017,2024-04-01,117,94.01,10992.38,42908.22,False
ATM017,2024-04-02,130,95.28,12405.38,97594.62,True
ATM017,2024-04-03,128,94.76,12096.58,85498.05,False
ATM017,2024-04-04,137,95.03,12987.36,72510.68,False
ATM017,2024-04-05,204,92.43,18878.21,53632.48,False
ATM017,2024-04-06,219,95.75,20969.42,32663.05,False
ATM017,2024-04-07,145,101.9,14817.07,95182.93,True
ATM017,2024-04-08,134,94.2,12579.28,82603.65,False
ATM017,2024-04-09,128,92.23,11840.32,70763.33,False
ATM017,2024-04-10,140,93.04,13062.04,57701.29,False
ATM017,2024-04-11,141,93.47,13185.33,44515.96,False
ATM017,2024-04-12,195,90.01,17548.99,92451.01,True
ATM017,2024-04-13,204,97.49,19923.91,72527.1,False
ATM017,2024-04-14,153,99.45,15198.6,57328.5,False
ATM017,2024-04-15,139,96.49,13389.45,43939.05,False
ATM017,2024-04-16,147,94.72,13913.56,30025.5,False
ATM017,2024-04-17,132,94.97,12504.8,97495.2,True
ATM017,2024-04-18,161,95.01,15285.83,82209.37,False
ATM017,2024-04-19,186,96.67,17967.47,64241.9,False
ATM017,2024-04-20,201,96.52,19437.19,44804.71,False
ATM017,2024-04-21,163,94.46,15431.08,29373.63,False
ATM017,2024-04-22,146,90.76,13217.04,96782.96,True
ATM017,2024-04-23,132,93.68,12335.55,84447.41,False
ATM017,2024-04-24,159,95.44,15211.56,69235.84,False
ATM017,2024-04-25,144,91.07,13159.1,56076.74,False
ATM017,2024-04-26,219,94.0,20600.61,35476.13,False
ATM017,2024-04-27,203,95.96,19471.11,90528.89,True
ATM017,2024-04-28,162,96.81,15687.98,74840.91,False
ATM017,2024-04-29,133,95.45,12721.36,62119.55,False
ATM017,2024-04-30,129,95.96,12395.34,49724.21,False
ATM017,2024-05-01,112,98.12,10962.01,38762.2,False
ATM017,2024-05-02,127,92.67,11772.97,98227.03,True
ATM017,2024-05-03,164,97.15,15908.25,82318.77,False
ATM017,2024-05-04,173,89.92,15522.11,66796.66,False
ATM017,2024-05-05,138,99.33,13662.98,53133.68,False
ATM017,2024-05-06,104,95.29,9937.67,43196.01,False
ATM017,2024-05-07,108,94.26,10136.13,99863.87,True
ATM017,2024-05-08,119,91.32,10870.81,88993.06,False
ATM017,2024-05-09,115,94.14,10852.03,78141.03,False
ATM017,2024-05-10,173,91.79,15907.05,62233.99,False
ATM017,2024-05-11,198,93.81,18589.52,43644.47,False
ATM017,2024-05-12,130,95.81,12439.58,97560.42,True
ATM017,2024-05-13,110,97.39,10760.4,86800.01,False
ATM017,2024-05-14,107,91.02,9764.32,77035.7,False
ATM017,2024-05-15,109,95.17,10412.52,66623.18,False
ATM017,2024-05-16,118,91.04,10751.06,55872.12,False
ATM017,2024-05-17,175,92.84,16276.13,93723.87,True
ATM017,2024-05-18,163,97.75,15889.31,77834.56,False
ATM017,2024-05-19,125,98.28,12258.08,65576.48,False
ATM017,2024-05-20,114,95.84,10879.6,54696.88,False
ATM017,2024-05-21,117,87.43,10270.44,44426.45,False
ATM017,2024-05-22,104,94.64,9826.85,100173.15,True
ATM017,2024-05-23,134,89.9,12029.82,88143.33,False
ATM017,2024-05-24,174,91.8,16009.57,72133.76,False
ATM017,2024-05-25,188,94.94,17881.13,54252.63,False
ATM017,2024-05-26,138,98.04,13496.85,40755.79,False
ATM017,2024-05-27,115,97.45,11212.46,98787.54,True
ATM017,2024-05-28,99,103.05,10171.1,88616.44,False
ATM017,2024-05-29,105,93.5,9770.59,78845.85,False
ATM017,2024-05-30,129,97.15,12490.3,66355.55,False
ATM017,2024-05-31,172,96.92,16627.46,49728.09,False
ATM017,2024-06-01,153,99.53,15202.71,94797.29,True
ATM017,2024-06-02,128,98.55,12630.8,82166.49,False
ATM017,2024-06-03,98,95.73,9417.31,72749.18,False
ATM017,2024-06-04,104,96.63,10020.46,62728.72,False
ATM017,2024-06-05,113,96.04,10879.59,51849.12,False
ATM017,2024-06-06,115,94.84,10888.77,99111.23,True
ATM017,2024-06-07,165,96.41,15868.35,83242.88,False
ATM017,2024-06-08,198,95.43,18851.14,64391.74,False
ATM017,2024-06-09,123,95.31,11717.45,52674.3,False
ATM017,2024-06-10,131,99.69,13035.44,39638.86,False
ATM017,2024-06-11,89,95.18,8464.38,101535.62,True
ATM017,2024-06-12,120,94.48,11358.22,90177.4,False
ATM017,2024-06-13,120,94.24,11354.92,78822.48,False
ATM017,2024-06-14,182,91.73,16703.06,62119.42,False
ATM017,2024-06-15,202,94.84,19116.1,43003.32,False
ATM017,2024-06-16,122,98.2,12000.63,97999.37,True
ATM017,2024-06-17,104,93.42,9744.83,88254.54,False
ATM017,2024-06-18,99,101.11,10014.73,78239.8,False
ATM017,2024-06-19,114,88.86,10142.58,68097.23,False
ATM017,2024-06-20,117,96.3,11258.58,56838.65,False
ATM017,2024-06-21,167,101.49,16976.4,93023.6,True
ATM017,2024-06-22,203,95.54,19410.33,73613.26,False
ATM017,2024-06-23,121,99.63,12037.32,61575.95,False
ATM017,2024-06-24,114,93.12,10581.39,50994.55,False
ATM017,2024-06-25,111,91.43,10123.7,40870.85,False
ATM017,2024-06-26,109,94.34,10299.98,99700.02,True
ATM017,2024-06-27,131,93.89,12341.94,87358.07,False
ATM017,2024-06-28,163,90.43,14705.42,72652.65,False
ATM017,2024-06-29,187,95.21,17849.8,54802.85,False
ATM017,2024-06-30,132,93.67,12324.74,42478.1,False
ATM017,2024-07-01,113,98.96,11157.26,98842.74,True
ATM017,2024-07-02,104,95.25,9869.65,88973.09,False
ATM017,2024-07-03,123,92.79,11379.04,77594.05,False
ATM017,2024-07-04,123,94.89,11713.75,65880.31,False
ATM017,2024-07-05,154,95.48,14660.37,51219.94,False
ATM017,2024-07-06,183,96.58,17628.74,92371.26,True
ATM017,2024-07-07,124,95.03,11790.91,80580.35,False
ATM017,2024-07-08,119,100.92,11960.6,68619.75,False
ATM017,2024-07-09,124,91.65,11400.8,57218.95,False
ATM017,2024-07-10,117,93.62,10982.11,46236.84,False
ATM017,2024-07-11,129,92.8,11961.95,98038.05,True
ATM017,2024-07-12,152,94.02,14253.4,83784.65,False
ATM017,2024-07-13,193,95.82,18502.48,65282.17,False
ATM017,2024-07-14,138,95.62,13178.9,52103.27,False
ATM017,2024-07-15,116,96.51,11169.8,40933.48,False
ATM017,2024-07-16,107,95.24,10225.11,99774.89,True
ATM017,2024-07-17,126,95.4,12021.8,87753.09,False
ATM017,2024-07-18,123,95.29,11761.56,75991.52,False
ATM017,2024-07-19,169,93.76,15826.49,60165.03,False
ATM017,2024-07-20,191,93.56,17848.69,42316.35,False
ATM017,2024-07-21,137,92.75,12682.52,97317.48,True
ATM017,2024-07-22,113,96.66,10940.34,86377.13,False
ATM017,2024-07-23,115,89.28,10270.14,76107.0,False
ATM017,2024-07-24,116,95.34,11089.73,65017.26,False
ATM017,2024-07-25,113,97.2,10938.97,54078.3,False
ATM017,2024-07-26,149,97.98,14571.23,95428.77,True
ATM017,2024-07-27,198,88.53,17519.37,77909.41,False
ATM017,2024-07-28,138,93.84,12973.31,64936.1,False
ATM017,2024-07-29,112,92.9,10442.84,54493.26,False
ATM017,2024-07-30,110,93.62,10331.21,44162.05,False
ATM017,2024-07-31,95,98.63,9343.92,100656.08,True
ATM017,2024-08-01,124,92.91,11527.7,89128.39,False
ATM017,2024-08-02,153,97.2,14849.24,74279.15,False
ATM017,2024-08-03,168,95.38,16061.62,58217.53,False
ATM017,2024-08-04,132,93.5,12299.46,45918.07,False
ATM017,2024-08-05,108,93.23,10050.75,99949.25,True
ATM017,2024-08-06,109,95.67,10430.05,89519.2,False
ATM017,2024-08-07,106,94.74,10071.43,79447.77,False
ATM017,2024-08-08,138,90.26,12479.03,66968.75,False
ATM017,2024-08-09,174,92.29,16062.7,50906.05,False
ATM017,2024-08-10,171,95.74,16340.3,93659.7,True
ATM017,2024-08-11,135,91.53,12332.56,81327.13,False
ATM017,2024-08-12,122,97.62,11912.6,69414.54,False
ATM017,2024-08-13,100,90.8,9104.9,60309.63,False
ATM017,2024-08-14,118,94.19,11092.13,49217.51,False
ATM017,2024-08-15,135,96.76,13025.35,96974.65,True
ATM017,2024-08-16,178,92.09,16410.17,80564.48,False
ATM017,2024-08-17,199,91.36,18205.49,62358.99,False
ATM017,2024-08-18,146,96.2,14038.14,48320.84,False
ATM017,2024-08-19,105,97.29,10248.78,38072.07,False
ATM017,2024-08-20,129,94.38,12194.45,97805.55,True
ATM017,2024-08-21,118,93.77,11058.76,86746.79,False
ATM017,2024-08-22,130,90.7,11796.85,74949.94,False
ATM017,2024-08-23,169,95.12,16069.15,58880.79,False
ATM017,2024-08-24,222,89.88,19950.46,38930.33,False
ATM017,2024-08-25,127,98.67,12562.91,97437.09,True
ATM017,2024-08-26,113,94.51,10675.72,86761.36,False
ATM017,2024-08-27,106,92.34,9833.02,76928.34,False
ATM017,2024-08-28,100,93.21,9364.11,67564.23,False
ATM017,2024-08-29,115,95.34,10941.93,56622.3,False
ATM017,2024-08-30,162,93.63,15207.7,94792.3,True
ATM017,2024-08-31,180,94.86,17041.78,77750.52,False
ATM017,2024-09-01,134,91.97,12347.01,65403.5,False
ATM017,2024-09-02,111,98.04,10923.32,54480.18,False
ATM017,2024-09-03,113,93.26,10517.78,43962.4,False
ATM017,2024-09-04,118,89.16,10549.45,99450.55,True
ATM017,2024-09-05,124,93.86,11612.7,87837.85,False
ATM017,2024-09-06,162,92.86,15053.29,72784.57,False
ATM017,2024-09-07,175,97.83,17091.93,55692.64,False
ATM017,2024-09-08,150,92.35,13830.21,41862.44,False
ATM017,2024-09-09,112,93.6,10471.22,99528.78,True
ATM017,2024-09-10,116,95.41,11031.37,88497.41,False
ATM017,2024-09-11,111,96.53,10710.12,77787.29,False
ATM017,2024-09-12,114,98.89,11247.08,66540.21,False
ATM017,2024-09-13,174,92.56,16067.79,50472.42,False
ATM017,2024-09-14,176,98.51,17309.37,92690.63,True
ATM017,2024-09-15,127,97.71,12436.69,80253.94,False
ATM017,2024-09-16,112,92.82,10392.89,69861.05,False
ATM017,2024-09-17,118,92.51,10916.18,58944.87,False
ATM017,2024-09-18,117,96.0,11271.43,47673.44,False
ATM017,2024-09-19,116,94.8,11030.96,98969.04,True
ATM017,2024-09-20,161,95.99,15464.15,83504.89,False
ATM017,2024-09-21,214,93.94,20074.86,63430.03,False
ATM017,2024-09-22,140,95.07,13300.15,50129.88,False
ATM017,2024-09-23,115,94.53,10876.24,39253.64,False
ATM017,2024-09-24,102,95.96,9816.41,100183.59,True
ATM017,2024-09-25,113,92.42,10427.87,89755.73,False
ATM017,2024-09-26,132,95.28,12589.33,77166.4,False
ATM017,2024-09-27,160,98.82,15815.2,61351.19,False
ATM017,2024-09-28,157,98.63,15468.36,45882.83,False
ATM017,2024-09-29,126,95.6,12046.78,97953.22,True
ATM017,2024-09-30,113,92.37,10420.05,87533.16,False
ATM017,2024-10-01,114,100.29,11427.77,76105.39,False
ATM017,2024-10-02,109,95.96,10477.27,65628.13,False
ATM017,2024-10-03,118,99.93,11773.45,53854.68,False
ATM017,2024-10-04,144,96.07,13860.15,96139.85,True
ATM017,2024-10-05,189,88.29,16716.96,79422.89,False
ATM017,2024-10-06,125,100.27,12493.07,66929.82,False
ATM017,2024-10-07,107,97.25,10370.58,56559.24,False
ATM017,2024-10-08,119,94.96,11335.98,45223.26,False
ATM017,2024-10-09,119,90.11,10730.88,99269.12,True
ATM017,2024-10-10,114,97.58,11153.19,88115.92,False
ATM017,2024-10-11,168,96.05,16138.15,71977.77,False
ATM017,2024-10-12,175,101.25,17754.58,54223.19,False
ATM017,2024-10-13,125,99.58,12432.01,41791.18,False
ATM017,2024-10-14,110,99.83,10959.88,99040.12,True
ATM017,2024-10-15,100,95.53,9567.06,89473.06,False
ATM017,2024-10-16,109,95.4,10351.54,79121.51,False
ATM017,2024-10-17,133,96.08,12774.15,66347.36,False
ATM017,2024-10-18,188,93.09,17502.88,48844.48,False
ATM017,2024-10-19,175,95.05,16605.34,93394.66,True
ATM017,2024-10-20,135,94.47,12777.75,80616.91,False
ATM017,2024-10-21,103,98.42,10153.23,70463.68,False
ATM017,2024-10-22,103,99.06,10162.21,60301.47,False
ATM017,2024-10-23,110,96.85,10650.28,49651.2,False
ATM017,2024-10-24,132,92.65,12193.43,97806.57,True
ATM017,2024-10-25,164,100.5,16488.16,81318.41,False
ATM017,2024-10-26,183,97.57,17902.41,63416.0,False
ATM017,2024-10-27,140,95.88,13449.47,49966.52,False
ATM017,2024-10-28,114,96.56,11000.6,38965.92,False
ATM017,2024-10-29,121,91.15,10995.7,99004.3,True
ATM017,2024-10-30,115,94.48,10826.59,88177.71,False
ATM017,2024-10-31,116,98.69,11409.55,76768.16,False
ATM017,2024-11-01,198,91.02,18013.7,58754.46,False
ATM017,2024-11-02,241,90.95,21944.95,36809.51,False
ATM017,2024-11-03,135,97.59,13209.94,96790.06,True
ATM017,2024-11-04,134,96.35,12955.51,83834.55,False
ATM017,2024-11-05,131,91.05,11924.78,71909.77,False
ATM017,2024-11-06,123,94.22,11555.98,60353.79,False
ATM017,2024-11-07,132,95.88,12658.18,47695.61,False
ATM017,2024-11-08,192,95.53,18358.28,91641.72,True
ATM017,2024-11-09,218,96.1,20982.68,70659.04,False
ATM017,2024-11-10,167,94.02,15656.55,55002.49,False
ATM017,2024-11-11,136,95.67,12978.43,42024.06,False
ATM017,2024-11-12,107,96.84,10376.74,31647.32,False
ATM017,2024-11-13,131,96.61,12688.6,97311.4,True
ATM017,2024-11-14,134,94.1,12645.39,84666.01,False
ATM017,2024-11-15,181,97.12,17567.42,67098.59,False
ATM017,2024-11-16,204,92.35,18811.7,48286.89,False
ATM017,2024-11-17,168,93.21,15694.77,32592.13,False
ATM017,2024-11-18,123,97.58,12006.2,97993.8,True
ATM017,2024-11-19,135,97.06,13143.52,84850.28,False
ATM017,2024-11-20,141,94.34,13324.68,71525.6,False
ATM017,2024-11-21,146,93.15,13640.6,57885.0,False
ATM017,2024-11-22,205,93.5,19186.25,38698.75,False
ATM017,2024-11-23,208,96.71,20136.26,89863.74,True
ATM017,2024-11-24,171,96.14,16425.63,73438.1,False
ATM017,2024-11-25,156,92.99,14527.06,58911.05,False
ATM017,2024-11-26,111,97.04,10814.96,48096.08,False
ATM017,2024-11-27,126,94.22,11895.73,36200.35,False
ATM017,2024-11-28,132,92.44,12225.04,97774.96,True
ATM017,2024-11-29,182,93.76,17069.56,80705.4,False
ATM017,2024-11-30,212,95.26,20190.63,60514.77,False
ATM017,2024-12-01,170,96.93,16489.2,44025.57,False
ATM017,2024-12-02,118,96.73,11437.06,32588.51,False
ATM017,2024-12-03,131,94.72,12396.47,97603.53,True
ATM017,2024-12-04,131,95.58,12536.18,85067.35,False
ATM017,2024-12-05,140,94.48,13183.15,71884.19,False
ATM017,2024-12-06,222,92.99,20600.77,51283.42,False
ATM017,2024-12-07,204,94.82,19312.35,31971.07,False
ATM017,2024-12-08,155,90.09,13968.23,96031.77,True
ATM017,2024-12-09,126,99.13,12507.12,83524.65,False
ATM017,2024-12-10,128,95.51,12266.68,71257.97,False
ATM017,2024-12-11,112,96.25,10816.77,60441.2,False
ATM017,2024-12-12,150,93.1,13928.09,46513.11,False
ATM017,2024-12-13,201,95.48,19202.81,90797.19,True
ATM017,2024-12-14,201,95.95,19272.38,71524.81,False
ATM017,2024-12-15,174,94.35,16440.12,55084.69,False
ATM017,2024-12-16,128,94.49,12057.41,43027.29,False
ATM017,2024-12-17,143,91.5,13058.14,29969.14,False
ATM017,2024-12-18,140,93.07,13075.07,96924.93,True
ATM017,2024-12-19,151,93.39,14073.82,82851.11,False
ATM017,2024-12-20,183,99.34,18224.41,64626.7,False
ATM017,2024-12-21,195,96.38,18806.47,45820.23,False
ATM017,2024-12-22,176,96.95,17066.51,28753.73,False
ATM017,2024-12-23,128,91.35,11672.48,98327.52,True
ATM017,2024-12-24,122,95.45,11669.46,86658.06,False
ATM017,2024-12-25,140,91.38,12756.29,73901.77,False
ATM017,2024-12-26,140,92.69,13017.3,60884.48,False
ATM017,2024-12-27,186,100.66,18723.9,42160.58,False
ATM017,2024-12-28,211,92.22,19443.52,90556.48,True
ATM017,2024-12-29,144,96.81,13965.72,76590.76,False
ATM017,2024-12-30,138,92.45,12775.34,63815.42,False
ATM017,2024-12-31,129,92.74,11991.44,51823.98,False
ATM018,2024-01-01,124,94.73,11782.36,98217.64,False
ATM018,2024-01-02,114,91.17,10388.22,87829.43,False
ATM018,2024-01-03,121,96.94,11695.43,76134.0,False
ATM018,2024-01-04,120,98.46,11850.58,98149.42,True
ATM018,2024-01-05,173,97.21,16803.08,81346.34,False
ATM018,2024-01-06,198,94.5,18750.16,62596.18,False
ATM018,2024-01-07,132,94.59,12512.34,50083.84,False
ATM018,2024-01-08,129,93.55,12024.98,38058.86,False
ATM018,2024-01-09,122,91.91,11223.42,98776.58,True
ATM018,2024-01-10,122,95.89,11733.45,87043.13,False
ATM018,2024-01-11,119,94.36,11255.49,75787.64,False
ATM018,2024-01-12,196,91.41,17908.68,57878.96,False
ATM018,2024-01-13,180,94.8,17038.96,40840.0,False
ATM018,2024-01-14,167,93.08,15531.81,94468.19,True
ATM018,2024-01-15,123,95.74,11736.6,82731.59,False
ATM018,2024-01-16,109,95.46,10443.23,72288.36,False
ATM018,2024-01-17,115,93.98,10767.06,61521.3,False
ATM018,2024-01-18,115,94.93,10899.47,50621.83,False
ATM018,2024-01-19,188,95.16,17868.18,92131.82,True
ATM018,2024-01-20,205,96.65,19822.24,72309.59,False
ATM018,2024-01-21,143,93.21,13321.63,58987.96,False
ATM018,2024-01-22,121,90.81,10957.28,48030.68,False
ATM018,2024-01-23,112,95.42,10681.63,37349.05,False
ATM018,2024-01-24,130,96.51,12527.41,97472.59,True
ATM018,2024-01-25,127,90.9,11524.37,85948.22,False
ATM018,2024-01-26,170,97.31,16537.43,69410.79,False
ATM018,2024-01-27,187,96.54,18083.96,51326.83,False
ATM018,2024-01-28,136,97.04,13208.73,38118.09,False
ATM018,2024-01-29,102,99.57,10137.43,99862.57,True
ATM018,2024-01-30,104,97.26,10067.85,89794.72,False
ATM018,2024-01-31,115,94.67,10900.26,78894.46,False
ATM018,2024-02-01,107,95.73,10289.49,68604.97,False
ATM018,2024-02-02,151,98.02,14807.11,53797.86,False
ATM018,2024-02-03,181,95.95,17322.76,92677.24,True
ATM018,2024-02-04,135,95.26,12890.76,79786.48,False
ATM018,2024-02-05,109,96.22,10448.51,69337.97,False
ATM018,2024-02-06,94,95.52,8951.07,60386.9,False
ATM018,2024-02-07,104,94.91,9836.09,50550.81,False
ATM018,2024-02-08,111,97.47,10771.46,99228.54,True
ATM018,2024-02-09,165,86.61,14316.96,84911.58,False
ATM018,2024-02-10,188,94.15,17653.67,67257.91,False
ATM018,2024-02-11,118,91.8,10793.28,56464.63,False
ATM018,2024-02-12,101,93.4,9463.93,47000.7,False
ATM018,2024-02-13,95,93.06,8834.16,101165.84,True
ATM018,2024-02-14,98,100.79,9854.4,91311.44,False
ATM018,2024-02-15,163,98.2,15982.13,94017.87,True
ATM018,2024-02-16,211,95.3,20139.71,73878.17,False
ATM018,2024-02-17,250,93.12,23320.9,50557.27,False
ATM018,2024-02-18,164,97.44,16003.11,93996.89,True
ATM018,2024-02-19,158,95.19,15080.32,78916.57,False
ATM018,2024-02-20,131,94.16,12336.8,66579.77,False
ATM018,2024-02-21,130,95.21,12378.66,97621.34,True
ATM018,2024-02-22,163,94.23,15362.19,82259.15,False
ATM018,2024-02-23,219,96.19,21031.72,61227.43,False
ATM018,2024-02-24,252,91.58,23045.64,86954.36,True
ATM018,2024-02-25,168,96.17,16197.48,70756.88,False
ATM018,2024-02-26,166,94.23,15604.82,55152.06,False
ATM018,2024-02-27,143,97.5,13940.62,96059.38,True
ATM018,2024-02-28,137,98.27,13505.58,82553.8,False
ATM018,2024-02-29,166,98.93,16414.8,66139.0,False
ATM018,2024-03-01,210,101.73,21353.21,88646.79,True
ATM018,2024-03-02,215,101.05,21680.78,66966.0,False
ATM018,2024-03-03,176,98.82,17398.17,49567.83,False
ATM018,2024-03-04,140,97.41,13662.67,96337.33,True
ATM018,2024-03-05,161,91.9,14822.35,81514.98,False
ATM018,2024-03-06,152,88.9,13537.1,67977.88,False
ATM018,2024-03-07,161,92.67,14902.78,95097.22,True
ATM018,2024-03-08,197,103.33,20366.03,74731.19,False
ATM018,2024-03-09,281,90.9,25527.14,49204.05,False
ATM018,2024-03-10,176,97.28,17141.22,92858.78,True
ATM018,2024-03-11,143,95.51,13645.6,79213.18,False
ATM018,2024-03-12,150,91.16,13674.96,65538.22,False
ATM018,2024-03-13,133,95.49,12739.08,97260.92,True
ATM018,2024-03-14,163,92.98,15195.34,82065.58,False
ATM018,2024-03-15,206,94.74,19560.37,62505.21,False
ATM018,2024-03-16,176,94.78,16701.45,45803.76,False
ATM018,2024-03-17,138,93.02,12808.95,32994.8,False
ATM018,2024-03-18,104,93.99,9821.33,23173.47,False
ATM018,2024-03-19,104,92.77,9692.71,100307.29,True
ATM018,2024-03-20,121,90.18,10867.25,89440.04,False
ATM018,2024-03-21,124,95.26,11799.81,77640.22,False
ATM018,2024-03-22,151,98.8,14905.8,62734.42,False
ATM018,2024-03-23,179,92.92,16668.18,46066.24,False
ATM018,2024-03-24,119,100.32,11924.08,98075.92,True
ATM018,2024-03-25,90,101.04,9105.95,88969.97,False
ATM018,2024-03-26,102,93.77,9556.45,79413.52,False
ATM018,2024-03-27,95,94.36,8920.09,70493.43,False
ATM018,2024-03-28,97,93.82,9126.03,61367.41,False
ATM018,2024-03-29,153,91.94,14078.88,95921.12,True
ATM018,2024-03-30,175,94.38,16540.54,79380.58,False
ATM018,2024-03-31,116,94.07,10935.86,68444.72,False
ATM018,2024-04-01,122,95.21,11622.0,56822.71,False
ATM018,2024-04-02,109,95.36,10362.07,46460.64,False
ATM018,2024-04-03,121,91.75,11070.6,98929.4,True
ATM018,2024-04-04,124,96.65,11998.82,86930.58,False
ATM018,2024-04-05,185,94.34,17463.87,69466.71,False
ATM018,2024-04-06,209,92.21,19256.39,50210.32,False
ATM018,2024-04-07,133,94.28,12517.5,37692.82,False
ATM018,2024-04-08,132,95.47,12589.61,97410.39,True
ATM018,2024-04-09,107,99.4,10675.43,86734.95,False
ATM018,2024-04-10,107,101.37,10889.01,75845.94,False
ATM018,2024-04-11,128,92.12,11813.16,64032.79,False
ATM018,2024-04-12,176,94.29,16584.02,47448.77,False
ATM018,2024-04-13,169,102.42,17355.83,92644.17,True
ATM018,2024-04-14,142,96.32,13678.99,78965.18,False
ATM018,2024-04-15,118,93.35,10976.0,67989.18,False
ATM018,2024-04-16,130,90.22,11693.23,56295.96,False
ATM018,2024-04-17,109,94.3,10255.76,46040.2,False
ATM018,2024-04-18,143,93.93,13458.04,96541.96,True
ATM018,2024-04-19,182,95.08,17274.22,79267.73,False
ATM018,2024-04-20,222,90.48,20109.79,59157.94,False
ATM018,2024-04-21,149,94.43,14084.49,45073.45,False
ATM018,2024-04-22,131,92.67,12094.91,32978.54,False
ATM018,2024-04-23,115,94.71,10901.8,99098.2,True
ATM018,2024-04-24,113,91.35,10357.07,88741.13,False
ATM018,2024-04-25,123,95.37,11756.13,76985.0,False
ATM018,2024-04-26,169,94.06,15912.43,61072.56,False
ATM018,2024-04-27,171,93.94,16094.26,44978.3,False
ATM018,2024-04-28,148,97.01,14370.94,95629.06,True
ATM018,2024-04-29,118,95.69,11267.9,84361.16,False
ATM018,2024-04-30,103,99.63,10270.16,74091.0,False
ATM018,2024-05-01,115,95.47,10974.56,63116.44,False
ATM018,2024-05-02,135,93.06,12545.32,50571.12,False
ATM018,2024-05-03,141,92.98,13137.96,96862.04,True
ATM018,2024-05-04,152,101.59,15457.6,81404.45,False
ATM018,2024-05-05,121,92.55,11210.74,70193.71,False
ATM018,2024-05-06,93,98.25,9098.84,61094.87,False
ATM018,2024-05-07,107,93.62,9974.46,51120.41,False
ATM018,2024-05-08,91,91.78,8327.23,101672.77,True
ATM018,2024-05-09,122,96.96,11804.57,89868.19,False
ATM018,2024-05-10,144,100.33,14406.27,75461.93,False
ATM018,2024-05-11,190,94.9,18003.17,57458.76,False
ATM018,2024-05-12,122,93.34,11419.51,46039.25,False
ATM018,2024-05-13,105,90.76,9498.34,100501.66,True
ATM018,2024-05-14,93,90.09,8380.35,92121.31,False
ATM018,2024-05-15,113,90.55,10244.49,81876.83,False
ATM018,2024-05-16,129,92.92,11995.09,69881.74,False
ATM018,2024-05-17,172,93.96,16194.88,53686.85,False
ATM018,2024-05-18,143,98.66,14067.0,95933.0,True
ATM018,2024-05-19,136,92.42,12612.44,83320.55,False
ATM018,2024-05-20,102,92.42,9467.11,73853.45,False
ATM018,2024-05-21,97,95.31,9223.73,64629.71,False
ATM018,2024-05-22,103,89.82,9264.96,55364.75,False
ATM018,2024-05-23,104,97.01,10047.65,99952.35,True
ATM018,2024-05-24,150,94.07,14132.23,85820.12,False
ATM018,2024-05-25,158,93.26,14706.81,71113.31,False
ATM018,2024-05-26,138,91.75,12618.7,58494.62,False
ATM018,2024-05-27,107,95.13,10190.91,48303.7,False
ATM018,2024-05-28,102,92.91,9462.66,100537.34,True
ATM018,2024-05-29,98,94.98,9264.7,91272.64,False
ATM018,2024-05-30,105,95.94,10090.08,81182.55,False
ATM018,2024-05-31,146,101.19,14807.02,66375.53,False
ATM018,2024-06-01,179,89.55,16005.59,50369.93,False
ATM018,2024-06-02,131,94.42,12403.33,97596.67,True
ATM018,2024-06-03,112,99.19,11154.84,86441.83,False
ATM018,2024-06-04,93,97.06,8978.64,77463.2,False
ATM018,2024-06-05,96,95.01,9108.97,68354.23,False
ATM018,2024-06-06,112,98.17,10971.7,57382.53,False
ATM018,2024-06-07,160,95.21,15267.79,94732.21,True
ATM018,2024-06-08,199,93.96,18677.22,76054.99,False
ATM018,2024-06-09,112,90.97,10216.96,65838.03,False
ATM018,2024-06-10,113,94.78,10742.62,55095.4,False
ATM018,2024-06-11,101,93.45,9406.03,45689.37,False
ATM018,2024-06-12,99,92.76,9199.48,100800.52,True
ATM018,2024-06-13,114,94.72,10815.5,89985.02,False
ATM018,2024-06-14,154,95.97,14783.79,75201.23,False
ATM018,2024-06-15,168,90.84,15235.88,59965.34,False
ATM018,2024-06-16,99,103.63,10260.97,49704.37,False
ATM018,2024-06-17,109,98.82,10745.76,99254.24,True
ATM018,2024-06-18,93,95.03,8872.84,90381.41,False
ATM018,2024-06-19,98,91.26,8968.88,81412.53,False
ATM018,2024-06-20,102,98.78,10042.09,71370.43,False
ATM018,2024-06-21,165,92.24,15209.7,56160.74,False
ATM018,2024-06-22,158,97.14,15354.8,94645.2,True
ATM018,2024-06-23,115,95.23,10985.6,83659.6,False
ATM018,2024-06-24,104,96.11,9965.89,73693.71,False
ATM018,2024-06-25,102,93.14,9468.85,64224.87,False
ATM018,2024-06-26,100,91.77,9136.41,55088.46,False
ATM018,2024-06-27,99,94.67,9381.19,100618.81,True
ATM018,2024-06-28,167,91.07,15183.65,85435.16,False
ATM018,2024-06-29,165,97.24,15999.75,69435.41,False
ATM018,2024-06-30,107,94.23,10054.11,59381.3,False
ATM018,2024-07-01,113,96.57,10872.9,48508.4,False
ATM018,2024-07-02,84,96.88,8160.33,101839.67,True
ATM018,2024-07-03,93,96.97,9011.44,92828.23,False
ATM018,2024-07-04,105,94.85,9971.13,82857.1,False
ATM018,2024-07-05,145,95.01,13810.83,69046.27,False
ATM018,2024-07-06,160,94.36,15085.82,53960.45,False
ATM018,2024-07-07,109,96.4,10530.34,99469.66,True
ATM018,2024-07-08,109,90.39,9809.08,89660.57,False
ATM018,2024-07-09,106,94.5,9971.4,79689.17,False
ATM018,2024-07-10,99,97.18,9603.81,70085.37,False
ATM018,2024-07-11,109,98.32,10707.85,59377.52,False
ATM018,2024-07-12,143,97.95,14048.99,95951.01,True
ATM018,2024-07-13,164,96.45,15832.58,80118.44,False
ATM018,2024-07-14,119,98.54,11761.22,68357.22,False
ATM018,2024-07-15,109,93.74,10191.33,58165.89,False
ATM018,2024-07-16,94,94.86,8893.57,49272.32,False
ATM018,2024-07-17,98,92.0,9003.64,100996.36,True
ATM018,2024-07-18,100,90.58,9016.32,91980.04,False
ATM018,2024-07-19,177,93.13,16478.55,75501.49,False
ATM018,2024-07-20,187,96.15,17934.16,57567.33,False
ATM018,2024-07-21,126,90.72,11393.81,46173.52,False
ATM018,2024-07-22,97,100.39,9692.63,100307.37,True
ATM018,2024-07-23,108,95.78,10373.47,89933.9,False
ATM018,2024-07-24,95,92.27,8762.05,81171.86,False
ATM018,2024-07-25,100,98.64,9858.35,71313.51,False
ATM018,2024-07-26,168,95.56,16075.58,55237.93,False
ATM018,2024-07-27,155,99.41,15367.42,94632.58,True
ATM018,2024-07-28,112,95.15,10676.59,83956.0,False
ATM018,2024-07-29,108,92.54,10008.62,73947.38,False
ATM018,2024-07-30,96,92.97,8896.9,65050.48,False
ATM018,2024-07-31,104,100.46,10485.64,54564.84,False
ATM018,2024-08-01,112,94.24,10549.05,99450.95,True
ATM018,2024-08-02,145,95.0,13750.73,85700.22,False
ATM018,2024-08-03,159,94.72,15103.85,70596.38,False
ATM018,2024-08-04,125,93.84,11769.13,58827.25,False
ATM018,2024-08-05,101,94.47,9561.72,49265.53,False
ATM018,2024-08-06,97,93.74,9097.39,100902.61,True
ATM018,2024-08-07,111,89.95,10016.06,90886.55,False
ATM018,2024-08-08,122,95.39,11683.76,79202.79,False
ATM018,2024-08-09,154,97.07,14966.02,64236.78,False
ATM018,2024-08-10,162,92.39,14937.89,49298.89,False
ATM018,2024-08-11,113,94.3,10636.53,99363.47,True
ATM018,2024-08-12,109,93.34,10175.5,89187.97,False
ATM018,2024-08-13,110,88.25,9706.27,79481.7,False
ATM018,2024-08-14,94,98.33,9242.81,70238.88,False
ATM018,2024-08-15,112,92.64,10340.12,59898.76,False
ATM018,2024-08-16,159,86.37,13695.97,96304.03,True
ATM018,2024-08-17,149,98.01,14623.63,81680.39,False
ATM018,2024-08-18,117,93.68,10976.66,70703.73,False
ATM018,2024-08-19,91,90.35,8230.21,62473.52,False
ATM018,2024-08-20,104,96.76,10109.95,52363.57,False
ATM018,2024-08-21,93,93.2,8671.27,101328.73,True
ATM018,2024-08-22,114,91.59,10443.27,90885.46,False
ATM018,2024-08-23,132,94.55,12463.33,78422.13,False
ATM018,2024-08-24,169,96.69,16338.88,62083.24,False
ATM018,2024-08-25,134,90.57,12155.96,49927.28,False
ATM018,2024-08-26,103,94.23,9728.81,100271.19,True
ATM018,2024-08-27,98,94.4,9245.26,91025.92,False
ATM018,2024-08-28,105,86.4,9066.67,81959.25,False
ATM018,2024-08-29,118,95.94,11351.25,70608.0,False
ATM018,2024-08-30,134,96.35,12925.22,57682.78,False
ATM018,2024-08-31,162,93.81,15213.05,94786.95,True
ATM018,2024-09-01,112,96.53,10834.81,83952.14,False
ATM018,2024-09-02,100,91.87,9161.88,74790.26,False
ATM018,2024-09-03,107,94.49,10068.77,64721.48,False
ATM018,2024-09-04,97,96.97,9398.14,55323.34,False
ATM018,2024-09-05,107,93.67,9986.85,100013.15,True
ATM018,2024-09-06,162,90.61,14650.6,85362.56,False
ATM018,2024-09-07,172,92.85,15941.76,69420.8,False
ATM018,2024-09-08,126,96.56,12139.16,57281.64,False
ATM018,2024-09-09,110,90.42,9974.75,47306.89,False
ATM018,2024-09-10,101,91.64,9234.8,100765.2,True
ATM018,2024-09-11,107,88.4,9471.2,91294.0,False
ATM018,2024-09-12,95,98.39,9394.66,81899.34,False
ATM018,2024-09-13,157,93.99,14715.7,67183.64,False
ATM018,2024-09-14,160,91.91,14729.51,52454.13,False
ATM018,2024-09-15,123,94.02,11594.89,98405.11,True
ATM018,2024-09-16,114,94.47,10797.39,87607.73,False
ATM018,2024-09-17,103,91.04,9340.2,78267.53,False
ATM018,2024-09-18,97,95.5,9258.92,69008.61,False
ATM018,2024-09-19,109,93.62,10195.08,58813.54,False
ATM018,2024-09-20,148,99.32,14672.35,95327.65,True
ATM018,2024-09-21,161,98.26,15857.03,79470.62,False
ATM018,2024-09-22,122,98.09,11942.05,67528.58,False
ATM018,2024-09-23,98,94.41,9284.61,58243.96,False
ATM018,2024-09-24,95,96.56,9170.78,49073.18,False
ATM018,2024-09-25,105,95.36,10037.27,99962.73,True
ATM018,2024-09-26,119,93.39,11126.94,88835.79,False
ATM018,2024-09-27,156,97.9,15257.29,73578.5,False
ATM018,2024-09-28,173,95.38,16459.28,57119.22,False
ATM018,2024-09-29,130,92.45,12018.97,45100.25,False
ATM018,2024-09-30,102,95.86,9824.94,100175.06,True
ATM018,2024-10-01,88,96.35,8475.26,91699.8,False
ATM018,2024-10-02,93,93.78,8700.83,82998.97,False
ATM018,2024-10-03,113,92.92,10493.78,72505.18,False
ATM018,2024-10-04,152,95.19,14423.51,58081.67,False
ATM018,2024-10-05,153,96.62,14821.11,95178.89,True
ATM018,2024-10-06,107,101.52,10838.04,84340.85,False
ATM018,2024-10-07,105,91.66,9615.49,74725.36,False
ATM018,2024-10-08,88,98.27,8682.53,66042.83,False
ATM018,2024-10-09,101,91.11,9227.57,56815.26,False
ATM018,2024-10-10,118,93.82,11109.05,98890.95,True
ATM018,2024-10-11,154,97.67,15011.56,83879.4,False
ATM018,2024-10-12,157,101.83,16001.42,67877.98,False
ATM018,2024-10-13,109,92.67,10133.24,57744.74,False
ATM018,2024-10-14,94,101.44,9517.41,48227.33,False
ATM018,2024-10-15,107,98.67,10549.48,99450.52,True
ATM018,2024-10-16,97,93.07,8982.22,90468.29,False
ATM018,2024-10-17,106,92.77,9874.94,80593.35,False
ATM018,2024-10-18,169,94.31,15919.91,64673.44,False
ATM018,2024-10-19,160,97.21,15574.89,49098.55,False
ATM018,2024-10-20,107,95.15,10176.76,99823.24,True
ATM018,2024-10-21,95,94.16,8973.34,90849.9,False
ATM018,2024-10-22,96,93.18,8927.78,81922.13,False
ATM018,2024-10-23,101,95.63,9646.81,72275.32,False
ATM018,2024-10-24,107,96.06,10304.83,61970.49,False
ATM018,2024-10-25,139,96.94,13494.44,96505.56,True
ATM018,2024-10-26,165,93.62,15471.99,81033.57,False
ATM018,2024-10-27,115,94.31,10814.85,70218.72,False
ATM018,2024-10-28,116,94.82,11045.06,59173.66,False
ATM018,2024-10-29,88,97.62,8585.79,50587.87,False
ATM018,2024-10-30,96,95.81,9187.11,100812.89,True
ATM018,2024-10-31,102,98.65,10030.23,90782.66,False
ATM018,2024-11-01,164,98.98,16236.18,74546.48,False
ATM018,2024-11-02,183,94.17,17210.7,57335.78,False
ATM018,2024-11-03,156,95.48,14880.74,42455.05,False
ATM018,2024-11-04,142,94.23,13404.04,96595.96,True
ATM018,2024-11-05,111,100.43,11175.5,85420.46,False
ATM018,2024-11-06,112,90.33,10078.21,75342.25,False
ATM018,2024-11-07,120,97.32,11679.43,63662.82,False
ATM018,2024-11-08,156,96.7,15118.3,48544.52,False
ATM018,2024-11-09,191,100.74,19218.03,90781.97,True
ATM018,2024-11-10,151,96.04,14516.0,76265.97,False
ATM018,2024-11-11,130,96.54,12574.77,63691.19,False
ATM018,2024-11-12,116,91.74,10628.37,53062.83,False
ATM018,2024-11-13,113,94.89,10767.1,42295.73,False
ATM018,2024-11-14,141,88.91,12500.46,97499.54,True
ATM018,2024-11-15,175,95.08,16663.59,80835.95,False
ATM018,2024-11-16,193,99.64,19246.07,61589.87,False
ATM018,2024-11-17,148,92.41,13668.08,47921.79,False
ATM018,2024-11-18,104,96.96,10067.25,37854.54,False
ATM018,2024-11-19,106,97.47,10328.38,99671.62,True
ATM018,2024-11-20,136,90.6,12356.35,87315.27,False
ATM018,2024-11-21,130,98.68,12836.42,74478.85,False
ATM018,2024-11-22,204,89.03,18172.84,56306.01,False
ATM018,2024-11-23,191,91.35,17447.98,38858.03,False
ATM018,2024-11-24,146,96.18,13995.15,96004.85,True
ATM018,2024-11-25,101,94.14,9465.95,86538.9,False
ATM018,2024-11-26,122,95.42,11609.01,74929.89,False
ATM018,2024-11-27,120,93.96,11320.21,63609.68,False
ATM018,2024-11-28,121,94.95,11466.03,52143.66,False
ATM018,2024-11-29,176,96.75,16983.49,93016.51,True
ATM018,2024-11-30,204,95.24,19447.81,73568.7,False
ATM018,2024-12-01,155,93.93,14566.31,59002.39,False
ATM018,2024-12-02,107,96.36,10334.33,48668.05,False
ATM018,2024-12-03,115,96.42,11073.75,37594.3,False
ATM018,2024-12-04,102,100.1,10255.75,99744.25,True
ATM018,2024-12-05,138,94.18,12977.92,86766.32,False
ATM018,2024-12-06,162,98.07,15849.12,70917.21,False
ATM018,2024-12-07,169,101.44,17147.55,53769.66,False
ATM018,2024-12-08,129,99.9,12924.74,40844.91,False
ATM018,2024-12-09,113,99.51,11286.87,98713.13,True
ATM018,2024-12-10,110,95.05,10425.87,88287.26,False
ATM018,2024-12-11,122,96.89,11854.21,76433.05,False
ATM018,2024-12-12,142,93.61,13337.34,63095.71,False
ATM018,2024-12-13,173,98.56,17022.43,46073.27,False
ATM018,2024-12-14,182,96.63,17630.17,92369.83,True
ATM018,2024-12-15,139,95.59,13286.21,79083.62,False
ATM018,2024-12-16,124,92.75,11501.44,67582.19,False
ATM018,2024-12-17,113,95.41,10777.74,56804.45,False
ATM018,2024-12-18,112,99.48,11124.61,45679.84,False
ATM018,2024-12-19,138,95.83,13252.83,96747.17,True
ATM018,2024-12-20,173,92.65,16041.44,80705.73,False
ATM018,2024-12-21,231,92.12,21266.78,59438.95,False
ATM018,2024-12-22,142,96.03,13599.57,45839.39,False
ATM018,2024-12-23,121,92.14,11187.09,34652.29,False
ATM018,2024-12-24,111,93.44,10389.43,99610.57,True
ATM018,2024-12-25,108,98.78,10662.0,88948.57,False
ATM018,2024-12-26,132,93.51,12340.36,76608.21,False
ATM018,2024-12-27,176,96.9,17048.84,59559.36,False
ATM018,2024-12-28,185,97.57,18080.9,41478.47,False
ATM018,2024-12-29,126,98.34,12342.98,97657.02,True
ATM018,2024-12-30,120,94.86,11426.4,86230.62,False
ATM018,2024-12-31,114,91.5,10456.46,75774.15,False
ATM019,2024-01-01,218,67.98,14845.82,85154.18,False
ATM019,2024-01-02,180,68.09,12272.58,87727.42,True
ATM019,2024-01-03,196,69.27,13591.44,74135.98,False
ATM019,2024-01-04,211,72.17,15249.08,58886.9,False
ATM019,2024-01-05,310,74.21,23013.27,76986.73,True
ATM019,2024-01-06,302,68.2,20599.43,56387.3,False
ATM019,2024-01-07,256,69.05,17654.48,38732.83,False
ATM019,2024-01-08,215,70.43,15132.37,84867.63,True
ATM019,2024-01-09,212,72.19,15276.31,69591.32,False
ATM019,2024-01-10,218,69.14,15039.04,54552.29,False
ATM019,2024-01-11,220,69.36,15282.67,84717.33,True
ATM019,2024-01-12,260,73.09,18976.67,65740.65,False
ATM019,2024-01-13,351,69.28,24317.21,41423.45,False
ATM019,2024-01-14,268,68.68,18419.63,81580.37,True
ATM019,2024-01-15,174,72.12,12527.32,69053.06,False
ATM019,2024-01-16,180,69.59,12506.64,56546.42,False
ATM019,2024-01-17,200,70.81,14165.46,85834.54,True
ATM019,2024-01-18,229,71.22,16328.79,69505.74,False
ATM019,2024-01-19,321,68.34,21913.78,47591.97,False
ATM019,2024-01-20,353,66.84,23561.27,76438.73,True
ATM019,2024-01-21,280,67.05,18754.71,57684.02,False
ATM019,2024-01-22,207,67.23,13906.13,43777.89,False
ATM019,2024-01-23,186,70.03,12996.07,87003.93,True
ATM019,2024-01-24,186,72.4,13455.19,73548.73,False
ATM019,2024-01-25,226,69.03,15633.64,57915.09,False
ATM019,2024-01-26,288,72.56,20890.03,79109.97,True
ATM019,2024-01-27,364,67.61,24597.09,54512.88,False
ATM019,2024-01-28,226,71.0,16029.8,38483.07,False
ATM019,2024-01-29,215,67.79,14604.31,85395.69,True
ATM019,2024-01-30,212,68.13,14413.97,70981.72,False
ATM019,2024-01-31,215,71.11,15296.84,55684.89,False
ATM019,2024-02-01,94,68.89,6461.42,93538.58,True
ATM019,2024-02-02,131,70.34,9224.96,84313.61,False
ATM019,2024-02-03,153,67.59,10342.6,73971.01,False
ATM019,2024-02-04,97,71.15,6931.25,67039.76,False
ATM019,2024-02-05,94,70.22,6607.2,60432.56,False
ATM019,2024-02-06,92,68.7,6336.03,93663.97,True
ATM019,2024-02-07,85,75.33,6428.88,87235.09,False
ATM019,2024-02-08,109,69.39,7593.59,79641.5,False
ATM019,2024-02-09,144,63.99,9239.89,70401.61,False
ATM019,2024-02-10,158,71.65,11306.28,59095.33,False
ATM019,2024-02-11,110,66.99,7356.4,92643.6,True
ATM019,2024-02-12,84,70.93,5973.03,86670.57,False
ATM019,2024-02-13,86,71.45,6178.33,80492.24,False
ATM019,2024-02-14,89,72.03,6385.13,74107.11,False
ATM019,2024-02-15,855,71.74,61367.85,38632.15,True
ATM019,2024-02-16,1050,67.41,70797.17,29202.83,True
ATM019,2024-02-17,1210,72.27,87442.06,12557.94,True
ATM019,2024-02-18,1070,69.66,74530.34,25469.66,True
ATM019,2024-02-19,805,65.89,53050.5,46949.5,True
ATM019,2024-02-20,820,68.84,56468.46,43531.54,True
ATM019,2024-02-21,975,68.45,66748.75,33251.25,True
ATM019,2024-02-22,968,71.57,69295.86,30704.14,True
ATM019,2024-02-23,1082,70.49,76257.7,23742.3,True
ATM019,2024-02-24,1362,69.53,94677.62,5322.38,True
ATM019,2024-02-25,966,71.71,69284.97,30715.03,True
ATM019,2024-02-26,825,69.97,57731.24,42268.76,True
ATM019,2024-02-27,701,69.84,48959.19,51040.81,True
ATM019,2024-02-28,832,66.06,54936.43,45063.57,True
ATM019,2024-02-29,867,69.8,60513.25,39486.75,True
ATM019,2024-03-01,1080,69.3,74838.55,25161.45,True
ATM019,2024-03-02,1185,74.05,87764.03,12235.97,True
ATM019,2024-03-03,919,72.18,66352.24,33647.76,True
ATM019,2024-03-04,831,66.06,54916.16,45083.84,True
ATM019,2024-03-05,812,68.62,55717.64,44282.36,True
ATM019,2024-03-06,782,67.79,53003.61,46996.39,True
ATM019,2024-03-07,832,72.24,60106.0,39894.0,True
ATM019,2024-03-08,1193,73.33,87478.11,12521.89,True
ATM019,2024-03-09,1522,65.7,100000.0,0.0,True
ATM019,2024-03-10,908,66.2,60100.36,39899.64,True
ATM019,2024-03-11,844,68.54,57875.26,42124.74,True
ATM019,2024-03-12,739,69.55,51366.7,48633.3,True
ATM019,2024-03-13,833,66.88,55736.32,44263.68,True
ATM019,2024-03-14,782,70.0,54756.46,45243.54,True
ATM019,2024-03-15,1274,69.95,89122.26,10877.74,True
ATM019,2024-03-16,152,65.49,9925.76,951.98,False
ATM019,2024-03-17,119,68.45,8168.83,91831.17,True
ATM019,2024-03-18,90,66.4,5976.31,85854.87,False
ATM019,2024-03-19,83,67.98,5621.31,80233.56,False
ATM019,2024-03-20,93,67.46,6241.38,73992.18,False
ATM019,2024-03-21,102,69.48,7085.74,66906.44,False
ATM019,2024-03-22,169,66.42,11197.66,88802.34,True
ATM019,2024-03-23,151,70.37,10610.6,78191.74,False
ATM019,2024-03-24,101,70.2,7109.98,71081.76,False
ATM019,2024-03-25,97,70.2,6834.58,64247.18,False
ATM019,2024-03-26,105,65.43,6849.76,57397.42,False
ATM019,2024-03-27,82,73.1,5983.25,94016.75,True
ATM019,2024-03-28,105,71.14,7455.31,86561.44,False
ATM019,2024-03-29,158,65.98,10448.84,76112.6,False
ATM019,2024-03-30,154,72.24,11092.2,65020.4,False
ATM019,2024-03-31,97,75.52,7297.48,57722.92,False
ATM019,2024-04-01,221,65.4,14444.67,85555.33,True
ATM019,2024-04-02,205,68.49,14047.55,71507.78,False
ATM019,2024-04-03,213,71.15,15148.9,56358.88,False
ATM019,2024-04-04,202,73.16,14756.55,85243.45,True
ATM019,2024-04-05,330,68.26,22519.57,62723.88,False
ATM019,2024-04-06,321,71.09,22836.59,39887.29,False
ATM019,2024-04-07,236,69.3,16388.78,83611.22,True
ATM019,2024-04-08,211,67.76,14284.17,69327.05,False
ATM019,2024-04-09,166,70.5,11698.55,57628.5,False
ATM019,2024-04-10,179,67.91,12147.89,87852.11,True
ATM019,2024-04-11,204,66.54,13592.68,74259.44,False
ATM019,2024-04-12,312,69.53,21725.09,52534.35,False
ATM019,2024-04-13,337,67.24,22667.2,77332.8,True
ATM019,2024-04-14,227,70.79,16057.66,61275.14,False
ATM019,2024-04-15,198,71.73,14195.64,47079.5,False
ATM019,2024-04-16,211,69.47,14633.53,85366.47,True
ATM019,2024-04-17,179,68.41,12264.65,73101.83,False
ATM019,2024-04-18,224,68.37,15282.43,57819.4,False
ATM019,2024-04-19,279,70.15,19585.69,80414.31,True
ATM019,2024-04-20,397,68.97,27361.26,53053.05,False
ATM019,2024-04-21,250,67.24,16808.74,36244.31,False
ATM019,2024-04-22,216,71.84,15543.13,84456.87,True
ATM019,2024-04-23,199,72.86,14471.2,69985.67,False
ATM019,2024-04-24,195,69.36,13551.05,56434.62,False
ATM019,2024-04-25,243,71.33,17343.77,82656.23,True
ATM019,2024-04-26,254,70.96,18052.38,64603.85,False
ATM019,2024-04-27,308,71.89,22159.98,42443.87,False
ATM019,2024-04-28,261,66.34,17299.35,82700.65,True
ATM019,2024-04-29,206,70.44,14518.14,68182.51,False
ATM019,2024-04-30,197,71.21,14030.05,54152.47,False
ATM019,2024-05-01,99,70.87,7047.26,92952.74,True
ATM019,2024-05-02,97,72.41,7005.44,85947.3,False
ATM019,2024-05-03,156,71.92,11213.94,74733.36,False
ATM019,2024-05-04,150,70.91,10643.87,64089.49,False
ATM019,2024-05-05,111,70.04,7780.04,56309.46,False
ATM019,2024-05-06,110,68.43,7535.95,92464.05,True
ATM019,2024-05-07,97,69.74,6740.57,85723.47,False
ATM019,2024-05-08,82,69.6,5721.85,80001.63,False
ATM019,2024-05-09,95,71.21,6731.58,73270.04,False
ATM019,2024-05-10,142,67.85,9646.13,63623.92,False
ATM019,2024-05-11,161,72.29,11629.21,88370.79,True
ATM019,2024-05-12,121,70.5,8539.15,79831.63,False
ATM019,2024-05-13,90,71.48,6459.95,73371.68,False
ATM019,2024-05-14,85,70.27,5970.78,67400.9,False
ATM019,2024-05-15,94,66.93,6269.04,61131.86,False
ATM019,2024-05-16,102,69.07,7056.9,92943.1,True
ATM019,2024-05-17,133,70.76,9423.32,83519.78,False
ATM019,2024-05-18,168,68.22,11468.76,72051.02,False
ATM019,2024-05-19,109,68.39,7463.91,64587.11,False
ATM019,2024-05-20,89,68.75,6110.51,58476.6,False
ATM019,2024-05-21,86,71.23,6132.18,93867.82,True
ATM019,2024-05-22,96,67.78,6490.58,87377.24,False
ATM019,2024-05-23,106,71.98,7657.43,79719.82,False
ATM019,2024-05-24,124,72.57,8998.72,70721.09,False
ATM019,2024-05-25,154,69.67,10734.2,59986.89,False
ATM019,2024-05-26,112,69.95,7835.8,92164.2,True
ATM019,2024-05-27,96,70.39,6728.01,85436.19,False
ATM019,2024-05-28,92,65.75,6071.96,79364.23,False
ATM019,2024-05-29,95,69.22,6585.19,72779.03,False
ATM019,2024-05-30,104,71.01,7385.66,65393.37,False
ATM019,2024-05-31,130,72.15,9354.23,90645.77,True
ATM019,2024-06-01,151,70.34,10642.85,80002.91,False
ATM019,2024-06-02,103,73.54,7568.31,72434.6,False
ATM019,2024-06-03,89,69.32,6160.73,66273.87,False
ATM019,2024-06-04,80,71.53,5701.26,60572.61,False
ATM019,2024-06-05,88,69.01,6093.18,93906.82,True
ATM019,2024-06-06,96,70.13,6745.66,87161.16,False
ATM019,2024-06-07,134,65.29,8781.19,78379.97,False
ATM019,2024-06-08,165,65.56,10832.91,67547.05,False
ATM019,2024-06-09,111,73.27,8112.67,59434.38,False
ATM019,2024-06-10,88,72.73,6402.11,93597.89,True
ATM019,2024-06-11,85,73.36,6206.54,87391.35,False
ATM019,2024-06-12,95,65.03,6147.13,81244.22,False
ATM019,2024-06-13,95,73.59,6955.21,74289.01,False
ATM019,2024-06-14,144,68.92,9950.41,64338.6,False
ATM019,2024-06-15,149,72.04,10735.68,89264.32,True
ATM019,2024-06-16,101,75.52,7596.17,81668.15,False
ATM019,2024-06-17,87,72.11,6245.77,75422.38,False
ATM019,2024-06-18,96,68.53,6557.68,68864.69,False
ATM019,2024-06-19,85,72.14,6160.82,62703.87,False
ATM019,2024-06-20,100,70.71,7065.47,92934.53,True
ATM019,2024-06-21,120,71.38,8547.58,84386.95,False
ATM019,2024-06-22,153,69.87,10704.46,73682.49,False
ATM019,2024-06-23,113,69.14,7837.35,65845.14,False
ATM019,2024-06-24,89,69.49,6213.29,59631.86,False
ATM019,2024-06-25,81,74.58,6018.31,93981.69,True
ATM019,2024-06-26,100,67.97,6764.93,87216.76,False
ATM019,2024-06-27,117,69.09,8065.74,79151.02,False
ATM019,2024-06-28,134,71.88,9604.46,69546.56,False
ATM019,2024-06-29,132,69.5,9139.91,60406.65,False
ATM019,2024-06-30,104,70.43,7341.22,92658.78,True
ATM019,2024-07-01,95,69.84,6646.08,86012.7,False
ATM019,2024-07-02,85,72.24,6163.51,79849.2,False
ATM019,2024-07-03,92,70.09,6481.97,73367.22,False
ATM019,2024-07-04,96,73.86,7067.0,66300.23,False
ATM019,2024-07-05,141,68.92,9701.23,90298.77,True
ATM019,2024-07-06,137,66.99,9179.01,81119.76,False
ATM019,2024-07-07,106,69.77,7396.05,73723.7,False
ATM019,2024-07-08,88,70.74,6229.09,67494.62,False
ATM019,2024-07-09,88,68.08,5974.53,61520.08,False
ATM019,2024-07-10,91,72.88,6624.71,93375.29,True
ATM019,2024-07-11,92,70.51,6472.63,86902.66,False
ATM019,2024-07-12,125,66.9,8388.11,78514.55,False
ATM019,2024-07-13,139,72.38,10067.74,68446.81,False
ATM019,2024-07-14,106,68.29,7236.43,61210.38,False
ATM019,2024-07-15,93,70.08,6492.51,93507.49,True
ATM019,2024-07-16,79,74.17,5884.62,87622.87,False
ATM019,2024-07-17,89,70.24,6229.81,81393.06,False
ATM019,2024-07-18,96,70.92,6800.25,74592.8,False
ATM019,2024-07-19,142,73.49,10450.11,64142.69,False
ATM019,2024-07-20,138,72.31,9946.21,90053.79,True
ATM019,2024-07-21,110,72.05,7941.61,82112.19,False
ATM019,2024-07-22,92,69.61,6434.61,75677.57,False
ATM019,2024-07-23,92,72.0,6637.94,69039.63,False
ATM019,2024-07-24,101,70.42,7081.75,61957.88,False
ATM019,2024-07-25,107,64.83,6942.07,93057.93,True
ATM019,2024-07-26,124,69.17,8562.37,84495.55,False
ATM019,2024-07-27,135,71.71,9713.1,74782.45,False
ATM019,2024-07-28,101,68.95,6972.24,67810.21,False
ATM019,2024-07-29,86,72.53,6270.03,61540.18,False
ATM019,2024-07-30,84,70.95,5957.94,94042.06,True
ATM019,2024-07-31,89,71.9,6434.15,87607.91,False
ATM019,2024-08-01,106,69.93,7423.12,80184.79,False
ATM019,2024-08-02,122,69.51,8511.56,71673.23,False
ATM019,2024-08-03,148,70.6,10476.69,61196.54,False
ATM019,2024-08-04,100,72.4,7257.31,92742.69,True
ATM019,2024-08-05,95,68.07,6482.31,86260.38,False
ATM019,2024-08-06,81,74.05,6020.83,80239.55,False
ATM019,2024-08-07,92,72.2,6648.74,73590.81,False
ATM019,2024-08-08,95,68.55,6502.41,67088.39,False
ATM019,2024-08-09,130,70.39,9138.22,90861.78,True
ATM019,2024-08-10,150,68.97,10364.32,80497.45,False
ATM019,2024-08-11,109,68.33,7449.55,73047.91,False
ATM019,2024-08-12,88,72.34,6395.12,66652.79,False
ATM019,2024-08-13,79,70.73,5592.25,61060.54,False
ATM019,2024-08-14,100,69.62,6990.33,93009.67,True
ATM019,2024-08-15,94,71.94,6740.02,86269.65,False
ATM019,2024-08-16,128,69.95,8946.57,77323.08,False
ATM019,2024-08-17,148,66.07,9754.81,67568.27,False
ATM019,2024-08-18,112,67.35,7560.97,60007.3,False
ATM019,2024-08-19,89,72.34,6470.84,93529.16,True
ATM019,2024-08-20,101,70.2,7078.76,86450.39,False
ATM019,2024-08-21,96,70.84,6815.95,79634.44,False
ATM019,2024-08-22,103,65.96,6809.15,72825.29,False
ATM019,2024-08-23,158,67.8,10740.48,62084.81,False
ATM019,2024-08-24,162,71.13,11557.6,88442.4,True
ATM019,2024-08-25,101,70.66,7137.18,81305.22,False
ATM019,2024-08-26,103,73.22,7518.96,73786.26,False
ATM019,2024-08-27,88,68.5,5997.91,67788.35,False
ATM019,2024-08-28,92,69.65,6391.29,61397.07,False
ATM019,2024-08-29,106,71.55,7606.98,92393.02,True
ATM019,2024-08-30,120,70.96,8513.97,83879.05,False
ATM019,2024-08-31,148,70.08,10360.63,73518.41,False
ATM019,2024-09-01,107,72.52,7776.17,65742.24,False
ATM019,2024-09-02,101,68.43,6934.92,58807.33,False
ATM019,2024-09-03,90,69.06,6191.63,93808.37,True
ATM019,2024-09-04,81,69.77,5641.73,88166.63,False
ATM019,2024-09-05,120,66.4,7958.32,80208.32,False
ATM019,2024-09-06,137,69.88,9568.55,70639.77,False
ATM019,2024-09-07,157,67.98,10704.79,59934.98,False
ATM019,2024-09-08,103,67.1,6916.3,93083.7,True
ATM019,2024-09-09,105,67.94,7108.48,85975.22,False
ATM019,2024-09-10,81,74.42,6003.44,79971.78,False
ATM019,2024-09-11,85,70.72,6028.65,73943.14,False
ATM019,2024-09-12,104,72.13,7534.94,66408.19,False
ATM019,2024-09-13,127,68.5,8731.66,91268.34,True
ATM019,2024-09-14,145,74.05,10715.76,80552.59,False
ATM019,2024-09-15,105,68.96,7245.15,73307.44,False
ATM019,2024-09-16,94,71.3,6669.16,66638.28,False
ATM019,2024-09-17,96,68.22,6520.29,60117.98,False
ATM019,2024-09-18,87,70.45,6114.59,93885.41,True
ATM019,2024-09-19,110,69.5,7640.37,86245.04,False
ATM019,2024-09-20,141,67.85,9569.73,76675.31,False
ATM019,2024-09-21,170,70.32,11952.92,64722.39,False
ATM019,2024-09-22,118,70.06,8240.66,56481.73,False
ATM019,2024-09-23,97,66.85,6514.9,93485.1,True
ATM019,2024-09-24,74,72.63,5348.14,88136.96,False
ATM019,2024-09-25,91,70.43,6381.38,81755.58,False
ATM019,2024-09-26,94,68.1,6408.66,75346.91,False
ATM019,2024-09-27,140,73.65,10324.57,65022.34,False
ATM019,2024-09-28,141,71.41,10044.85,89955.15,True
ATM019,2024-09-29,111,69.75,7744.17,82210.98,False
ATM019,2024-09-30,107,69.05,7372.53,74838.45,False
ATM019,2024-10-01,96,70.8,6781.18,68057.27,False
ATM019,2024-10-02,87,72.88,6339.11,61718.16,False
ATM019,2024-10-03,102,69.8,7137.72,92862.28,True
ATM019,2024-10-04,145,72.62,10556.34,82305.94,False
ATM019,2024-10-05,185,61.84,11412.25,70893.69,False
ATM019,2024-10-06,112,70.45,7880.96,63012.72,False
ATM019,2024-10-07,91,71.28,6460.35,56552.38,False
ATM019,2024-10-08,89,71.42,6331.52,93668.48,True
ATM019,2024-10-09,85,73.15,6228.67,87439.8,False
ATM019,2024-10-10,104,71.14,7386.18,80053.62,False
ATM019,2024-10-11,137,72.43,9921.71,70131.92,False
ATM019,2024-10-12,162,69.76,11269.14,58862.78,False
ATM019,2024-10-13,116,70.37,8190.38,91809.62,True
ATM019,2024-10-14,102,72.31,7406.13,84403.49,False
ATM019,2024-10-15,79,74.89,5950.7,78452.79,False
ATM019,2024-10-16,77,71.34,5478.21,72974.58,False
ATM019,2024-10-17,90,73.95,6661.52,66313.07,False
ATM019,2024-10-18,143,68.33,9755.8,90244.2,True
ATM019,2024-10-19,150,68.5,10297.44,79946.76,False
ATM019,2024-10-20,108,69.31,7480.01,72466.76,False
ATM019,2024-10-21,87,70.57,6144.41,66322.35,False
ATM019,2024-10-22,94,67.91,6389.7,59932.65,False
ATM019,2024-10-23,80,70.65,5651.05,94348.95,True
ATM019,2024-10-24,101,71.53,7259.56,87089.39,False
ATM019,2024-10-25,136,73.3,9961.7,77127.69,False
ATM019,2024-10-26,149,75.63,11249.73,65877.95,False
ATM019,2024-10-27,143,66.31,9494.22,56383.73,False
ATM019,2024-10-28,79,69.98,5552.92,94447.08,True
ATM019,2024-10-29,92,69.84,6440.45,88006.63,False
ATM019,2024-10-30,96,69.43,6667.01,81339.62,False
ATM019,2024-10-31,97,68.86,6662.59,74677.04,False
ATM019,2024-11-01,155,71.77,11152.55,63524.49,False
ATM019,2024-11-02,172,69.39,11965.08,88034.92,True
ATM019,2024-11-03,135,69.58,9384.58,78650.34,False
ATM019,2024-11-04,121,68.07,8263.17,70387.18,False
ATM019,2024-11-05,96,70.64,6775.21,63611.97,False
ATM019,2024-11-06,113,68.18,7703.97,55908.0,False
ATM019,2024-11-07,122,74.04,9067.08,90932.92,True
ATM019,2024-11-08,148,73.12,10823.61,80109.3,False
ATM019,2024-11-09,145,72.26,10478.39,69630.91,False
ATM019,2024-11-10,118,72.05,8491.87,61139.05,False
ATM019,2024-11-11,102,69.86,7144.54,53994.5,False
ATM019,2024-11-12,100,69.55,6931.72,93068.28,True
ATM019,2024-11-13,122,69.77,8512.45,84555.83,False
ATM019,2024-11-14,138,69.19,9567.0,74988.83,False
ATM019,2024-11-15,189,66.59,12554.81,62434.02,False
ATM019,2024-11-16,176,68.87,12133.96,50300.05,False
ATM019,2024-11-17,143,70.39,10042.16,89957.84,True
ATM019,2024-11-18,98,67.25,6602.66,83355.19,False
ATM019,2024-11-19,95,71.96,6834.13,76521.05,False
ATM019,2024-11-20,114,69.37,7923.13,68597.93,False
ATM019,2024-11-21,111,71.5,7942.3,60655.63,False
ATM019,2024-11-22,147,70.96,10450.12,89549.88,True
ATM019,2024-11-23,183,69.42,12706.84,76843.04,False
ATM019,2024-11-24,132,70.21,9271.91,67571.13,False
ATM019,2024-11-25,118,67.2,7912.61,59658.52,False
ATM019,2024-11-26,106,72.16,7658.61,51999.9,False
ATM019,2024-11-27,107,71.26,7659.16,92340.84,True
ATM019,2024-11-28,114,71.87,8189.92,84150.92,False
ATM019,2024-11-29,168,67.59,11361.69,72789.23,False
ATM019,2024-11-30,197,66.57,13111.36,59677.86,False
ATM019,2024-12-01,133,69.19,9197.64,50480.22,False
ATM019,2024-12-02,105,70.36,7405.84,92594.16,True
ATM019,2024-12-03,98,71.08,6980.82,85613.34,False
ATM019,2024-12-04,109,68.7,7518.83,78094.51,False
ATM019,2024-12-05,129,70.43,9063.65,69030.86,False
ATM019,2024-12-06,162,72.97,11820.51,57210.35,False
ATM019,2024-12-07,192,71.22,13654.6,86345.4,True
ATM019,2024-12-08,132,67.0,8828.33,77517.06,False
ATM019,2024-12-09,107,72.3,7753.21,69763.86,False
ATM019,2024-12-10,120,62.77,7520.39,62243.47,False
ATM019,2024-12-11,111,71.96,7959.29,54284.18,False
ATM019,2024-12-12,112,72.08,8080.98,91919.02,True
ATM019,2024-12-13,172,68.56,11818.16,80100.85,False
ATM019,2024-12-14,201,67.34,13531.97,66568.88,False
ATM019,2024-12-15,129,69.67,8981.31,57587.58,False
ATM019,2024-12-16,102,70.64,7212.8,50374.78,False
ATM019,2024-12-17,111,72.62,8040.91,91959.09,True
ATM019,2024-12-18,119,66.44,7878.14,84080.95,False
ATM019,2024-12-19,107,70.35,7516.36,76564.59,False
ATM019,2024-12-20,164,68.95,11282.85,65281.74,False
ATM019,2024-12-21,201,70.22,14146.07,51135.68,False
ATM019,2024-12-22,130,72.07,9366.33,90633.67,True
ATM019,2024-12-23,102,75.44,7671.29,82962.38,False
ATM019,2024-12-24,100,68.73,6868.8,76093.57,False
ATM019,2024-12-25,96,73.28,7010.7,69082.88,False
ATM019,2024-12-26,127,68.86,8729.82,60353.05,False
ATM019,2024-12-27,146,72.91,10646.26,89353.74,True
ATM019,2024-12-28,174,72.96,12697.21,76656.53,False
ATM019,2024-12-29,126,71.07,8979.48,67677.05,False
ATM019,2024-12-30,114,68.69,7804.14,59872.91,False
ATM019,2024-12-31,108,67.51,7262.51,52610.4,False
ATM020,2024-01-01,129,71.4,9203.12,70796.88,False
ATM020,2024-01-02,112,73.26,8169.72,62627.16,False
ATM020,2024-01-03,123,72.92,8957.49,71042.51,True
ATM020,2024-01-04,147,69.74,10265.43,60777.08,False
ATM020,2024-01-05,182,71.63,13058.31,47718.77,False
ATM020,2024-01-06,190,67.63,12835.53,34883.23,False
ATM020,2024-01-07,133,69.77,9251.57,25631.66,False
ATM020,2024-01-08,125,66.99,8388.81,71611.19,True
ATM020,2024-01-09,119,69.8,8330.01,63281.18,False
ATM020,2024-01-10,123,74.23,9141.14,54140.04,False
ATM020,2024-01-11,140,68.54,9574.89,44565.15,False
ATM020,2024-01-12,190,70.02,13297.07,31268.08,False
ATM020,2024-01-13,201,68.19,13678.82,66321.18,True
ATM020,2024-01-14,141,69.63,9808.51,56512.67,False
ATM020,2024-01-15,128,71.07,9084.03,47428.65,False
ATM020,2024-01-16,131,71.42,9367.06,38061.58,False
ATM020,2024-01-17,125,69.36,8668.79,29392.8,False
ATM020,2024-01-18,125,68.8,8624.18,71375.82,True
ATM020,2024-01-19,187,64.62,12100.96,59274.87,False
ATM020,2024-01-20,177,73.36,12962.4,46312.46,False
ATM020,2024-01-21,150,69.21,10397.31,35915.15,False
ATM020,2024-01-22,134,65.9,8829.73,27085.42,False
ATM020,2024-01-23,116,72.68,8407.77,71592.23,True
ATM020,2024-01-24,126,66.28,8344.06,63248.17,False
ATM020,2024-01-25,124,72.69,9008.93,54239.24,False
ATM020,2024-01-26,193,67.02,12940.7,41298.54,False
ATM020,2024-01-27,244,67.37,16418.21,24880.33,False
ATM020,2024-01-28,147,67.82,9961.63,70038.37,True
ATM020,2024-01-29,116,69.05,7986.17,62052.2,False
ATM020,2024-01-30,119,72.71,8618.75,53433.46,False
ATM020,2024-01-31,121,67.88,8190.68,45242.78,False
ATM020,2024-02-01,112,71.07,7991.47,37251.3,False
ATM020,2024-02-02,153,70.58,10770.15,69229.85,True
ATM020,2024-02-03,164,70.21,11501.25,57728.6,False
ATM020,2024-02-04,115,72.25,8337.04,49391.56,False
ATM020,2024-02-05,119,70.38,8363.71,41027.85,False
ATM020,2024-02-06,97,70.54,6866.31,34161.54,False
ATM020,2024-02-07,94,71.61,6696.95,73303.05,True
ATM020,2024-02-08,115,69.12,7970.55,65332.5,False
ATM020,2024-02-09,161,70.04,11280.73,54051.77,False
ATM020,2024-02-10,153,70.74,10831.21,43220.56,False
ATM020,2024-02-11,119,72.02,8584.97,34635.59,False
ATM020,2024-02-12,109,69.77,7584.58,72415.42,True
ATM020,2024-02-13,95,70.0,6646.17,65769.24,False
ATM020,2024-02-14,101,71.02,7193.22,58576.02,False
ATM020,2024-02-15,172,69.81,11997.28,46578.75,False
ATM020,2024-02-16,252,68.58,17260.82,29317.93,False
ATM020,2024-02-17,293,71.6,20959.76,59040.24,True
ATM020,2024-02-18,168,70.39,11860.46,47179.78,False
ATM020,2024-02-19,166,69.27,11481.16,35698.62,False
ATM020,2024-02-20,139,67.82,9404.03,70595.97,True
ATM020,2024-02-21,167,66.32,11071.38,59524.59,False
ATM020,2024-02-22,149,71.13,10613.5,48911.09,False
ATM020,2024-02-23,231,68.54,15848.64,64151.36,True
ATM020,2024-02-24,254,66.91,17020.44,47130.93,False
ATM020,2024-02-25,194,68.31,13277.17,33853.76,False
ATM020,2024-02-26,148,70.73,10476.32,69523.68,True
ATM020,2024-02-27,150,68.52,10255.7,59267.98,False
ATM020,2024-02-28,131,70.77,9273.46,49994.52,False
ATM020,2024-02-29,171,68.91,11811.93,68188.07,True
ATM020,2024-03-01,214,70.03,14969.94,53218.13,False
ATM020,2024-03-02,260,70.21,18222.9,34995.23,False
ATM020,2024-03-03,201,71.48,14393.82,65606.18,True
ATM020,2024-03-04,151,71.55,10795.29,54810.89,False
ATM020,2024-03-05,149,70.09,10477.23,44333.66,False
ATM020,2024-03-06,171,68.11,11671.65,68328.35,True
ATM020,2024-03-07,162,72.5,11765.98,56562.37,False
ATM020,2024-03-08,238,69.22,16449.44,40112.93,False
ATM020,2024-03-09,240,65.23,15636.61,64363.39,True
ATM020,2024-03-10,210,70.65,14842.09,49521.3,False
ATM020,2024-03-11,148,70.73,10440.94,39080.36,False
ATM020,2024-03-12,141,69.3,9771.41,70228.59,True
ATM020,2024-03-13,149,67.03,9979.68,60248.91,False
ATM020,2024-03-14,152,66.64,10137.4,50111.5,False
ATM020,2024-03-15,255,67.93,17290.41,62709.59,True
ATM020,2024-03-16,167,72.01,12034.51,50675.08,False
ATM020,2024-03-17,122,69.37,8453.53,42221.55,False
ATM020,2024-03-18,104,69.13,7222.64,72777.36,True
ATM020,2024-03-19,101,73.94,7473.48,65303.87,False
ATM020,2024-03-20,119,65.48,7761.64,57542.23,False
ATM020,2024-03-21,107,70.01,7495.32,50046.91,False
ATM020,2024-03-22,165,66.37,10939.34,39107.57,False
ATM020,2024-03-23,141,72.74,10260.43,69739.57,True
ATM020,2024-03-24,121,66.88,8119.64,61619.93,False
ATM020,2024-03-25,94,70.82,6623.7,54996.23,False
ATM020,2024-03-26,92,70.51,6485.11,48511.12,False
ATM020,2024-03-27,99,66.34,6548.24,41962.88,False
ATM020,2024-03-28,121,70.84,8538.43,71461.57,True
ATM020,2024-03-29,150,68.91,10345.89,61115.68,False
ATM020,2024-03-30,180,71.24,12844.02,48271.66,False
ATM020,2024-03-31,133,68.77,9149.52,39122.14,False
ATM020,2024-04-01,122,70.84,8617.35,30504.79,False
ATM020,2024-04-02,114,69.8,7931.99,72068.01,True
ATM020,2024-04-03,114,70.84,8078.25,63989.75,False
ATM020,2024-04-04,119,71.2,8454.46,55535.29,False
ATM020,2024-04-05,187,69.57,12987.96,42547.33,False
ATM020,2024-04-06,207,69.23,14355.36,28191.97,False
ATM020,2024-04-07,136,71.14,9668.14,70331.86,True
ATM020,2024-04-08,130,68.93,8947.03,61384.82,False
ATM020,2024-04-09,114,69.62,7908.16,53476.66,False
ATM020,2024-04-10,111,73.2,8096.14,45380.51,False
ATM020,2024-04-11,135,70.03,9481.53,35898.99,False
ATM020,2024-04-12,166,71.55,11905.29,68094.71,True
ATM020,2024-04-13,194,68.63,13327.7,54767.01,False
ATM020,2024-04-14,151,70.81,10695.56,44071.45,False
ATM020,2024-04-15,103,69.67,7206.55,36864.91,False
ATM020,2024-04-16,120,69.29,8316.12,28548.79,False
ATM020,2024-04-17,129,66.2,8510.1,71489.9,True
ATM020,2024-04-18,112,67.95,7606.63,63883.27,False
ATM020,2024-04-19,205,63.23,12962.11,50921.16,False
ATM020,2024-04-20,199,65.96,13113.06,37808.09,False
ATM020,2024-04-21,134,74.11,9961.84,27846.25,False
ATM020,2024-04-22,121,69.77,8457.29,71542.71,True
ATM020,2024-04-23,125,70.04,8742.14,62800.57,False
ATM020,2024-04-24,115,71.95,8289.41,54511.16,False
ATM020,2024-04-25,136,70.61,9585.24,44925.92,False
ATM020,2024-04-26,182,69.27,12585.67,32340.25,False
ATM020,2024-04-27,214,69.29,14833.07,65166.93,True
ATM020,2024-04-28,163,67.8,11044.51,54122.42,False
ATM020,2024-04-29,134,70.99,9493.39,44629.03,False
ATM020,2024-04-30,108,71.07,7703.01,36926.02,False
ATM020,2024-05-01,96,70.07,6700.52,30225.49,False
ATM020,2024-05-02,107,69.72,7469.34,72530.66,True
ATM020,2024-05-03,159,71.09,11311.86,61218.8,False
ATM020,2024-05-04,158,67.76,10714.09,50504.7,False
ATM020,2024-05-05,122,70.72,8605.3,41899.4,False
ATM020,2024-05-06,93,73.34,6825.72,35073.68,False
ATM020,2024-05-07,106,68.69,7272.01,72727.99,True
ATM020,2024-05-08,96,69.52,6666.86,66061.13,False
ATM020,2024-05-09,104,72.64,7550.7,58510.43,False
ATM020,2024-05-10,162,70.07,11346.03,47164.4,False
ATM020,2024-05-11,169,71.73,12155.59,35008.81,False
ATM020,2024-05-12,120,70.85,8478.23,71521.77,True
ATM020,2024-05-13,105,71.02,7459.61,64062.16,False
ATM020,2024-05-14,95,68.58,6505.0,57557.16,False
ATM020,2024-05-15,100,68.52,6872.34,50684.81,False
ATM020,2024-05-16,98,71.42,6970.96,43713.85,False
ATM020,2024-05-17,161,67.19,10850.38,69149.62,True
ATM020,2024-05-18,164,69.61,11398.38,57751.24,False
ATM020,2024-05-19,126,67.73,8551.96,49199.28,False
ATM020,2024-05-20,92,71.09,6508.64,42690.64,False
ATM020,2024-05-21,89,69.51,6170.07,36520.57,False
ATM020,2024-05-22,98,69.74,6854.34,73145.66,True
ATM020,2024-05-23,107,73.36,7866.09,65279.58,False
ATM020,2024-05-24,132,71.84,9468.66,55810.92,False
ATM020,2024-05-25,133,72.93,9722.91,46088.01,False
ATM020,2024-05-26,97,75.12,7318.63,38769.38,False
ATM020,2024-05-27,96,72.71,6963.11,73036.89,True
ATM020,2024-05-28,107,69.08,7411.1,65625.8,False
ATM020,2024-05-29,100,68.24,6838.2,58787.6,False
ATM020,2024-05-30,118,69.11,8166.06,50621.54,False
ATM020,2024-05-31,141,71.13,10000.38,40621.16,False
ATM020,2024-06-01,157,69.31,10886.61,69113.39,True
ATM020,2024-06-02,124,68.65,8507.27,60606.12,False
ATM020,2024-06-03,94,73.22,6913.67,53692.45,False
ATM020,2024-06-04,98,69.24,6771.96,46920.48,False
ATM020,2024-06-05,98,70.95,6927.15,39993.34,False
ATM020,2024-06-06,101,70.9,7188.63,72811.37,True
ATM020,2024-06-07,163,66.24,10781.79,62029.58,False
ATM020,2024-06-08,180,73.07,13143.58,48886.0,False
ATM020,2024-06-09,118,67.64,7983.56,40902.44,False
ATM020,2024-06-10,109,67.01,7270.85,33631.59,False
ATM020,2024-06-11,110,69.02,7557.85,72442.15,True
ATM020,2024-06-12,115,68.27,7855.65,64586.49,False
ATM020,2024-06-13,106,72.66,7667.7,56918.8,False
ATM020,2024-06-14,147,70.57,10353.5,46565.29,False
ATM020,2024-06-15,182,68.83,12513.67,34051.62,False
ATM020,2024-06-16,115,66.94,7729.95,72270.05,True
ATM020,2024-06-17,105,70.82,7453.99,64816.06,False
ATM020,2024-06-18,107,69.42,7399.44,57416.62,False
ATM020,2024-06-19,98,65.06,6344.29,51072.33,False
ATM020,2024-06-20,133,71.11,9446.35,41625.99,False
ATM020,2024-06-21,151,70.59,10692.33,69307.67,True
ATM020,2024-06-22,153,68.33,10487.06,58820.61,False
ATM020,2024-06-23,134,71.38,9539.65,49280.95,False
ATM020,2024-06-24,101,67.42,6783.26,42497.7,False
ATM020,2024-06-25,96,69.34,6625.92,35871.78,False
ATM020,2024-06-26,116,69.6,8094.19,71905.81,True
ATM020,2024-06-27,102,69.88,7110.71,64795.1,False
ATM020,2024-06-28,160,67.31,10788.23,54006.87,False
ATM020,2024-06-29,164,72.54,11923.21,42083.66,False
ATM020,2024-06-30,125,68.33,8526.09,33557.57,False
ATM020,2024-07-01,104,66.52,6895.64,73104.36,True
ATM020,2024-07-02,96,70.65,6805.42,66298.95,False
ATM020,2024-07-03,89,74.07,6585.98,59712.97,False
ATM020,2024-07-04,123,66.24,8168.87,51544.1,False
ATM020,2024-07-05,138,67.93,9354.83,42189.27,False
ATM020,2024-07-06,180,71.87,12941.75,67058.25,True
ATM020,2024-07-07,135,70.02,9460.11,57598.14,False
ATM020,2024-07-08,105,67.38,7051.53,50546.6,False
ATM020,2024-07-09,101,69.59,7039.7,43506.91,False
ATM020,2024-07-10,94,73.4,6898.33,36608.57,False
ATM020,2024-07-11,105,72.8,7660.11,72339.89,True
ATM020,2024-07-12,125,75.65,9476.23,62863.66,False
ATM020,2024-07-13,158,71.49,11293.27,51570.39,False
ATM020,2024-07-14,130,68.96,8971.59,42598.8,False
ATM020,2024-07-15,105,71.83,7577.94,35020.86,False
ATM020,2024-07-16,95,68.53,6534.97,73465.03,True
ATM020,2024-07-17,101,69.76,7034.86,66430.17,False
ATM020,2024-07-18,119,71.48,8519.77,57910.4,False
ATM020,2024-07-19,148,71.27,10538.36,47372.03,False
ATM020,2024-07-20,146,68.71,10044.95,37327.09,False
ATM020,2024-07-21,119,72.34,8615.57,71384.43,True
ATM020,2024-07-22,99,73.06,7256.47,64127.96,False
ATM020,2024-07-23,106,68.97,7299.77,56828.18,False
ATM020,2024-07-24,98,70.86,6944.19,49884.0,False
ATM020,2024-07-25,102,73.22,7489.23,42394.77,False
ATM020,2024-07-26,139,70.66,9799.59,70200.41,True
ATM020,2024-07-27,176,69.34,12204.65,57995.76,False
ATM020,2024-07-28,116,69.84,8131.2,49864.56,False
ATM020,2024-07-29,110,68.95,7574.21,42290.35,False
ATM020,2024-07-30,88,72.42,6374.23,35916.12,False
ATM020,2024-07-31,100,72.12,7211.36,72788.64,True
ATM020,2024-08-01,109,74.58,8150.05,64638.59,False
ATM020,2024-08-02,167,68.48,11450.11,53188.48,False
ATM020,2024-08-03,174,68.83,11980.19,41208.29,False
ATM020,2024-08-04,122,67.03,8179.53,33028.75,False
ATM020,2024-08-05,99,71.14,7013.81,72986.19,True
ATM020,2024-08-06,101,67.69,6837.8,66148.39,False
ATM020,2024-08-07,85,74.43,6303.44,59844.95,False
ATM020,2024-08-08,116,68.27,7906.08,51938.87,False
ATM020,2024-08-09,147,74.6,10938.37,41000.5,False
ATM020,2024-08-10,189,64.15,12106.81,67893.19,True
ATM020,2024-08-11,154,66.12,10166.36,57726.83,False
ATM020,2024-08-12,104,67.62,7053.25,50673.58,False
ATM020,2024-08-13,92,70.6,6522.69,44150.88,False
ATM020,2024-08-14,87,69.81,6066.22,38084.67,False
ATM020,2024-08-15,123,68.23,8374.44,71625.56,True
ATM020,2024-08-16,138,69.71,9608.34,62017.22,False
ATM020,2024-08-17,165,68.75,11320.91,50696.3,False
ATM020,2024-08-18,109,71.09,7769.76,42926.54,False
ATM020,2024-08-19,110,67.76,7460.17,35466.37,False
ATM020,2024-08-20,92,70.29,6437.75,73562.25,True
ATM020,2024-08-21,93,70.38,6554.55,67007.7,False
ATM020,2024-08-22,123,69.87,8564.57,58443.13,False
ATM020,2024-08-23,137,70.82,9727.9,48715.23,False
ATM020,2024-08-24,164,69.68,11448.97,37266.26,False
ATM020,2024-08-25,122,71.45,8729.4,71270.6,True
ATM020,2024-08-26,103,69.87,7173.51,64097.09,False
ATM020,2024-08-27,109,72.52,7937.0,56160.09,False
ATM020,2024-08-28,106,70.28,7433.93,48726.16,False
ATM020,2024-08-29,100,72.37,7202.79,41523.37,False
ATM020,2024-08-30,156,68.79,10697.95,69302.05,True
ATM020,2024-08-31,168,67.97,11396.61,57905.44,False
ATM020,2024-09-01,127,71.43,9092.38,48813.06,False
ATM020,2024-09-02,104,69.91,7247.26,41565.79,False
ATM020,2024-09-03,100,65.53,6549.84,35015.95,False
ATM020,2024-09-04,93,68.44,6352.2,73647.8,True
ATM020,2024-09-05,103,70.61,7259.88,66387.92,False
ATM020,2024-09-06,161,69.73,11209.44,55178.48,False
ATM020,2024-09-07,187,68.36,12793.79,42384.69,False
ATM020,2024-09-08,120,69.89,8364.0,34020.69,False
ATM020,2024-09-09,110,70.22,7724.23,72275.77,True
ATM020,2024-09-10,104,66.52,6934.0,65341.76,False
ATM020,2024-09-11,91,72.3,6584.47,58757.3,False
ATM020,2024-09-12,92,72.82,6683.2,52074.1,False
ATM020,2024-09-13,160,68.43,10967.41,41106.69,False
ATM020,2024-09-14,148,73.98,10936.35,69063.65,True
ATM020,2024-09-15,134,69.75,9320.56,59743.09,False
ATM020,2024-09-16,105,68.64,7223.44,52519.65,False
ATM020,2024-09-17,101,68.58,6934.59,45585.06,False
ATM020,2024-09-18,94,73.8,6974.14,38610.92,False
ATM020,2024-09-19,113,67.8,7676.61,72323.39,True
ATM020,2024-09-20,137,70.27,9624.44,62698.95,False
ATM020,2024-09-21,156,70.52,10990.96,51708.0,False
ATM020,2024-09-22,106,71.45,7538.77,44169.23,False
ATM020,2024-09-23,95,70.1,6643.89,37525.33,False
ATM020,2024-09-24,91,73.61,6708.71,73291.29,True
ATM020,2024-09-25,96,74.09,7097.28,66194.02,False
ATM020,2024-09-26,110,72.99,8037.54,58156.48,False
ATM020,2024-09-27,148,70.73,10436.78,47719.7,False
ATM020,2024-09-28,176,71.9,12624.52,35095.19,False
ATM020,2024-09-29,126,69.31,8763.48,71236.52,True
ATM020,2024-09-30,98,72.39,7076.61,64159.9,False
ATM020,2024-10-01,110,68.75,7548.14,56611.76,False
ATM020,2024-10-02,98,68.1,6656.83,49954.93,False
ATM020,2024-10-03,120,68.05,8190.29,41764.64,False
ATM020,2024-10-04,158,71.15,11214.23,68785.77,True
ATM020,2024-10-05,152,73.28,11158.25,57627.51,False
ATM020,2024-10-06,104,73.49,7622.21,50005.31,False
ATM020,2024-10-07,111,65.65,7317.23,42688.08,False
ATM020,2024-10-08,107,72.04,7679.23,35008.85,False
ATM020,2024-10-09,100,67.97,6805.51,73194.49,True
ATM020,2024-10-10,92,75.07,6924.29,66270.2,False
ATM020,2024-10-11,147,67.35,9927.56,56342.64,False
ATM020,2024-10-12,177,66.56,11811.69,44530.95,False
ATM020,2024-10-13,109,72.09,7883.06,36647.89,False
ATM020,2024-10-14,107,69.19,7392.04,72607.96,True
ATM020,2024-10-15,100,69.07,6878.28,65729.67,False
ATM020,2024-10-16,102,68.4,6982.22,58747.45,False
ATM020,2024-10-17,108,68.72,7420.55,51326.9,False
ATM020,2024-10-18,139,72.19,10065.78,41261.12,False
ATM020,2024-10-19,180,68.04,12234.31,67765.69,True
ATM020,2024-10-20,111,69.67,7766.48,59999.22,False
ATM020,2024-10-21,123,67.84,8320.98,51678.24,False
ATM020,2024-10-22,97,70.19,6792.38,44885.86,False
ATM020,2024-10-23,101,69.04,6959.46,37926.4,False
ATM020,2024-10-24,118,70.95,8378.98,71621.02,True
ATM020,2024-10-25,158,71.24,11236.39,60384.63,False
ATM020,2024-10-26,168,73.33,12340.82,48043.81,False
ATM020,2024-10-27,124,74.88,9268.27,38775.54,False
ATM020,2024-10-28,114,68.59,7792.2,30983.34,False
ATM020,2024-10-29,102,71.49,7289.24,72710.76,True
ATM020,2024-10-30,118,67.97,8021.52,64689.24,False
ATM020,2024-10-31,117,68.57,8035.97,56653.28,False
ATM020,2024-11-01,186,69.55,12953.22,43700.06,False
ATM020,2024-11-02,211,67.04,14145.73,29554.33,False
ATM020,2024-11-03,150,70.43,10532.48,69467.52,True
ATM020,2024-11-04,115,74.1,8534.16,60933.35,False
ATM020,2024-11-05,112,70.72,7891.83,53041.52,False
ATM020,2024-11-06,118,70.42,8333.14,44708.38,False
ATM020,2024-11-07,152,70.13,10653.74,34054.64,False
ATM020,2024-11-08,162,73.93,12010.2,67989.8,True
ATM020,2024-11-09,201,66.63,13387.37,54602.43,False
ATM020,2024-11-10,140,67.38,9460.07,45142.36,False
ATM020,2024-11-11,108,69.24,7444.13,37698.22,False
ATM020,2024-11-12,111,72.48,8066.24,29631.99,False
ATM020,2024-11-13,121,71.23,8647.58,71352.42,True
ATM020,2024-11-14,119,71.86,8566.51,62785.91,False
ATM020,2024-11-15,194,70.83,13774.96,49010.95,False
ATM020,2024-11-16,209,67.34,14089.45,34921.5,False
ATM020,2024-11-17,145,73.74,10726.84,24194.66,False
ATM020,2024-11-18,126,68.75,8636.79,71363.21,True
ATM020,2024-11-19,116,69.12,8014.58,63348.63,False
ATM020,2024-11-20,113,71.36,8068.68,55279.95,False
ATM020,2024-11-21,129,72.11,9299.38,45980.58,False
ATM020,2024-11-22,188,68.19,12825.42,33155.15,False
ATM020,2024-11-23,192,68.82,13207.72,66792.28,True
ATM020,2024-11-24,133,73.77,9834.39,56957.89,False
ATM020,2024-11-25,135,71.76,9681.99,47275.9,False
ATM020,2024-11-26,122,67.14,8173.65,39102.25,False
ATM020,2024-11-27,123,68.34,8403.28,30698.97,False
ATM020,2024-11-28,153,66.63,10221.79,69778.21,True
ATM020,2024-11-29,188,68.16,12837.62,56940.59,False
ATM020,2024-11-30,191,71.4,13669.73,43270.86,False
ATM020,2024-12-01,153,69.87,10702.49,32568.37,False
ATM020,2024-12-02,130,68.61,8905.86,23662.51,False
ATM020,2024-12-03,114,72.1,8246.51,71753.49,True
ATM020,2024-12-04,123,68.89,8469.47,63284.02,False
ATM020,2024-12-05,124,72.13,8942.83,54341.19,False
ATM020,2024-12-06,170,68.02,11577.19,42764.0,False
ATM020,2024-12-07,207,69.08,14267.17,28496.83,False
ATM020,2024-12-08,124,72.84,9000.0,71000.0,True
ATM020,2024-12-09,112,69.58,7818.18,63181.82,False
ATM020,2024-12-10,112,69.37,7761.97,55419.86,False
ATM020,2024-12-11,109,71.5,7777.99,47641.87,False
ATM020,2024-12-12,128,72.07,9190.25,38451.62,False
ATM020,2024-12-13,161,74.48,11975.04,68024.96,True
ATM020,2024-12-14,180,66.67,11971.45,56053.51,False
ATM020,2024-12-15,159,71.0,11264.48,44789.03,False
ATM020,2024-12-16,122,70.91,8647.94,36141.09,False
ATM020,2024-12-17,119,70.63,8436.66,27704.43,False
ATM020,2024-12-18,108,71.72,7733.86,72266.14,True
ATM020,2024-12-19,131,73.0,9550.87,62715.27,False
ATM020,2024-12-20,200,70.69,14139.37,48575.9,False
ATM020,2024-12-21,170,73.72,12552.52,36023.38,False
ATM020,2024-12-22,131,70.71,9278.2,26745.17,False
ATM020,2024-12-23,120,69.1,8293.34,71706.66,True
ATM020,2024-12-24,121,70.51,8551.47,63155.19,False
ATM020,2024-12-25,126,68.29,8577.55,54577.64,False
ATM020,2024-12-26,132,68.38,9008.78,45568.86,False
ATM020,2024-12-27,177,69.75,12323.78,33245.08,False
ATM020,2024-12-28,224,69.46,15563.86,64436.14,True
ATM020,2024-12-29,118,72.93,8586.12,55850.03,False
ATM020,2024-12-30,125,69.72,8713.49,47136.54,False
ATM020,2024-12-31,116,68.01,7861.65,39274.88,False
ATM021,2024-01-01,100,70.69,7059.32,72940.68,False
ATM021,2024-01-02,118,70.33,8327.82,64612.86,False
ATM021,2024-01-03,108,67.92,7335.15,57277.71,False
ATM021,2024-01-04,110,73.2,8074.74,49202.98,False
ATM021,2024-01-05,177,66.47,11740.18,68259.82,True
ATM021,2024-01-06,189,70.3,13267.36,54992.46,False
ATM021,2024-01-07,134,67.86,9116.48,45875.98,False
ATM021,2024-01-08,102,72.28,7400.29,38475.69,False
ATM021,2024-01-09,110,71.01,7787.31,30688.38,False
ATM021,2024-01-10,112,70.69,7948.01,22740.37,False
ATM021,2024-01-11,120,69.57,8332.51,71667.49,True
ATM021,2024-01-12,175,72.97,12801.69,58865.79,False
ATM021,2024-01-13,170,69.56,11856.44,47009.35,False
ATM021,2024-01-14,135,73.95,9976.74,37032.62,False
ATM021,2024-01-15,132,68.33,9031.59,28001.02,False
ATM021,2024-01-16,119,70.12,8368.07,19632.96,False
ATM021,2024-01-17,117,71.66,8405.6,71594.4,True
ATM021,2024-01-18,111,71.15,7881.16,63713.24,False
ATM021,2024-01-19,181,69.96,12659.81,51053.43,False
ATM021,2024-01-20,190,66.7,12694.59,38358.84,False
ATM021,2024-01-21,140,70.44,9868.61,28490.23,False
ATM021,2024-01-22,108,69.32,7474.06,21016.17,False
ATM021,2024-01-23,112,68.83,7736.77,72263.23,True
ATM021,2024-01-24,118,66.33,7814.46,64448.76,False
ATM021,2024-01-25,135,70.03,9463.21,54985.55,False
ATM021,2024-01-26,169,64.83,10925.28,44060.27,False
ATM021,2024-01-27,195,71.17,13880.11,30180.16,False
ATM021,2024-01-28,133,71.81,9547.26,20632.9,False
ATM021,2024-01-29,120,70.41,8467.66,71532.34,True
ATM021,2024-01-30,109,69.12,7518.56,64013.78,False
ATM021,2024-01-31,110,72.93,8046.64,55967.14,False
ATM021,2024-02-01,97,73.1,7123.7,48843.43,False
ATM021,2024-02-02,143,70.8,10092.91,38750.53,False
ATM021,2024-02-03,173,73.47,12736.27,26014.26,False
ATM021,2024-02-04,129,68.33,8817.05,71182.95,True
ATM021,2024-02-05,111,69.83,7745.58,63437.37,False
ATM021,2024-02-06,96,65.47,6277.2,57160.17,False
ATM021,2024-02-07,98,67.72,6661.25,50498.92,False
ATM021,2024-02-08,109,67.56,7383.21,43115.7,False
ATM021,2024-02-09,157,71.16,11151.24,31964.46,False
ATM021,2024-02-10,186,67.85,12625.1,67374.9,True
ATM021,2024-02-11,132,66.21,8737.53,58637.37,False
ATM021,2024-02-12,98,68.67,6741.18,51896.19,False
ATM021,2024-02-13,90,68.92,6181.07,45715.12,False
ATM021,2024-02-14,91,67.35,6107.01,39608.11,False
ATM021,2024-02-15,151,70.24,10573.72,29034.39,False
ATM021,2024-02-16,230,70.62,16214.1,63785.9,True
ATM021,2024-02-17,265,66.9,17751.4,46034.5,False
ATM021,2024-02-18,162,71.49,11560.42,34474.09,False
ATM021,2024-02-19,152,68.19,10343.97,69656.03,True
ATM021,2024-02-20,150,68.88,10349.55,59306.48,False
ATM021,2024-02-21,132,71.02,9372.33,49934.14,False
ATM021,2024-02-22,158,68.9,10911.02,69088.98,True
ATM021,2024-02-23,212,67.75,14374.3,54714.68,False
ATM021,2024-02-24,220,72.31,15912.49,38802.2,False
ATM021,2024-02-25,168,72.01,12121.9,67878.1,True
ATM021,2024-02-26,152,68.71,10469.91,57408.2,False
ATM021,2024-02-27,127,68.05,8637.55,48770.65,False
ATM021,2024-02-28,138,68.43,9442.22,70557.78,True
ATM021,2024-02-29,162,72.04,11681.57,58876.2,False
ATM021,2024-03-01,255,68.4,17448.51,41427.7,False
ATM021,2024-03-02,249,73.34,18295.0,61705.0,True
ATM021,2024-03-03,165,70.99,11723.98,49981.02,False
ATM021,2024-03-04,158,69.88,11014.71,38966.31,False
ATM021,2024-03-05,140,68.68,9602.38,70397.62,True
ATM021,2024-03-06,120,70.15,8389.45,62008.17,False
ATM021,2024-03-07,153,67.74,10377.61,51630.56,False
ATM021,2024-03-08,230,66.95,15393.97,64606.03,True
ATM021,2024-03-09,244,71.02,17309.1,47296.93,False
ATM021,2024-03-10,166,69.87,11586.97,35709.96,False
ATM021,2024-03-11,130,71.58,9291.17,70708.83,True
ATM021,2024-03-12,139,70.55,9822.48,60886.34,False
ATM021,2024-03-13,149,68.65,10250.33,50636.01,False
ATM021,2024-03-14,136,72.01,9806.13,70193.87,True
ATM021,2024-03-15,228,68.88,15683.87,54510.0,False
ATM021,2024-03-16,152,72.64,11075.48,43434.52,False
ATM021,2024-03-17,123,68.81,8490.04,71509.96,True
ATM021,2024-03-18,89,67.23,5986.2,65523.76,False
ATM021,2024-03-19,85,73.07,6240.29,59283.47,False
ATM021,2024-03-20,90,68.75,6187.16,53096.31,False
ATM021,2024-03-21,100,68.88,6871.95,46224.36,False
ATM021,2024-03-22,146,67.31,9824.96,36399.4,False
ATM021,2024-03-23,167,69.7,11611.56,68388.44,True
ATM021,2024-03-24,138,67.54,9325.23,59063.2,False
ATM021,2024-03-25,102,72.92,7425.8,51637.4,False
ATM021,2024-03-26,90,69.17,6196.78,45440.62,False
ATM021,2024-03-27,90,68.09,6104.2,39336.42,False
ATM021,2024-03-28,102,70.04,7174.9,32161.53,False
ATM021,2024-03-29,117,74.82,8789.41,71210.59,True
ATM021,2024-03-30,151,70.14,10569.05,60641.54,False
ATM021,2024-03-31,108,69.44,7503.34,53138.2,False
ATM021,2024-04-01,111,69.99,7775.21,45363.0,False
ATM021,2024-04-02,107,71.69,7645.74,37717.26,False
ATM021,2024-04-03,111,71.48,7938.26,29779.0,False
ATM021,2024-04-04,122,70.49,8604.33,71395.67,True
ATM021,2024-04-05,161,72.11,11601.59,59794.08,False
ATM021,2024-04-06,190,69.67,13210.36,46583.72,False
ATM021,2024-04-07,133,69.77,9284.56,37299.16,False
ATM021,2024-04-08,114,69.88,7989.46,29309.71,False
ATM021,2024-04-09,103,71.61,7359.93,21949.77,False
ATM021,2024-04-10,112,73.75,8279.27,71720.73,True
ATM021,2024-04-11,116,71.4,8254.01,63466.73,False
ATM021,2024-04-12,144,71.74,10323.2,53143.53,False
ATM021,2024-04-13,172,67.93,11663.41,41480.11,False
ATM021,2024-04-14,140,68.69,9628.83,31851.28,False
ATM021,2024-04-15,110,68.98,7560.27,24291.01,False
ATM021,2024-04-16,118,68.04,8054.6,71945.4,True
ATM021,2024-04-17,112,69.2,7783.44,64161.96,False
ATM021,2024-04-18,127,71.78,9118.86,55043.1,False
ATM021,2024-04-19,144,72.19,10376.71,44666.39,False
ATM021,2024-04-20,176,70.5,12374.83,32291.56,False
ATM021,2024-04-21,124,70.78,8809.07,23482.48,False
ATM021,2024-04-22,136,70.27,9531.35,70468.65,True
ATM021,2024-04-23,107,69.51,7411.11,63057.54,False
ATM021,2024-04-24,97,73.04,7049.5,56008.04,False
ATM021,2024-04-25,130,67.8,8800.9,47207.14,False
ATM021,2024-04-26,157,70.03,10988.96,36218.18,False
ATM021,2024-04-27,204,67.58,13786.05,22432.12,False
ATM021,2024-04-28,146,69.81,10170.03,69829.97,True
ATM021,2024-04-29,108,69.02,7469.85,62360.13,False
ATM021,2024-04-30,129,67.08,8650.08,53710.05,False
ATM021,2024-05-01,86,72.0,6185.67,47524.38,False
ATM021,2024-05-02,107,68.34,7284.75,40239.63,False
ATM021,2024-05-03,146,72.13,10519.68,29719.95,False
ATM021,2024-05-04,160,68.71,11015.39,68984.61,True
ATM021,2024-05-05,108,70.6,7592.06,61392.55,False
ATM021,2024-05-06,83,72.79,6060.76,55331.79,False
ATM021,2024-05-07,103,69.5,7184.05,48147.74,False
ATM021,2024-05-08,92,72.49,6675.17,41472.57,False
ATM021,2024-05-09,112,73.27,8227.81,33244.76,False
ATM021,2024-05-10,126,69.34,8707.85,71292.15,True
ATM021,2024-05-11,162,68.96,11146.71,60145.44,False
ATM021,2024-05-12,121,73.42,8881.57,51263.88,False
ATM021,2024-05-13,90,69.66,6274.88,44988.99,False
ATM021,2024-05-14,87,69.59,6051.94,38937.05,False
ATM021,2024-05-15,89,72.0,6408.9,32528.15,False
ATM021,2024-05-16,105,64.5,6742.55,73257.45,True
ATM021,2024-05-17,130,67.84,8788.06,64469.39,False
ATM021,2024-05-18,146,70.39,10279.97,54189.41,False
ATM021,2024-05-19,108,67.46,7268.86,46920.56,False
ATM021,2024-05-20,92,67.66,6225.22,40695.34,False
ATM021,2024-05-21,89,68.75,6135.14,34560.19,False
ATM021,2024-05-22,101,67.92,6832.57,73167.43,True
ATM021,2024-05-23,102,68.86,6997.82,66169.6,False
ATM021,2024-05-24,149,69.68,10405.5,55764.11,False
ATM021,2024-05-25,171,67.58,11584.23,44179.87,False
ATM021,2024-05-26,114,68.79,7812.53,36367.34,False
ATM021,2024-05-27,87,69.86,6097.3,30270.04,False
ATM021,2024-05-28,106,68.21,7200.52,72799.48,True
ATM021,2024-05-29,96,67.24,6453.0,66346.48,False
ATM021,2024-05-30,95,68.35,6478.47,59868.0,False
ATM021,2024-05-31,138,69.15,9527.79,50340.21,False
ATM021,2024-06-01,159,66.54,10593.86,39746.35,False
ATM021,2024-06-02,106,71.05,7503.49,32242.86,False
ATM021,2024-06-03,87,69.25,6041.14,73958.86,True
ATM021,2024-06-04,95,68.36,6510.05,67448.81,False
ATM021,2024-06-05,100,66.81,6668.36,60780.45,False
ATM021,2024-06-06,108,70.77,7635.61,53144.84,False
ATM021,2024-06-07,136,72.36,9871.07,43273.77,False
ATM021,2024-06-08,153,68.7,10517.51,32756.25,False
ATM021,2024-06-09,117,73.87,8630.16,71369.84,True
ATM021,2024-06-10,91,69.76,6328.92,65040.93,False
ATM021,2024-06-11,98,69.84,6862.01,58178.91,False
ATM021,2024-06-12,95,71.64,6787.54,51391.37,False
ATM021,2024-06-13,97,70.88,6898.26,44493.11,False
ATM021,2024-06-14,146,67.44,9828.42,34664.68,False
ATM021,2024-06-15,146,68.63,10042.44,69957.56,True
ATM021,2024-06-16,116,72.02,8366.04,61591.51,False
ATM021,2024-06-17,99,70.92,7001.78,54589.74,False
ATM021,2024-06-18,93,70.58,6564.96,48024.78,False
ATM021,2024-06-19,94,71.0,6699.27,41325.51,False
ATM021,2024-06-20,95,68.34,6503.38,34822.13,False
ATM021,2024-06-21,127,72.33,9149.39,70850.61,True
ATM021,2024-06-22,185,65.44,12084.01,58766.6,False
ATM021,2024-06-23,125,70.18,8747.09,50019.5,False
ATM021,2024-06-24,100,71.06,7131.78,42887.72,False
ATM021,2024-06-25,100,70.44,7054.57,35833.15,False
ATM021,2024-06-26,85,69.78,5918.16,29914.99,False
ATM021,2024-06-27,107,69.55,7438.93,72561.07,True
ATM021,2024-06-28,147,69.86,10295.98,62265.09,False
ATM021,2024-06-29,152,67.72,10323.37,51941.72,False
ATM021,2024-06-30,108,70.43,7627.48,44314.24,False
ATM021,2024-07-01,85,68.36,5792.2,38522.04,False
ATM021,2024-07-02,81,68.7,5546.01,32976.02,False
ATM021,2024-07-03,105,67.51,7080.04,72919.96,True
ATM021,2024-07-04,99,75.98,7537.21,65382.75,False
ATM021,2024-07-05,155,70.28,10885.81,54496.94,False
ATM021,2024-07-06,170,67.12,11429.37,43067.57,False
ATM021,2024-07-07,100,70.06,7021.98,36045.59,False
ATM021,2024-07-08,94,72.3,6831.69,29213.89,False
ATM021,2024-07-09,87,70.41,6129.02,73870.98,True
ATM021,2024-07-10,94,69.72,6583.75,67287.23,False
ATM021,2024-07-11,105,68.21,7138.89,60148.33,False
ATM021,2024-07-12,142,70.41,10027.1,50121.23,False
ATM021,2024-07-13,146,71.4,10436.35,39684.88,False
ATM021,2024-07-14,118,71.42,8424.4,31260.47,False
ATM021,2024-07-15,88,70.21,6176.17,73823.83,True
ATM021,2024-07-16,85,70.2,5983.75,67840.07,False
ATM021,2024-07-17,84,72.68,6110.08,61729.99,False
ATM021,2024-07-18,105,72.42,7579.63,54150.37,False
ATM021,2024-07-19,152,69.43,10583.89,43566.48,False
ATM021,2024-07-20,142,73.66,10446.88,33119.6,False
ATM021,2024-07-21,115,67.16,7749.48,72250.52,True
ATM021,2024-07-22,101,70.3,7129.15,65121.36,False
ATM021,2024-07-23,101,70.51,7087.01,58034.35,False
ATM021,2024-07-24,89,73.2,6501.72,51532.62,False
ATM021,2024-07-25,94,68.77,6442.64,45089.98,False
ATM021,2024-07-26,141,65.39,9240.51,35849.48,False
ATM021,2024-07-27,166,68.83,11441.17,68558.83,True
ATM021,2024-07-28,118,70.82,8352.49,60206.33,False
ATM021,2024-07-29,100,69.04,6932.15,53274.18,False
ATM021,2024-07-30,86,70.19,6045.72,47228.46,False
ATM021,2024-07-31,99,69.89,6943.52,40284.94,False
ATM021,2024-08-01,101,67.48,6831.17,33453.77,False
ATM021,2024-08-02,145,68.84,9974.22,70025.78,True
ATM021,2024-08-03,154,69.5,10708.89,59316.89,False
ATM021,2024-08-04,108,70.62,7599.44,51717.45,False
ATM021,2024-08-05,93,74.13,6906.65,44810.8,False
ATM021,2024-08-06,92,73.35,6725.5,38085.3,False
ATM021,2024-08-07,92,66.64,6148.24,31937.07,False
ATM021,2024-08-08,100,71.8,7167.96,72832.04,True
ATM021,2024-08-09,142,72.54,10327.33,62504.71,False
ATM021,2024-08-10,124,72.63,9011.83,53492.89,False
ATM021,2024-08-11,120,66.76,8025.84,45467.04,False
ATM021,2024-08-12,99,70.36,6988.86,38478.18,False
ATM021,2024-08-13,91,72.1,6550.45,31927.73,False
ATM021,2024-08-14,100,66.91,6709.92,73290.08,True
ATM021,2024-08-15,107,66.6,7103.72,66186.36,False
ATM021,2024-08-16,141,72.94,10289.73,55896.63,False
ATM021,2024-08-17,144,68.59,9866.99,46029.64,False
ATM021,2024-08-18,107,69.05,7370.01,38659.63,False
ATM021,2024-08-19,99,69.07,6838.3,31821.33,False
ATM021,2024-08-20,92,72.24,6676.04,73323.96,True
ATM021,2024-08-21,104,67.65,7032.84,66291.12,False
ATM021,2024-08-22,108,73.08,7906.19,58384.93,False
ATM021,2024-08-23,157,69.67,10961.62,47423.31,False
ATM021,2024-08-24,150,67.93,10211.02,37212.3,False
ATM021,2024-08-25,104,70.02,7257.68,29954.62,False
ATM021,2024-08-26,97,72.74,7049.94,72950.06,True
ATM021,2024-08-27,88,69.92,6164.82,66785.24,False
ATM021,2024-08-28,94,68.67,6463.52,60321.71,False
ATM021,2024-08-29,107,70.76,7554.43,52767.29,False
ATM021,2024-08-30,140,70.75,9930.79,42836.5,False
ATM021,2024-08-31,158,71.27,11236.62,31599.89,False
ATM021,2024-09-01,103,71.88,7392.68,72607.32,True
ATM021,2024-09-02,98,69.09,6763.53,65843.79,False
ATM021,2024-09-03,92,70.72,6483.39,59360.39,False
ATM021,2024-09-04,104,67.8,7023.01,52337.38,False
ATM021,2024-09-05,112,70.05,7872.53,44464.85,False
ATM021,2024-09-06,138,68.87,9490.41,34974.44,False
ATM021,2024-09-07,151,66.34,10034.21,69965.79,True
ATM021,2024-09-08,111,74.16,8220.27,61745.52,False
ATM021,2024-09-09,87,68.0,5932.45,55813.07,False
ATM021,2024-09-10,96,69.9,6722.49,49090.58,False
ATM021,2024-09-11,99,69.79,6902.45,42188.13,False
ATM021,2024-09-12,99,69.53,6889.42,35298.71,False
ATM021,2024-09-13,123,67.6,8322.53,71677.47,True
ATM021,2024-09-14,159,72.5,11501.48,60175.99,False
ATM021,2024-09-15,122,70.93,8650.49,51525.5,False
ATM021,2024-09-16,83,68.67,5673.15,45852.35,False
ATM021,2024-09-17,95,73.41,6997.65,38854.7,False
ATM021,2024-09-18,103,69.5,7162.45,31692.25,False
ATM021,2024-09-19,94,69.91,6548.07,73451.93,True
ATM021,2024-09-20,134,73.29,9842.88,63609.04,False
ATM021,2024-09-21,156,70.04,10935.8,52673.25,False
ATM021,2024-09-22,111,70.84,7880.01,44793.24,False
ATM021,2024-09-23,101,68.48,6941.52,37851.72,False
ATM021,2024-09-24,81,72.88,5922.83,31928.89,False
ATM021,2024-09-25,79,73.44,5804.27,74195.73,True
ATM021,2024-09-26,91,68.77,6276.95,67918.78,False
ATM021,2024-09-27,150,70.0,10524.88,57393.9,False
ATM021,2024-09-28,138,70.9,9815.3,47578.6,False
ATM021,2024-09-29,113,69.55,7876.43,39702.17,False
ATM021,2024-09-30,91,69.93,6359.79,33342.38,False
ATM021,2024-10-01,82,75.11,6123.38,73876.62,True
ATM021,2024-10-02,92,69.22,6402.36,67474.27,False
ATM021,2024-10-03,94,73.73,6908.25,60566.02,False
ATM021,2024-10-04,124,70.75,8766.85,51799.17,False
ATM021,2024-10-05,158,67.01,10584.03,41215.14,False
ATM021,2024-10-06,105,70.67,7402.73,33812.41,False
ATM021,2024-10-07,89,70.55,6253.63,73746.37,True
ATM021,2024-10-08,102,70.36,7198.62,66547.75,False
ATM021,2024-10-09,86,68.22,5880.97,60666.78,False
ATM021,2024-10-10,102,69.26,7033.28,53633.51,False
ATM021,2024-10-11,141,70.66,9937.87,43695.63,False
ATM021,2024-10-12,174,69.99,12148.83,31546.8,False
ATM021,2024-10-13,100,72.42,7232.11,72767.89,True
ATM021,2024-10-14,103,70.49,7257.84,65510.05,False
ATM021,2024-10-15,88,71.31,6268.9,59241.16,False
ATM021,2024-10-16,98,65.68,6415.34,52825.82,False
ATM021,2024-10-17,104,71.87,7463.87,45361.95,False
ATM021,2024-10-18,159,68.47,10876.32,34485.62,False
ATM021,2024-10-19,155,70.52,10934.55,69065.45,True
ATM021,2024-10-20,112,70.24,7886.57,61178.88,False
ATM021,2024-10-21,95,70.44,6661.0,54517.88,False
ATM021,2024-10-22,93,72.56,6717.36,47800.51,False
ATM021,2024-10-23,89,69.64,6175.09,41625.42,False
ATM021,2024-10-24,101,68.81,6966.05,34659.37,False
ATM021,2024-10-25,125,70.05,8781.0,71219.0,True
ATM021,2024-10-26,160,69.67,11130.05,60088.95,False
ATM021,2024-10-27,111,70.88,7834.66,52254.29,False
ATM021,2024-10-28,106,69.12,7333.47,44920.83,False
ATM021,2024-10-29,84,69.81,5875.76,39045.07,False
ATM021,2024-10-30,110,67.56,7428.45,31616.62,False
ATM021,2024-10-31,104,72.43,7509.29,72490.71,True
ATM021,2024-11-01,139,70.86,9831.97,62658.74,False
ATM021,2024-11-02,191,69.44,13248.04,49410.71,False
ATM021,2024-11-03,129,68.76,8841.43,40569.28,False
ATM021,2024-11-04,110,69.37,7661.32,32907.96,False
ATM021,2024-11-05,105,69.28,7271.83,25636.13,False
ATM021,2024-11-06,124,67.45,8350.63,71649.37,True
ATM021,2024-11-07,103,72.53,7491.07,64158.3,False
ATM021,2024-11-08,165,69.18,11447.66,52710.64,False
ATM021,2024-11-09,179,70.44,12601.62,40109.02,False
ATM021,2024-11-10,125,71.06,8917.5,31191.52,False
ATM021,2024-11-11,106,69.37,7328.9,23862.62,False
ATM021,2024-11-12,89,72.46,6445.19,73554.81,True
ATM021,2024-11-13,106,71.41,7588.66,65966.15,False
ATM021,2024-11-14,123,71.15,8753.96,57212.19,False
ATM021,2024-11-15,164,70.82,11596.26,45615.94,False
ATM021,2024-11-16,176,67.54,11873.64,33742.3,False
ATM021,2024-11-17,134,68.57,9185.46,24556.84,False
ATM021,2024-11-18,122,70.79,8662.18,71337.82,True
ATM021,2024-11-19,103,69.43,7157.84,64179.97,False
ATM021,2024-11-20,111,69.86,7754.65,56425.32,False
ATM021,2024-11-21,123,70.14,8629.34,47795.99,False
ATM021,2024-11-22,161,65.48,10526.34,37269.65,False
ATM021,2024-11-23,174,71.18,12372.27,24897.37,False
ATM021,2024-11-24,124,72.6,9019.0,70981.0,True
ATM021,2024-11-25,107,72.85,7813.89,63167.12,False
ATM021,2024-11-26,113,72.21,8157.97,55009.14,False
ATM021,2024-11-27,101,70.04,7062.05,47947.09,False
ATM021,2024-11-28,131,70.57,9223.36,38723.73,False
ATM021,2024-11-29,180,67.09,12061.66,26662.07,False
ATM021,2024-11-30,213,68.34,14525.79,65474.21,True
ATM021,2024-12-01,116,69.26,8045.31,57428.9,False
ATM021,2024-12-02,98,67.72,6605.22,50823.68,False
ATM021,2024-12-03,130,69.2,9002.1,41821.57,False
ATM021,2024-12-04,99,70.05,6952.05,34869.52,False
ATM021,2024-12-05,111,71.82,7951.01,26918.51,False
ATM021,2024-12-06,154,70.57,10902.13,69097.87,True
ATM021,2024-12-07,155,75.46,11720.23,57377.64,False
ATM021,2024-12-08,137,69.69,9582.63,47795.0,False
ATM021,2024-12-09,112,68.84,7680.44,40114.56,False
ATM021,2024-12-10,104,68.34,7135.62,32978.94,False
ATM021,2024-12-11,126,68.84,8640.54,24338.4,False
ATM021,2024-12-12,108,67.55,7294.25,72705.75,True
ATM021,2024-12-13,178,69.47,12381.05,60324.7,False
ATM021,2024-12-14,174,72.46,12581.47,47743.23,False
ATM021,2024-12-15,123,71.33,8760.89,38982.34,False
ATM021,2024-12-16,105,71.21,7481.5,31500.85,False
ATM021,2024-12-17,105,69.49,7322.73,24178.12,False
ATM021,2024-12-18,114,71.57,8136.75,71863.25,True
ATM021,2024-12-19,121,69.01,8369.26,63493.99,False
ATM021,2024-12-20,182,71.24,12976.85,50517.14,False
ATM021,2024-12-21,180,68.63,12357.1,38160.04,False
ATM021,2024-12-22,141,70.24,9938.75,28221.28,False
ATM021,2024-12-23,110,70.24,7750.33,20470.95,False
ATM021,2024-12-24,110,69.88,7706.07,72293.93,True
ATM021,2024-12-25,115,72.64,8358.17,63935.76,False
ATM021,2024-12-26,121,72.89,8787.92,55147.84,False
ATM021,2024-12-27,162,71.45,11609.47,43538.37,False
ATM021,2024-12-28,189,72.14,13625.22,29913.15,False
ATM021,2024-12-29,138,71.33,9863.28,20049.87,False
ATM021,2024-12-30,131,68.87,8990.63,71009.37,True
ATM021,2024-12-31,107,69.55,7444.66,63564.71,False
ATM022,2024-01-01,191,87.23,16700.67,103299.33,False
ATM022,2024-01-02,171,86.16,14735.71,88563.62,False
ATM022,2024-01-03,177,87.88,15525.07,104474.93,True
ATM022,2024-01-04,167,90.52,15129.59,89345.35,False
ATM022,2024-01-05,242,88.45,21374.51,67970.83,False
ATM022,2024-01-06,270,92.16,24869.94,43100.89,False
ATM022,2024-01-07,194,87.32,16902.05,103097.95,True
ATM022,2024-01-08,166,91.46,15193.27,87904.68,False
ATM022,2024-01-09,185,87.11,16131.59,71773.09,False
ATM022,2024-01-10,156,93.17,14537.74,57235.35,False
ATM022,2024-01-11,215,87.32,18808.07,101191.93,True
ATM022,2024-01-12,234,91.03,21317.62,79874.31,False
ATM022,2024-01-13,268,87.95,23598.72,56275.59,False
ATM022,2024-01-14,193,94.18,18207.54,38068.04,False
ATM022,2024-01-15,147,94.05,13839.75,106160.25,True
ATM022,2024-01-16,154,90.93,13987.34,92172.91,False
ATM022,2024-01-17,183,90.88,16615.99,75556.92,False
ATM022,2024-01-18,175,91.94,16044.16,59512.76,False
ATM022,2024-01-19,243,91.41,22178.62,97821.38,True
ATM022,2024-01-20,262,92.33,24223.11,73598.27,False
ATM022,2024-01-21,186,87.26,16234.31,57363.96,False
ATM022,2024-01-22,153,89.85,13743.74,43620.22,False
ATM022,2024-01-23,148,88.13,13083.07,106916.93,True
ATM022,2024-01-24,146,94.0,13756.07,93160.86,False
ATM022,2024-01-25,177,86.53,15284.24,77876.63,False
ATM022,2024-01-26,242,94.55,22842.76,55033.86,False
ATM022,2024-01-27,271,89.9,24373.83,95626.17,True
ATM022,2024-01-28,212,92.37,19591.11,76035.06,False
ATM022,2024-01-29,177,88.43,15626.8,60408.26,False
ATM022,2024-01-30,174,86.33,15033.84,45374.42,False
ATM022,2024-01-31,152,93.86,14229.94,105770.06,True
ATM022,2024-02-01,164,91.18,14954.13,90815.93,False
ATM022,2024-02-02,188,86.74,16344.22,74471.71,False
ATM022,2024-02-03,218,89.54,19526.06,54945.64,False
ATM022,2024-02-04,153,89.33,13665.48,106334.52,True
ATM022,2024-02-05,157,91.08,14304.84,92029.69,False
ATM022,2024-02-06,141,87.25,12321.96,79707.73,False
ATM022,2024-02-07,127,86.68,11044.75,68662.98,False
ATM022,2024-02-08,135,90.2,12137.39,107862.61,True
ATM022,2024-02-09,220,87.39,19217.11,88645.5,False
ATM022,2024-02-10,220,93.97,20690.35,67955.15,False
ATM022,2024-02-11,186,92.08,17106.19,50848.96,False
ATM022,2024-02-12,136,91.99,12486.5,107513.5,True
ATM022,2024-02-13,158,84.58,13338.99,94174.5,False
ATM022,2024-02-14,155,88.53,13741.62,80432.89,False
ATM022,2024-02-15,224,89.04,19987.58,60445.31,False
ATM022,2024-02-16,334,87.0,29079.84,90920.16,True
ATM022,2024-02-17,334,91.42,30510.98,60409.18,False
ATM022,2024-02-18,253,91.03,23021.11,96978.89,True
ATM022,2024-02-19,204,91.87,18782.39,78196.5,False
ATM022,2024-02-20,214,92.69,19860.33,100139.67,True
ATM022,2024-02-21,210,92.54,19401.05,80738.61,False
ATM022,2024-02-22,227,97.23,22054.85,97945.15,True
ATM022,2024-02-23,345,89.76,30966.44,66978.71,False
ATM022,2024-02-24,327,89.29,29201.09,90798.91,True
ATM022,2024-02-25,242,91.38,22151.09,68647.82,False
ATM022,2024-02-26,196,93.22,18294.11,101705.89,True
ATM022,2024-02-27,196,85.59,16735.06,84970.83,False
ATM022,2024-02-28,213,87.73,18651.68,101348.32,True
ATM022,2024-02-29,215,88.28,19000.82,82347.5,False
ATM022,2024-03-01,299,90.03,26959.49,93040.51,True
ATM022,2024-03-02,337,88.54,29802.45,63238.06,False
ATM022,2024-03-03,244,92.74,22663.85,97336.15,True
ATM022,2024-03-04,236,90.4,21296.64,76039.51,False
ATM022,2024-03-05,209,89.51,18738.18,101261.82,True
ATM022,2024-03-06,214,91.05,19474.03,81787.78,False
ATM022,2024-03-07,268,84.9,22768.27,97231.73,True
ATM022,2024-03-08,308,90.92,27972.57,69259.16,False
ATM022,2024-03-09,355,87.46,31068.16,88931.84,True
ATM022,2024-03-10,225,92.18,20700.46,68231.37,False
ATM022,2024-03-11,214,85.26,18221.69,101778.31,True
ATM022,2024-03-12,215,91.24,19584.44,82193.87,False
ATM022,2024-03-13,213,87.53,18676.82,101323.18,True
ATM022,2024-03-14,221,93.28,20586.13,80737.05,False
ATM022,2024-03-15,296,85.78,25396.48,94603.52,True
ATM022,2024-03-16,218,89.93,19596.86,75006.66,False
ATM022,2024-03-17,157,91.74,14406.23,60600.43,False
ATM022,2024-03-18,150,90.75,13641.35,46959.08,False
ATM022,2024-03-19,139,90.73,12620.16,107379.84,True
ATM022,2024-03-20,143,86.51,12395.7,94984.14,False
ATM022,2024-03-21,147,86.35,12703.64,82280.5,False
ATM022,2024-03-22,204,90.63,18514.12,63766.38,False
ATM022,2024-03-23,205,90.2,18501.74,101498.26,True
ATM022,2024-03-24,161,87.11,14029.14,87469.12,False
ATM022,2024-03-25,139,86.97,12098.88,75370.25,False
ATM022,2024-03-26,141,89.55,12661.06,62709.19,False
ATM022,2024-03-27,148,88.8,13114.9,106885.1,True
ATM022,2024-03-28,140,95.06,13269.26,93615.84,False
ATM022,2024-03-29,179,93.47,16698.43,76917.41,False
ATM022,2024-03-30,250,92.07,22991.62,53925.79,False
ATM022,2024-03-31,155,93.85,14574.43,105425.57,True
ATM022,2024-04-01,168,88.09,14830.49,90595.08,False
ATM022,2024-04-02,160,88.46,14171.14,76423.94,False
ATM022,2024-04-03,150,93.0,13911.87,62512.07,False
ATM022,2024-04-04,173,89.92,15518.43,104481.57,True
ATM022,2024-04-05,225,90.08,20291.19,84190.39,False
ATM022,2024-04-06,261,86.81,22662.69,61527.7,False
ATM022,2024-04-07,191,92.85,17762.2,43765.5,False
ATM022,2024-04-08,171,91.37,15643.22,104356.78,True
ATM022,2024-04-09,162,89.09,14429.75,89927.03,False
ATM022,2024-04-10,178,88.48,15711.39,74215.64,False
ATM022,2024-04-11,186,93.34,17367.14,56848.5,False
ATM022,2024-04-12,240,88.12,21165.1,98834.9,True
ATM022,2024-04-13,275,86.04,23651.72,75183.18,False
ATM022,2024-04-14,185,93.51,17320.05,57863.13,False
ATM022,2024-04-15,151,93.58,14097.79,43765.33,False
ATM022,2024-04-16,148,95.71,14126.4,105873.6,True
ATM022,2024-04-17,158,89.61,14172.15,91701.45,False
ATM022,2024-04-18,174,88.14,15370.6,76330.84,False
ATM022,2024-04-19,270,91.28,24653.61,51677.24,False
ATM022,2024-04-20,305,86.45,26407.6,93592.4,True
ATM022,2024-04-21,214,87.38,18738.14,74854.26,False
ATM022,2024-04-22,152,90.64,13812.81,61041.45,False
ATM022,2024-04-23,164,90.14,14796.4,46245.05,False
ATM022,2024-04-24,169,92.36,15630.67,104369.33,True
ATM022,2024-04-25,209,86.79,18156.9,86212.43,False
ATM022,2024-04-26,262,95.08,24937.98,61274.46,False
ATM022,2024-04-27,280,85.5,23950.72,37323.73,False
ATM022,2024-04-28,183,88.75,16246.51,103753.49,True
ATM022,2024-04-29,194,90.05,17464.99,86288.5,False
ATM022,2024-04-30,158,88.15,13945.87,72342.63,False
ATM022,2024-05-01,122,92.36,11291.99,61050.63,False
ATM022,2024-05-02,142,95.67,13563.78,106436.22,True
ATM022,2024-05-03,212,92.24,19548.6,86887.62,False
ATM022,2024-05-04,231,87.05,20133.11,66754.51,False
ATM022,2024-05-05,163,86.3,14030.74,52723.76,False
ATM022,2024-05-06,151,88.96,13472.02,106527.98,True
ATM022,2024-05-07,144,90.37,12971.31,93556.67,False
ATM022,2024-05-08,140,86.84,12136.13,81420.54,False
ATM022,2024-05-09,156,89.41,13942.79,67477.76,False
ATM022,2024-05-10,226,88.07,19927.13,100072.87,True
ATM022,2024-05-11,226,94.43,21379.67,78693.2,False
ATM022,2024-05-12,165,92.12,15202.81,63490.39,False
ATM022,2024-05-13,138,95.12,13156.54,50333.84,False
ATM022,2024-05-14,136,91.89,12454.4,107545.6,True
ATM022,2024-05-15,141,87.91,12356.04,95189.56,False
ATM022,2024-05-16,134,93.42,12544.42,82645.14,False
ATM022,2024-05-17,189,92.01,17432.63,65212.51,False
ATM022,2024-05-18,228,92.48,21082.31,98917.69,True
ATM022,2024-05-19,164,87.87,14387.67,84530.02,False
ATM022,2024-05-20,145,89.21,12979.52,71550.5,False
ATM022,2024-05-21,117,95.23,11132.77,60417.73,False
ATM022,2024-05-22,134,87.32,11719.87,108280.13,True
ATM022,2024-05-23,144,93.38,13422.05,94858.08,False
ATM022,2024-05-24,173,93.16,16074.88,78783.21,False
ATM022,2024-05-25,212,90.71,19211.52,59571.69,False
ATM022,2024-05-26,149,95.38,14226.14,105773.86,True
ATM022,2024-05-27,145,88.09,12751.01,93022.85,False
ATM022,2024-05-28,132,90.24,11881.57,81141.28,False
ATM022,2024-05-29,138,91.18,12542.48,68598.8,False
ATM022,2024-05-30,158,86.28,13650.14,106349.86,True
ATM022,2024-05-31,199,91.64,18267.26,88082.6,False
ATM022,2024-06-01,213,91.82,19539.17,68543.43,False
ATM022,2024-06-02,167,89.41,14948.66,53594.77,False
ATM022,2024-06-03,161,85.31,13742.28,106257.72,True
ATM022,2024-06-04,124,93.33,11574.36,94683.36,False
ATM022,2024-06-05,146,96.17,14080.46,80602.9,False
ATM022,2024-06-06,150,91.24,13699.69,66903.22,False
ATM022,2024-06-07,212,93.44,19809.25,100190.75,True
ATM022,2024-06-08,226,92.5,20930.96,79259.79,False
ATM022,2024-06-09,169,91.41,15403.36,63856.43,False
ATM022,2024-06-10,133,89.11,11853.24,52003.19,False
ATM022,2024-06-11,135,86.79,11698.62,108301.38,True
ATM022,2024-06-12,124,88.86,11035.0,97266.38,False
ATM022,2024-06-13,148,90.28,13401.63,83864.75,False
ATM022,2024-06-14,215,90.51,19449.68,64415.07,False
ATM022,2024-06-15,230,87.53,20112.26,99887.74,True
ATM022,2024-06-16,177,89.73,15859.94,84027.81,False
ATM022,2024-06-17,137,89.5,12262.2,71765.6,False
ATM022,2024-06-18,130,88.57,11527.93,60237.67,False
ATM022,2024-06-19,133,89.22,11909.21,108090.79,True
ATM022,2024-06-20,157,91.1,14292.73,93798.06,False
ATM022,2024-06-21,224,93.27,20846.8,72951.26,False
ATM022,2024-06-22,257,91.51,23482.67,49468.59,False
ATM022,2024-06-23,175,88.68,15493.47,104506.53,True
ATM022,2024-06-24,152,88.23,13392.68,91113.85,False
ATM022,2024-06-25,116,94.12,10947.74,80166.11,False
ATM022,2024-06-26,124,91.18,11350.27,68815.84,False
ATM022,2024-06-27,138,93.04,12835.63,107164.37,True
ATM022,2024-06-28,224,91.43,20436.77,86727.6,False
ATM022,2024-06-29,248,90.02,22344.02,64383.59,False
ATM022,2024-06-30,190,92.01,17440.47,46943.11,False
ATM022,2024-07-01,132,90.19,11868.03,108131.97,True
ATM022,2024-07-02,134,89.32,12005.8,96126.17,False
ATM022,2024-07-03,121,91.04,11030.72,85095.44,False
ATM022,2024-07-04,149,83.18,12389.45,72705.99,False
ATM022,2024-07-05,208,87.96,18262.47,101737.53,True
ATM022,2024-07-06,236,81.62,19278.79,82458.74,False
ATM022,2024-07-07,157,89.53,14053.09,68405.65,False
ATM022,2024-07-08,133,91.05,12091.42,56314.23,False
ATM022,2024-07-09,146,91.39,13377.19,106622.81,True
ATM022,2024-07-10,143,92.99,13310.22,93312.59,False
ATM022,2024-07-11,139,91.19,12711.76,80600.83,False
ATM022,2024-07-12,226,88.82,20057.24,60543.59,False
ATM022,2024-07-13,212,91.43,19374.72,100625.28,True
ATM022,2024-07-14,154,87.06,13446.08,87179.2,False
ATM022,2024-07-15,132,91.22,12063.86,75115.34,False
ATM022,2024-07-16,133,92.79,12322.03,62793.31,False
ATM022,2024-07-17,133,87.37,11613.33,108386.67,True
ATM022,2024-07-18,161,87.84,14161.43,94225.25,False
ATM022,2024-07-19,211,84.99,17933.74,76291.51,False
ATM022,2024-07-20,222,94.16,20898.39,55393.11,False
ATM022,2024-07-21,150,92.76,13878.64,106121.36,True
ATM022,2024-07-22,148,85.23,12587.81,93533.54,False
ATM022,2024-07-23,130,87.42,11397.96,82135.59,False
ATM022,2024-07-24,133,91.13,12116.01,70019.58,False
ATM022,2024-07-25,180,86.14,15537.75,104462.25,True
ATM022,2024-07-26,206,87.58,18083.4,86378.84,False
ATM022,2024-07-27,208,90.26,18738.02,67640.83,False
ATM022,2024-07-28,175,85.1,14917.05,52723.77,False
ATM022,2024-07-29,146,86.75,12656.33,107343.67,True
ATM022,2024-07-30,130,93.43,12144.7,95198.97,False
ATM022,2024-07-31,141,90.48,12795.57,82403.4,False
ATM022,2024-08-01,146,90.18,13155.43,69247.97,False
ATM022,2024-08-02,213,91.25,19459.92,100540.08,True
ATM022,2024-08-03,224,90.59,20335.49,80204.59,False
ATM022,2024-08-04,155,88.02,13602.34,66602.25,False
ATM022,2024-08-05,144,92.27,13282.09,53320.16,False
ATM022,2024-08-06,130,93.99,12214.42,107785.58,True
ATM022,2024-08-07,144,89.37,12835.9,94949.69,False
ATM022,2024-08-08,134,93.88,12534.26,82415.43,False
ATM022,2024-08-09,208,94.86,19744.03,62671.4,False
ATM022,2024-08-10,275,86.53,23831.12,96168.88,True
ATM022,2024-08-11,166,82.27,13633.06,82535.81,False
ATM022,2024-08-12,147,91.77,13479.53,69056.28,False
ATM022,2024-08-13,141,86.69,12217.99,56838.29,False
ATM022,2024-08-14,136,90.5,12310.49,107689.51,True
ATM022,2024-08-15,159,90.74,14420.33,93269.18,False
ATM022,2024-08-16,219,89.66,19597.37,73671.82,False
ATM022,2024-08-17,243,91.71,22242.77,51429.05,False
ATM022,2024-08-18,146,93.75,13726.33,106273.67,True
ATM022,2024-08-19,151,91.26,13772.54,92501.12,False
ATM022,2024-08-20,131,94.48,12375.46,80125.67,False
ATM022,2024-08-21,118,93.35,11049.14,69076.53,False
ATM022,2024-08-22,142,92.96,13203.92,106796.08,True
ATM022,2024-08-23,218,86.64,18865.89,87930.2,False
ATM022,2024-08-24,213,92.76,19777.73,68152.46,False
ATM022,2024-08-25,166,88.32,14697.64,53454.82,False
ATM022,2024-08-26,132,91.73,12096.49,107903.51,True
ATM022,2024-08-27,163,84.22,13716.64,94186.88,False
ATM022,2024-08-28,166,90.55,15070.39,79116.48,False
ATM022,2024-08-29,160,88.82,14217.36,64899.12,False
ATM022,2024-08-30,207,90.52,18702.98,101297.02,True
ATM022,2024-08-31,217,87.82,19027.33,82269.69,False
ATM022,2024-09-01,189,85.81,16205.02,66064.67,False
ATM022,2024-09-02,146,89.0,13036.59,53028.08,False
ATM022,2024-09-03,119,95.32,11345.44,108654.56,True
ATM022,2024-09-04,133,86.95,11586.83,97067.74,False
ATM022,2024-09-05,153,87.92,13473.97,83593.76,False
ATM022,2024-09-06,207,90.42,18715.94,64877.82,False
ATM022,2024-09-07,232,89.67,20816.36,99183.64,True
ATM022,2024-09-08,155,91.74,14200.12,84983.53,False
ATM022,2024-09-09,141,88.66,12541.82,72441.71,False
ATM022,2024-09-10,150,89.67,13459.22,58982.49,False
ATM022,2024-09-11,143,93.31,13371.47,106628.53,True
ATM022,2024-09-12,163,91.87,14939.15,91689.38,False
ATM022,2024-09-13,208,89.83,18706.76,72982.63,False
ATM022,2024-09-14,239,84.15,20130.27,52852.36,False
ATM022,2024-09-15,173,90.66,15685.2,104314.8,True
ATM022,2024-09-16,149,89.68,13392.22,90922.58,False
ATM022,2024-09-17,147,86.28,12712.72,78209.86,False
ATM022,2024-09-18,137,83.31,11413.94,66795.92,False
ATM022,2024-09-19,154,87.91,13523.7,106476.3,True
ATM022,2024-09-20,193,90.9,17561.21,88915.09,False
ATM022,2024-09-21,231,86.13,19876.29,69038.8,False
ATM022,2024-09-22,198,89.9,17823.81,51215.0,False
ATM022,2024-09-23,133,88.19,11717.29,108282.71,True
ATM022,2024-09-24,134,89.53,11988.47,96294.24,False
ATM022,2024-09-25,151,89.79,13569.65,82724.59,False
ATM022,2024-09-26,175,88.83,15544.59,67180.0,False
ATM022,2024-09-27,208,92.76,19274.43,100725.57,True
ATM022,2024-09-28,238,93.54,22264.06,78461.5,False
ATM022,2024-09-29,163,89.99,14634.19,63827.31,False
ATM022,2024-09-30,119,89.47,10626.25,53201.06,False
ATM022,2024-10-01,142,92.42,13097.91,106902.09,True
ATM022,2024-10-02,130,94.59,12312.69,94589.4,False
ATM022,2024-10-03,151,88.07,13289.41,81299.99,False
ATM022,2024-10-04,208,86.97,18104.45,63195.54,False
ATM022,2024-10-05,236,90.78,21389.09,98610.91,True
ATM022,2024-10-06,175,88.88,15566.17,83044.74,False
ATM022,2024-10-07,150,84.12,12588.98,70455.76,False
ATM022,2024-10-08,138,90.27,12458.47,57997.29,False
ATM022,2024-10-09,128,89.72,11469.0,108531.0,True
ATM022,2024-10-10,141,94.76,13407.29,95123.72,False
ATM022,2024-10-11,191,90.89,17368.36,77755.35,False
ATM022,2024-10-12,214,88.49,18971.91,58783.45,False
ATM022,2024-10-13,170,89.43,15207.35,104792.65,True
ATM022,2024-10-14,139,90.9,12634.96,92157.69,False
ATM022,2024-10-15,127,92.39,11722.46,80435.23,False
ATM022,2024-10-16,135,89.74,12125.38,68309.85,False
ATM022,2024-10-17,155,90.61,14001.15,105998.85,True
ATM022,2024-10-18,215,90.86,19570.53,86428.31,False
ATM022,2024-10-19,237,89.12,21160.69,65267.62,False
ATM022,2024-10-20,161,86.15,13840.34,51427.28,False
ATM022,2024-10-21,119,94.76,11245.15,108754.85,True
ATM022,2024-10-22,111,93.22,10393.4,98361.45,False
ATM022,2024-10-23,125,93.2,11695.73,86665.72,False
ATM022,2024-10-24,131,89.37,11700.95,74964.77,False
ATM022,2024-10-25,225,91.93,20711.95,99288.05,True
ATM022,2024-10-26,236,84.75,19999.45,79288.61,False
ATM022,2024-10-27,145,93.75,13596.7,65691.9,False
ATM022,2024-10-28,137,89.81,12335.86,53356.05,False
ATM022,2024-10-29,143,86.48,12377.9,107622.1,True
ATM022,2024-10-30,143,88.87,12745.71,94876.39,False
ATM022,2024-10-31,158,88.44,13935.05,80941.34,False
ATM022,2024-11-01,223,88.85,19773.16,61168.19,False
ATM022,2024-11-02,278,91.06,25271.62,94728.38,True
ATM022,2024-11-03,191,92.42,17638.45,77089.93,False
ATM022,2024-11-04,163,90.15,14704.45,62385.49,False
ATM022,2024-11-05,150,92.58,13845.99,48539.5,False
ATM022,2024-11-06,169,88.5,14918.55,105081.45,True
ATM022,2024-11-07,156,92.98,14514.24,90567.2,False
ATM022,2024-11-08,232,90.19,20954.62,69612.59,False
ATM022,2024-11-09,309,92.16,28488.76,41123.83,False
ATM022,2024-11-10,222,88.55,19701.53,100298.47,True
ATM022,2024-11-11,178,90.07,16076.68,84221.79,False
ATM022,2024-11-12,154,95.46,14690.49,69531.3,False
ATM022,2024-11-13,159,90.05,14334.85,55196.45,False
ATM022,2024-11-14,164,92.4,15121.8,104878.2,True
ATM022,2024-11-15,229,92.76,21225.42,83652.78,False
ATM022,2024-11-16,235,91.48,21527.55,62125.22,False
ATM022,2024-11-17,183,91.97,16824.86,45300.37,False
ATM022,2024-11-18,168,88.55,14901.36,105098.64,True
ATM022,2024-11-19,159,87.7,13936.62,91162.02,False
ATM022,2024-11-20,178,87.17,15500.06,75661.96,False
ATM022,2024-11-21,174,90.93,15810.38,59851.57,False
ATM022,2024-11-22,275,89.97,24714.45,95285.55,True
ATM022,2024-11-23,262,90.74,23756.4,71529.15,False
ATM022,2024-11-24,175,86.76,15222.48,56306.67,False
ATM022,2024-11-25,165,88.07,14528.7,41777.98,False
ATM022,2024-11-26,139,92.32,12800.97,107199.03,True
ATM022,2024-11-27,165,90.38,14885.41,92313.62,False
ATM022,2024-11-28,170,90.21,15344.9,76968.72,False
ATM022,2024-11-29,256,89.28,22884.39,54084.33,False
ATM022,2024-11-30,284,87.85,24926.9,95073.1,True
ATM022,2024-12-01,190,93.08,17720.81,77352.29,False
ATM022,2024-12-02,174,93.58,16258.94,61093.35,False
ATM022,2024-12-03,162,90.09,14608.0,46485.35,False
ATM022,2024-12-04,166,85.12,14165.13,105834.87,True
ATM022,2024-12-05,164,89.55,14661.42,91173.45,False
ATM022,2024-12-06,234,93.81,21908.25,69265.2,False
ATM022,2024-12-07,301,88.15,26492.55,42772.65,False
ATM022,2024-12-08,210,88.71,18637.93,101362.07,True
ATM022,2024-12-09,170,92.18,15645.52,85716.55,False
ATM022,2024-12-10,176,88.67,15619.59,70096.96,False
ATM022,2024-12-11,185,84.94,15692.77,54404.19,False
ATM022,2024-12-12,196,89.93,17638.74,102361.26,True
ATM022,2024-12-13,261,84.5,22069.19,80292.07,False
ATM022,2024-12-14,251,93.66,23514.59,56777.48,False
ATM022,2024-12-15,186,91.93,17082.37,39695.12,False
ATM022,2024-12-16,161,92.87,14951.63,105048.37,True
ATM022,2024-12-17,166,87.48,14512.12,90536.25,False
ATM022,2024-12-18,156,94.32,14675.07,75861.17,False
ATM022,2024-12-19,186,89.69,16679.79,59181.39,False
ATM022,2024-12-20,278,93.13,25850.9,94149.1,True
ATM022,2024-12-21,282,90.86,25584.81,68564.28,False
ATM022,2024-12-22,201,92.06,18523.4,50040.88,False
ATM022,2024-12-23,141,91.07,12802.04,37238.84,False
ATM022,2024-12-24,160,88.65,14158.61,105841.39,True
ATM022,2024-12-25,168,85.8,14418.59,91422.8,False
ATM022,2024-12-26,152,93.37,14197.13,77225.67,False
ATM022,2024-12-27,273,83.48,22800.78,54424.9,False
ATM022,2024-12-28,251,92.38,23207.62,96792.38,True
ATM022,2024-12-29,185,93.36,17258.67,79533.71,False
ATM022,2024-12-30,186,86.34,16052.81,63480.89,False
ATM022,2024-12-31,160,88.79,14175.95,49304.95,False
ATM023,2024-01-01,151,88.27,13372.06,106627.94,True
ATM023,2024-01-02,149,92.82,13854.26,92773.68,False
ATM023,2024-01-03,156,92.03,14372.85,78400.83,False
ATM023,2024-01-04,164,91.63,14997.54,63403.29,False
ATM023,2024-01-05,233,88.81,20723.01,42680.28,False
ATM023,2024-01-06,313,83.71,26175.19,16505.1,False
ATM023,2024-01-07,161,91.03,14643.14,105356.86,True
ATM023,2024-01-08,161,86.12,13888.2,91468.66,False
ATM023,2024-01-09,144,87.5,12615.72,78852.94,False
ATM023,2024-01-10,158,93.27,14758.95,64093.99,False
ATM023,2024-01-11,200,85.71,17138.36,46955.63,False
ATM023,2024-01-12,221,86.12,19028.39,27927.24,False
ATM023,2024-01-13,275,91.13,25084.12,94915.88,True
ATM023,2024-01-14,185,90.62,16788.88,78127.0,False
ATM023,2024-01-15,162,86.97,14092.1,64034.9,False
ATM023,2024-01-16,157,89.5,14079.06,49955.84,False
ATM023,2024-01-17,139,91.55,12747.86,37207.98,False
ATM023,2024-01-18,164,90.61,14831.37,22376.61,False
ATM023,2024-01-19,225,92.41,20756.97,99243.03,True
ATM023,2024-01-20,266,87.61,23276.08,75966.95,False
ATM023,2024-01-21,188,90.96,17075.48,58891.47,False
ATM023,2024-01-22,158,92.8,14663.8,44227.67,False
ATM023,2024-01-23,142,91.8,13009.08,31218.59,False
ATM023,2024-01-24,137,89.68,12288.31,18930.27,False
ATM023,2024-01-25,160,93.91,14989.1,105010.9,True
ATM023,2024-01-26,226,91.64,20711.46,84299.43,False
ATM023,2024-01-27,228,89.05,20260.85,64038.59,False
ATM023,2024-01-28,163,96.68,15734.53,48304.05,False
ATM023,2024-01-29,150,90.2,13503.01,34801.04,False
ATM023,2024-01-30,160,85.71,13703.17,21097.87,False
ATM023,2024-01-31,147,91.09,13363.99,106636.01,True
ATM023,2024-02-01,153,83.79,12810.03,93825.98,False
ATM023,2024-02-02,181,92.76,16770.47,77055.51,False
ATM023,2024-02-03,213,93.29,19902.97,57152.54,False
ATM023,2024-02-04,139,93.46,12984.89,44167.65,False
ATM023,2024-02-05,125,94.3,11753.59,32414.06,False
ATM023,2024-02-06,134,84.47,11321.19,108678.81,True
ATM023,2024-02-07,138,88.8,12262.09,96416.72,False
ATM023,2024-02-08,144,86.08,12402.43,84014.29,False
ATM023,2024-02-09,221,88.59,19547.81,64466.49,False
ATM023,2024-02-10,240,88.84,21326.4,43140.09,False
ATM023,2024-02-11,139,93.56,13037.62,30102.46,False
ATM023,2024-02-12,131,89.83,11729.81,108270.19,True
ATM023,2024-02-13,117,88.76,10347.36,97922.83,False
ATM023,2024-02-14,138,86.49,11906.36,86016.46,False
ATM023,2024-02-15,210,88.86,18638.0,101362.0,True
ATM023,2024-02-16,283,93.99,26646.83,74715.17,False
ATM023,2024-02-17,323,88.14,28428.92,46286.25,False
ATM023,2024-02-18,289,88.83,25629.34,94370.66,True
ATM023,2024-02-19,199,89.03,17683.49,76687.17,False
ATM023,2024-02-20,187,90.21,16874.13,59813.04,False
ATM023,2024-02-21,206,91.09,18731.95,101268.05,True
ATM023,2024-02-22,225,92.82,20870.47,80397.58,False
ATM023,2024-02-23,296,91.02,26913.23,53484.35,False
ATM023,2024-02-24,361,87.0,31375.12,88624.88,True
ATM023,2024-02-25,284,88.62,25187.97,63436.91,False
ATM023,2024-02-26,202,86.73,17486.16,45950.75,False
ATM023,2024-02-27,171,92.63,15837.89,104162.11,True
ATM023,2024-02-28,233,88.47,20587.59,83574.53,False
ATM023,2024-02-29,219,90.59,19831.08,63743.45,False
ATM023,2024-03-01,296,95.99,28446.83,91553.17,True
ATM023,2024-03-02,361,89.36,32293.69,59259.49,False
ATM023,2024-03-03,239,91.7,21944.26,37315.23,False
ATM023,2024-03-04,206,87.04,17895.89,102104.11,True
ATM023,2024-03-05,175,93.1,16268.67,85835.44,False
ATM023,2024-03-06,214,89.44,19170.38,66665.06,False
ATM023,2024-03-07,211,93.23,19711.7,100288.3,True
ATM023,2024-03-08,265,88.79,23540.46,76747.84,False
ATM023,2024-03-09,368,90.81,33436.72,43311.12,False
ATM023,2024-03-10,216,90.32,19539.67,100460.33,True
ATM023,2024-03-11,232,83.12,19249.36,81210.97,False
ATM023,2024-03-12,196,88.99,17417.85,63793.12,False
ATM023,2024-03-13,174,90.22,15655.7,104344.3,True
ATM023,2024-03-14,213,89.93,19170.73,85173.57,False
ATM023,2024-03-15,297,87.24,25884.42,59289.15,False
ATM023,2024-03-16,196,88.14,17250.77,42038.37,False
ATM023,2024-03-17,163,90.63,14774.89,27263.48,False
ATM023,2024-03-18,135,87.19,11733.23,15530.25,False
ATM023,2024-03-19,120,91.99,11026.16,108973.84,True
ATM023,2024-03-20,135,88.71,11969.95,97003.89,False
ATM023,2024-03-21,120,88.18,10606.11,86397.78,False
ATM023,2024-03-22,193,87.55,16869.72,69528.06,False
ATM023,2024-03-23,201,92.2,18555.59,50972.47,False
ATM023,2024-03-24,150,92.67,13876.14,37096.33,False
ATM023,2024-03-25,119,89.18,10608.77,109391.23,True
ATM023,2024-03-26,111,88.85,9881.99,99509.24,False
ATM023,2024-03-27,115,93.46,10738.85,88770.39,False
ATM023,2024-03-28,141,92.74,13103.87,75666.51,False
ATM023,2024-03-29,194,87.25,16932.84,58733.68,False
ATM023,2024-03-30,196,90.72,17744.65,40989.03,False
ATM023,2024-03-31,173,91.11,15791.83,104208.17,True
ATM023,2024-04-01,154,89.49,13781.88,90426.29,False
ATM023,2024-04-02,142,95.47,13552.56,76873.72,False
ATM023,2024-04-03,167,90.7,15115.77,61757.95,False
ATM023,2024-04-04,170,90.81,15397.9,46360.06,False
ATM023,2024-04-05,244,88.88,21676.53,24683.53,False
ATM023,2024-04-06,233,92.79,21605.1,98394.9,True
ATM023,2024-04-07,181,92.56,16720.61,81674.3,False
ATM023,2024-04-08,174,91.41,15876.18,65798.12,False
ATM023,2024-04-09,141,98.64,13927.5,51870.62,False
ATM023,2024-04-10,162,87.06,14067.64,37802.98,False
ATM023,2024-04-11,159,94.19,14982.22,22820.76,False
ATM023,2024-04-12,217,87.97,19125.82,100874.18,True
ATM023,2024-04-13,277,89.27,24765.82,76108.36,False
ATM023,2024-04-14,178,92.9,16566.55,59541.81,False
ATM023,2024-04-15,156,86.03,13455.81,46085.99,False
ATM023,2024-04-16,135,91.57,12323.95,33762.04,False
ATM023,2024-04-17,160,88.13,14119.05,19642.99,False
ATM023,2024-04-18,158,89.27,14089.56,105910.44,True
ATM023,2024-04-19,258,87.74,22641.56,83268.88,False
ATM023,2024-04-20,252,86.79,21881.18,61387.7,False
ATM023,2024-04-21,179,90.91,16271.0,45116.71,False
ATM023,2024-04-22,181,90.59,16406.06,28710.65,False
ATM023,2024-04-23,147,92.33,13531.35,15179.3,False
ATM023,2024-04-24,165,88.44,14557.71,105442.29,True
ATM023,2024-04-25,200,89.93,17951.86,87490.42,False
ATM023,2024-04-26,233,91.49,21288.71,66201.71,False
ATM023,2024-04-27,249,94.12,23481.8,42719.91,False
ATM023,2024-04-28,174,92.12,16019.54,26700.36,False
ATM023,2024-04-29,154,92.65,14312.14,12388.22,False
ATM023,2024-04-30,150,89.05,13379.42,106620.58,True
ATM023,2024-05-01,134,90.97,12161.92,94458.66,False
ATM023,2024-05-02,128,93.63,12022.83,82435.83,False
ATM023,2024-05-03,205,89.8,18367.54,64068.29,False
ATM023,2024-05-04,203,90.98,18484.21,45584.08,False
ATM023,2024-05-05,170,85.7,14570.74,31013.34,False
ATM023,2024-05-06,132,91.76,12104.35,107895.65,True
ATM023,2024-05-07,106,90.53,9600.1,98295.55,False
ATM023,2024-05-08,132,91.57,12130.06,86165.49,False
ATM023,2024-05-09,151,89.12,13469.12,72696.37,False
ATM023,2024-05-10,191,85.14,16224.39,56471.98,False
ATM023,2024-05-11,224,91.9,20617.68,35854.3,False
ATM023,2024-05-12,171,88.04,15098.2,104901.8,True
ATM023,2024-05-13,145,85.94,12472.62,92429.18,False
ATM023,2024-05-14,118,90.34,10650.22,81778.96,False
ATM023,2024-05-15,128,94.53,12103.43,69675.53,False
ATM023,2024-05-16,143,87.66,12521.21,57154.32,False
ATM023,2024-05-17,186,88.14,16364.41,40789.92,False
ATM023,2024-05-18,242,92.04,22312.9,97687.1,True
ATM023,2024-05-19,168,89.35,15039.18,82647.92,False
ATM023,2024-05-20,128,91.89,11788.82,70859.1,False
ATM023,2024-05-21,122,89.21,10924.84,59934.26,False
ATM023,2024-05-22,124,88.79,11021.36,48912.9,False
ATM023,2024-05-23,146,87.78,12777.13,36135.77,False
ATM023,2024-05-24,196,90.77,17802.3,102197.7,True
ATM023,2024-05-25,215,87.77,18861.93,83335.76,False
ATM023,2024-05-26,158,88.64,14015.01,69320.75,False
ATM023,2024-05-27,127,92.96,11828.7,57492.06,False
ATM023,2024-05-28,108,95.87,10368.16,47123.9,False
ATM023,2024-05-29,126,91.11,11495.87,35628.03,False
ATM023,2024-05-30,130,93.08,12079.81,107920.19,True
ATM023,2024-05-31,194,88.94,17296.69,90623.5,False
ATM023,2024-06-01,205,89.28,18345.92,72277.58,False
ATM023,2024-06-02,158,90.47,14325.85,57951.72,False
ATM023,2024-06-03,133,88.08,11757.33,46194.39,False
ATM023,2024-06-04,121,88.76,10725.27,35469.12,False
ATM023,2024-06-05,130,91.79,11932.71,108067.29,True
ATM023,2024-06-06,150,90.0,13464.02,94603.26,False
ATM023,2024-06-07,200,89.55,17924.32,76678.94,False
ATM023,2024-06-08,189,89.42,16907.08,59771.86,False
ATM023,2024-06-09,155,87.19,13551.65,46220.21,False
ATM023,2024-06-10,125,90.36,11331.08,34889.13,False
ATM023,2024-06-11,119,88.08,10455.39,109544.61,True
ATM023,2024-06-12,150,85.67,12876.67,96667.93,False
ATM023,2024-06-13,145,86.85,12571.16,84096.77,False
ATM023,2024-06-14,185,89.47,16555.11,67541.67,False
ATM023,2024-06-15,195,91.55,17824.3,49717.36,False
ATM023,2024-06-16,166,92.27,15292.49,34424.87,False
ATM023,2024-06-17,147,86.27,12666.87,107333.13,True
ATM023,2024-06-18,122,91.26,11127.62,96205.51,False
ATM023,2024-06-19,130,94.73,12280.93,83924.58,False
ATM023,2024-06-20,148,92.42,13722.83,70201.75,False
ATM023,2024-06-21,232,90.26,20981.91,49219.83,False
ATM023,2024-06-22,207,90.48,18717.5,30502.33,False
ATM023,2024-06-23,145,90.18,13049.21,106950.79,True
ATM023,2024-06-24,118,88.57,10447.76,96503.03,False
ATM023,2024-06-25,121,92.56,11227.56,85275.47,False
ATM023,2024-06-26,143,87.4,12488.91,72786.56,False
ATM023,2024-06-27,163,90.4,14725.06,58061.5,False
ATM023,2024-06-28,207,85.63,17745.15,40316.35,False
ATM023,2024-06-29,197,92.83,18288.81,101711.19,True
ATM023,2024-06-30,156,90.29,14078.74,87632.45,False
ATM023,2024-07-01,139,86.1,11979.17,75653.28,False
ATM023,2024-07-02,120,93.8,11242.29,64410.99,False
ATM023,2024-07-03,139,89.66,12467.61,51943.39,False
ATM023,2024-07-04,164,86.6,14206.29,37737.09,False
ATM023,2024-07-05,172,95.03,16302.04,103697.96,True
ATM023,2024-07-06,223,89.22,19888.69,83809.27,False
ATM023,2024-07-07,158,87.82,13858.65,69950.62,False
ATM023,2024-07-08,133,90.53,12020.68,57929.94,False
ATM023,2024-07-09,130,86.87,11334.34,46595.6,False
ATM023,2024-07-10,133,88.57,11770.51,34825.09,False
ATM023,2024-07-11,127,93.42,11884.2,108115.8,True
ATM023,2024-07-12,213,95.25,20311.55,87804.25,False
ATM023,2024-07-13,224,89.28,19989.39,67814.86,False
ATM023,2024-07-14,152,91.1,13844.07,53970.79,False
ATM023,2024-07-15,122,93.56,11448.4,42522.39,False
ATM023,2024-07-16,110,89.2,9815.32,32707.08,False
ATM023,2024-07-17,139,87.72,12220.8,107779.2,True
ATM023,2024-07-18,137,91.6,12521.13,95258.07,False
ATM023,2024-07-19,224,86.51,19406.11,75851.96,False
ATM023,2024-07-20,198,87.45,17355.82,58496.14,False
ATM023,2024-07-21,145,86.04,12492.82,46003.32,False
ATM023,2024-07-22,118,93.33,11014.15,34989.17,False
ATM023,2024-07-23,123,90.08,11074.0,108926.0,True
ATM023,2024-07-24,118,91.71,10806.87,98119.14,False
ATM023,2024-07-25,166,87.6,14520.07,83599.07,False
ATM023,2024-07-26,216,90.98,19688.63,63910.43,False
ATM023,2024-07-27,210,91.08,19122.65,44787.78,False
ATM023,2024-07-28,150,95.01,14297.98,30489.8,False
ATM023,2024-07-29,134,91.46,12227.44,107772.56,True
ATM023,2024-07-30,119,92.27,10989.5,96783.06,False
ATM023,2024-07-31,120,90.29,10805.82,85977.24,False
ATM023,2024-08-01,187,83.24,15581.09,70396.15,False
ATM023,2024-08-02,195,90.73,17736.59,52659.57,False
ATM023,2024-08-03,210,89.45,18797.56,33862.01,False
ATM023,2024-08-04,157,89.32,14001.72,105998.28,True
ATM023,2024-08-05,135,88.68,11974.81,94023.46,False
ATM023,2024-08-06,146,89.32,13039.88,80983.58,False
ATM023,2024-08-07,136,88.19,12024.39,68959.19,False
ATM023,2024-08-08,148,91.98,13592.91,55366.28,False
ATM023,2024-08-09,206,87.23,17969.17,37397.12,False
ATM023,2024-08-10,192,94.55,18120.16,101879.84,True
ATM023,2024-08-11,144,91.73,13188.41,88691.43,False
ATM023,2024-08-12,119,92.72,11035.75,77655.68,False
ATM023,2024-08-13,123,87.4,10787.6,66868.08,False
ATM023,2024-08-14,124,88.5,10992.36,55875.72,False
ATM023,2024-08-15,145,90.19,13099.25,42776.47,False
ATM023,2024-08-16,180,89.92,16161.76,103838.24,True
ATM023,2024-08-17,192,91.74,17630.81,86207.42,False
ATM023,2024-08-18,164,89.94,14741.47,71465.95,False
ATM023,2024-08-19,127,94.73,12016.53,59449.42,False
ATM023,2024-08-20,128,87.45,11194.39,48255.03,False
ATM023,2024-08-21,138,86.94,12032.46,36222.57,False
ATM023,2024-08-22,142,88.38,12547.08,107452.92,True
ATM023,2024-08-23,186,89.32,16612.94,90839.98,False
ATM023,2024-08-24,219,92.99,20341.96,70498.02,False
ATM023,2024-08-25,163,90.91,14844.3,55653.72,False
ATM023,2024-08-26,138,83.63,11579.39,44074.33,False
ATM023,2024-08-27,139,83.85,11613.65,32460.68,False
ATM023,2024-08-28,113,89.56,10098.92,109901.08,True
ATM023,2024-08-29,146,88.78,12971.42,96929.66,False
ATM023,2024-08-30,213,91.25,19429.57,77500.08,False
ATM023,2024-08-31,200,93.74,18769.53,58730.56,False
ATM023,2024-09-01,170,91.38,15523.26,43207.3,False
ATM023,2024-09-02,126,88.51,11167.4,32039.89,False
ATM023,2024-09-03,114,89.89,10228.45,109771.55,True
ATM023,2024-09-04,120,89.11,10735.56,99035.99,False
ATM023,2024-09-05,153,84.64,12967.81,86068.18,False
ATM023,2024-09-06,180,88.63,15972.16,70096.02,False
ATM023,2024-09-07,215,88.67,19029.99,51066.02,False
ATM023,2024-09-08,155,88.09,13651.44,37414.58,False
ATM023,2024-09-09,120,88.56,10652.65,109347.35,True
ATM023,2024-09-10,125,89.16,11150.93,98196.41,False
ATM023,2024-09-11,128,91.13,11645.15,86551.26,False
ATM023,2024-09-12,151,88.29,13355.78,73195.48,False
ATM023,2024-09-13,167,93.43,15627.05,57568.43,False
ATM023,2024-09-14,224,87.42,19622.45,37945.98,False
ATM023,2024-09-15,153,92.88,14185.51,105814.49,True
ATM023,2024-09-16,147,90.68,13307.26,92507.24,False
ATM023,2024-09-17,141,86.73,12190.07,80317.16,False
ATM023,2024-09-18,129,89.1,11525.38,68791.79,False
ATM023,2024-09-19,138,94.35,13042.43,55749.35,False
ATM023,2024-09-20,203,87.47,17757.38,37991.97,False
ATM023,2024-09-21,185,94.44,17483.41,102516.59,True
ATM023,2024-09-22,158,91.21,14421.89,88094.7,False
ATM023,2024-09-23,127,90.72,11509.88,76584.82,False
ATM023,2024-09-24,116,91.05,10563.01,66021.81,False
ATM023,2024-09-25,120,89.03,10642.16,55379.65,False
ATM023,2024-09-26,150,81.21,12173.06,43206.59,False
ATM023,2024-09-27,194,87.57,17031.0,102969.0,True
ATM023,2024-09-28,209,90.0,18820.86,84148.14,False
ATM023,2024-09-29,173,90.82,15745.22,68402.92,False
ATM023,2024-09-30,132,91.34,12069.18,56333.74,False
ATM023,2024-10-01,132,91.23,12030.82,44302.92,False
ATM023,2024-10-02,128,91.92,11784.49,32518.43,False
ATM023,2024-10-03,112,95.64,10744.17,109255.83,True
ATM023,2024-10-04,215,90.59,19503.43,89752.4,False
ATM023,2024-10-05,186,93.27,17301.32,72451.08,False
ATM023,2024-10-06,145,91.44,13252.82,59198.26,False
ATM023,2024-10-07,112,96.01,10777.53,48420.73,False
ATM023,2024-10-08,113,90.19,10231.69,38189.04,False
ATM023,2024-10-09,111,89.89,9959.34,110040.66,True
ATM023,2024-10-10,133,93.07,12359.91,97680.75,False
ATM023,2024-10-11,182,93.07,16937.54,80743.2,False
ATM023,2024-10-12,199,89.24,17778.77,62964.44,False
ATM023,2024-10-13,150,91.34,13659.67,49304.77,False
ATM023,2024-10-14,132,91.95,12098.16,37206.61,False
ATM023,2024-10-15,126,91.79,11531.97,108468.03,True
ATM023,2024-10-16,119,91.05,10850.53,97617.5,False
ATM023,2024-10-17,167,85.46,14250.65,83366.85,False
ATM023,2024-10-18,197,91.83,18057.11,65309.74,False
ATM023,2024-10-19,230,91.96,21157.12,44152.62,False
ATM023,2024-10-20,154,91.16,14010.45,30142.17,False
ATM023,2024-10-21,126,88.95,11198.89,108801.11,True
ATM023,2024-10-22,110,94.01,10308.26,98492.85,False
ATM023,2024-10-23,136,87.53,11924.26,86568.58,False
ATM023,2024-10-24,139,93.13,12977.58,73591.01,False
ATM023,2024-10-25,214,87.5,18705.26,54885.75,False
ATM023,2024-10-26,168,91.07,15337.86,39547.88,False
ATM023,2024-10-27,143,91.68,13074.98,106925.02,True
ATM023,2024-10-28,135,93.01,12601.12,94323.89,False
ATM023,2024-10-29,137,93.34,12788.89,81535.0,False
ATM023,2024-10-30,139,93.72,13059.72,68475.28,False
ATM023,2024-10-31,157,89.89,14109.71,54365.57,False
ATM023,2024-11-01,195,96.7,18813.43,35552.14,False
ATM023,2024-11-02,243,93.32,22637.65,97362.35,True
ATM023,2024-11-03,171,92.6,15796.32,81566.04,False
ATM023,2024-11-04,132,88.89,11723.95,69842.08,False
ATM023,2024-11-05,145,91.25,13264.23,56577.85,False
ATM023,2024-11-06,169,87.05,14696.66,41881.19,False
ATM023,2024-11-07,169,93.31,15735.83,26145.36,False
ATM023,2024-11-08,264,91.91,24265.06,95734.94,True
ATM023,2024-11-09,252,86.57,21824.7,73910.24,False
ATM023,2024-11-10,203,91.99,18659.21,55251.03,False
ATM023,2024-11-11,162,85.63,13891.03,41360.0,False
ATM023,2024-11-12,136,91.7,12513.11,28846.89,False
ATM023,2024-11-13,165,84.74,13976.08,14870.81,False
ATM023,2024-11-14,183,85.77,15705.73,104294.27,True
ATM023,2024-11-15,250,90.56,22637.42,81656.85,False
ATM023,2024-11-16,235,92.67,21818.72,59838.14,False
ATM023,2024-11-17,180,93.58,16827.95,43010.19,False
ATM023,2024-11-18,155,90.37,13991.01,29019.18,False
ATM023,2024-11-19,144,90.71,13091.88,15927.31,False
ATM023,2024-11-20,173,88.64,15354.91,104645.09,True
ATM023,2024-11-21,179,87.62,15722.6,88922.48,False
ATM023,2024-11-22,197,90.56,17816.99,71105.5,False
ATM023,2024-11-23,258,89.7,23130.13,47975.37,False
ATM023,2024-11-24,163,90.82,14784.47,33190.9,False
ATM023,2024-11-25,162,87.6,14174.2,19016.7,False
ATM023,2024-11-26,136,89.32,12148.61,107851.39,True
ATM023,2024-11-27,157,91.12,14271.78,93579.61,False
ATM023,2024-11-28,156,90.37,14126.95,79452.66,False
ATM023,2024-11-29,252,86.83,21909.55,57543.12,False
ATM023,2024-11-30,242,93.62,22637.97,34905.15,False
ATM023,2024-12-01,161,93.12,15015.02,19890.13,False
ATM023,2024-12-02,174,89.4,15582.13,104417.87,True
ATM023,2024-12-03,141,92.79,13039.05,91378.82,False
ATM023,2024-12-04,161,83.65,13457.68,77921.14,False
ATM023,2024-12-05,163,91.27,14921.86,62999.29,False
ATM023,2024-12-06,247,87.62,21685.19,41314.1,False
ATM023,2024-12-07,239,92.64,22116.45,19197.65,False
ATM023,2024-12-08,190,85.87,16347.84,103652.16,True
ATM023,2024-12-09,170,89.42,15171.46,88480.69,False
ATM023,2024-12-10,167,86.23,14416.09,74064.6,False
ATM023,2024-12-11,148,91.38,13519.18,60545.42,False
ATM023,2024-12-12,172,86.81,14934.03,45611.39,False
ATM023,2024-12-13,185,94.11,17422.24,28189.15,False
ATM023,2024-12-14,246,93.15,22932.85,97067.15,True
ATM023,2024-12-15,191,91.61,17519.29,79547.86,False
ATM023,2024-12-16,149,91.32,13602.97,65944.89,False
ATM023,2024-12-17,164,90.22,14764.67,51180.22,False
ATM023,2024-12-18,181,85.95,15575.48,35604.74,False
ATM023,2024-12-19,145,92.67,13426.88,22177.86,False
ATM023,2024-12-20,204,95.52,19443.48,100556.52,True
ATM023,2024-12-21,262,94.29,24749.9,75806.62,False
ATM023,2024-12-22,200,87.51,17465.13,58341.49,False
ATM023,2024-12-23,132,94.04,12386.75,45954.73,False
ATM023,2024-12-24,128,94.28,12025.02,33929.71,False
ATM023,2024-12-25,159,89.79,14288.45,19641.26,False
ATM023,2024-12-26,170,91.26,15497.61,104502.39,True
ATM023,2024-12-27,216,93.85,20300.69,84201.7,False
ATM023,2024-12-28,275,90.42,24843.74,59357.96,False
ATM023,2024-12-29,168,93.53,15741.43,43616.53,False
ATM023,2024-12-30,132,91.2,12075.79,31540.74,False
ATM023,2024-12-31,160,87.76,14065.57,17475.17,False
ATM024,2024-01-01,102,72.02,7355.96,72644.04,False
ATM024,2024-01-02,95,71.83,6799.77,65844.27,False
ATM024,2024-01-03,92,70.6,6519.14,59325.13,False
ATM024,2024-01-04,120,68.87,8279.14,51045.98,False
ATM024,2024-01-05,166,69.83,11623.46,68376.54,True
ATM024,2024-01-06,187,71.18,13329.3,55047.25,False
ATM024,2024-01-07,132,70.61,9308.36,45738.89,False
ATM024,2024-01-08,107,69.37,7393.92,38344.97,False
ATM024,2024-01-09,107,69.64,7465.28,30879.7,False
ATM024,2024-01-10,115,70.2,8095.5,71904.5,True
ATM024,2024-01-11,126,67.05,8473.88,63430.62,False
ATM024,2024-01-12,176,68.78,12082.74,51347.89,False
ATM024,2024-01-13,157,73.46,11509.24,39838.65,False
ATM024,2024-01-14,131,72.05,9469.32,30369.33,False
ATM024,2024-01-15,113,69.8,7889.43,72110.57,True
ATM024,2024-01-16,100,71.64,7194.49,64916.08,False
ATM024,2024-01-17,116,69.86,8107.45,56808.63,False
ATM024,2024-01-18,137,69.59,9542.43,47266.2,False
ATM024,2024-01-19,155,66.38,10259.16,37007.04,False
ATM024,2024-01-20,159,69.13,11001.06,68998.94,True
ATM024,2024-01-21,124,71.43,8872.73,60126.21,False
ATM024,2024-01-22,106,71.77,7627.09,52499.12,False
ATM024,2024-01-23,105,70.03,7359.78,45139.34,False
ATM024,2024-01-24,99,72.99,7192.8,37946.54,False
ATM024,2024-01-25,105,70.63,7414.72,72585.28,True
ATM024,2024-01-26,156,71.64,11167.81,61417.47,False
ATM024,2024-01-27,177,70.02,12362.62,49054.85,False
ATM024,2024-01-28,121,72.93,8851.25,40203.6,False
ATM024,2024-01-29,103,74.14,7643.67,32559.93,False
ATM024,2024-01-30,107,70.05,7477.85,72522.15,True
ATM024,2024-01-31,104,71.18,7413.73,65108.42,False
ATM024,2024-02-01,94,70.31,6600.61,58507.82,False
ATM024,2024-02-02,133,70.68,9430.98,49076.84,False
ATM024,2024-02-03,149,70.84,10573.13,38503.71,False
ATM024,2024-02-04,103,73.29,7565.1,72434.9,True
ATM024,2024-02-05,87,75.47,6559.85,65875.05,False
ATM024,2024-02-06,85,72.01,6135.28,59739.77,False
ATM024,2024-02-07,81,72.94,5932.0,53807.77,False
ATM024,2024-02-08,92,70.96,6547.28,47260.49,False
ATM024,2024-02-09,130,70.95,9252.74,70747.26,True
ATM024,2024-02-10,149,68.34,10149.03,60598.23,False
ATM024,2024-02-11,101,73.24,7373.49,53224.74,False
ATM024,2024-02-12,98,67.29,6580.41,46644.33,False
ATM024,2024-02-13,97,68.13,6601.14,40043.18,False
ATM024,2024-02-14,92,71.16,6574.64,73425.36,True
ATM024,2024-02-15,148,73.89,10915.69,62509.67,False
ATM024,2024-02-16,190,71.28,13519.53,66480.47,True
ATM024,2024-02-17,249,68.65,17127.67,49352.79,False
ATM024,2024-02-18,156,69.4,10841.81,38510.98,False
ATM024,2024-02-19,148,67.04,9902.92,70097.08,True
ATM024,2024-02-20,144,67.04,9658.85,60438.23,False
ATM024,2024-02-21,146,71.08,10385.69,50052.55,False
ATM024,2024-02-22,167,71.4,11952.96,68047.04,True
ATM024,2024-02-23,205,68.32,14024.52,54022.52,False
ATM024,2024-02-24,228,69.94,15946.62,38075.9,False
ATM024,2024-02-25,182,68.05,12411.73,67588.27,True
ATM024,2024-02-26,153,72.68,11151.36,56436.91,False
ATM024,2024-02-27,124,73.78,9161.68,47275.23,False
ATM024,2024-02-28,128,70.43,8980.69,71019.31,True
ATM024,2024-02-29,129,73.88,9561.13,61458.18,False
ATM024,2024-03-01,191,66.98,12766.48,48691.7,False
ATM024,2024-03-02,206,72.78,15000.66,64999.34,True
ATM024,2024-03-03,174,70.26,12212.4,52786.94,False
ATM024,2024-03-04,149,69.76,10396.02,42390.92,False
ATM024,2024-03-05,130,73.47,9572.04,70427.96,True
ATM024,2024-03-06,136,68.39,9324.38,61103.58,False
ATM024,2024-03-07,151,71.55,10804.74,50298.84,False
ATM024,2024-03-08,200,72.11,14438.12,65561.88,True
ATM024,2024-03-09,220,70.27,15462.79,50099.1,False
ATM024,2024-03-10,166,70.6,11726.28,38372.81,False
ATM024,2024-03-11,153,70.78,10837.66,69162.34,True
ATM024,2024-03-12,128,71.11,9097.53,60064.81,False
ATM024,2024-03-13,142,71.63,10180.92,49883.89,False
ATM024,2024-03-14,164,66.85,10994.29,69005.71,True
ATM024,2024-03-15,166,72.68,12033.14,56972.57,False
ATM024,2024-03-16,152,69.95,10639.08,46333.49,False
ATM024,2024-03-17,107,74.05,7889.27,38444.22,False
ATM024,2024-03-18,98,72.02,7031.04,31413.18,False
ATM024,2024-03-19,84,68.41,5745.95,25667.23,False
ATM024,2024-03-20,74,71.33,5281.11,74718.89,True
ATM024,2024-03-21,103,72.5,7433.17,67285.71,False
ATM024,2024-03-22,142,69.68,9881.95,57403.76,False
ATM024,2024-03-23,145,68.27,9917.64,47486.13,False
ATM024,2024-03-24,109,67.95,7429.53,40056.6,False
ATM024,2024-03-25,107,67.27,7201.61,72798.39,True
ATM024,2024-03-26,91,65.93,6030.15,66768.24,False
ATM024,2024-03-27,91,69.99,6372.2,60396.04,False
ATM024,2024-03-28,99,68.04,6708.49,53687.56,False
ATM024,2024-03-29,137,68.86,9427.23,44260.33,False
ATM024,2024-03-30,138,74.11,10218.84,69781.16,True
ATM024,2024-03-31,107,71.12,7606.13,62175.03,False
ATM024,2024-04-01,108,68.35,7397.91,54777.12,False
ATM024,2024-04-02,97,75.26,7324.91,47452.21,False
ATM024,2024-04-03,104,70.76,7340.35,40111.86,False
ATM024,2024-04-04,121,64.21,7788.77,72211.23,True
ATM024,2024-04-05,143,75.0,10702.35,61508.88,False
ATM024,2024-04-06,176,73.45,12907.56,48601.33,False
ATM024,2024-04-07,135,65.05,8801.16,39800.17,False
ATM024,2024-04-08,100,70.83,7071.69,32728.48,False
ATM024,2024-04-09,107,69.98,7459.74,72540.26,True
ATM024,2024-04-10,100,71.97,7216.64,65323.62,False
ATM024,2024-04-11,113,70.65,7969.14,57354.49,False
ATM024,2024-04-12,166,69.23,11466.44,45888.05,False
ATM024,2024-04-13,168,69.1,11639.97,34248.08,False
ATM024,2024-04-14,142,72.34,10281.82,69718.18,True
ATM024,2024-04-15,120,68.35,8208.22,61509.95,False
ATM024,2024-04-16,92,72.3,6634.27,54875.68,False
ATM024,2024-04-17,114,70.29,7979.22,46896.46,False
ATM024,2024-04-18,120,66.93,8042.44,38854.02,False
ATM024,2024-04-19,166,72.49,12018.77,67981.23,True
ATM024,2024-04-20,173,68.4,11805.9,56175.33,False
ATM024,2024-04-21,143,68.65,9836.48,46338.85,False
ATM024,2024-04-22,124,69.77,8655.92,37682.93,False
ATM024,2024-04-23,102,70.09,7140.82,30542.11,False
ATM024,2024-04-24,101,72.37,7289.55,72710.45,True
ATM024,2024-04-25,121,72.29,8781.76,63928.68,False
ATM024,2024-04-26,166,69.04,11457.77,52470.91,False
ATM024,2024-04-27,179,69.11,12372.81,40098.11,False
ATM024,2024-04-28,139,72.1,9993.01,30105.1,False
ATM024,2024-04-29,112,68.05,7593.58,72406.42,True
ATM024,2024-04-30,116,70.29,8172.27,64234.16,False
ATM024,2024-05-01,84,73.25,6184.67,58049.49,False
ATM024,2024-05-02,96,69.33,6636.95,51412.54,False
ATM024,2024-05-03,138,67.24,9274.58,42137.96,False
ATM024,2024-05-04,154,68.4,10547.78,69452.22,True
ATM024,2024-05-05,105,68.52,7220.7,62231.52,False
ATM024,2024-05-06,90,68.24,6112.24,56119.28,False
ATM024,2024-05-07,89,69.67,6220.63,49898.65,False
ATM024,2024-05-08,84,74.94,6262.29,43636.37,False
ATM024,2024-05-09,95,71.27,6803.65,73196.35,True
ATM024,2024-05-10,142,69.87,9911.96,63284.38,False
ATM024,2024-05-11,150,70.04,10516.86,52767.52,False
ATM024,2024-05-12,111,68.77,7622.32,45145.2,False
ATM024,2024-05-13,88,70.04,6152.1,38993.1,False
ATM024,2024-05-14,73,73.14,5325.64,74674.36,True
ATM024,2024-05-15,103,70.36,7260.47,67413.89,False
ATM024,2024-05-16,100,72.27,7206.13,60207.76,False
ATM024,2024-05-17,119,71.95,8590.9,51616.86,False
ATM024,2024-05-18,134,74.81,10013.79,41603.07,False
ATM024,2024-05-19,103,71.91,7416.63,72583.37,True
ATM024,2024-05-20,84,74.61,6289.61,66293.77,False
ATM024,2024-05-21,81,72.45,5898.52,60395.25,False
ATM024,2024-05-22,92,70.85,6521.16,53874.08,False
ATM024,2024-05-23,102,68.6,6989.29,46884.79,False
ATM024,2024-05-24,109,72.26,7864.87,72135.13,True
ATM024,2024-05-25,138,72.46,9970.15,62164.98,False
ATM024,2024-05-26,106,72.52,7702.32,54462.67,False
ATM024,2024-05-27,104,64.82,6736.36,47726.3,False
ATM024,2024-05-28,92,69.28,6382.81,41343.49,False
ATM024,2024-05-29,95,71.24,6771.59,73228.41,True
ATM024,2024-05-30,103,69.43,7174.67,66053.74,False
ATM024,2024-05-31,128,69.09,8842.3,57211.44,False
ATM024,2024-06-01,132,68.76,9095.88,48115.56,False
ATM024,2024-06-02,101,66.98,6782.94,41332.61,False
ATM024,2024-06-03,90,71.12,6420.79,73579.21,True
ATM024,2024-06-04,88,68.95,6100.31,67478.89,False
ATM024,2024-06-05,84,69.33,5840.79,61638.1,False
ATM024,2024-06-06,93,69.87,6493.45,55144.66,False
ATM024,2024-06-07,119,71.47,8473.32,46671.33,False
ATM024,2024-06-08,140,70.79,9915.72,70084.28,True
ATM024,2024-06-09,113,70.69,7996.53,62087.74,False
ATM024,2024-06-10,103,65.66,6735.06,55352.68,False
ATM024,2024-06-11,82,72.32,5906.57,49446.11,False
ATM024,2024-06-12,88,73.88,6467.77,42978.34,False
ATM024,2024-06-13,110,70.63,7749.71,72250.29,True
ATM024,2024-06-14,136,67.99,9260.81,62989.48,False
ATM024,2024-06-15,144,69.14,9979.24,53010.23,False
ATM024,2024-06-16,106,68.07,7209.32,45800.91,False
ATM024,2024-06-17,89,73.56,6550.22,39250.7,False
ATM024,2024-06-18,94,69.32,6526.65,73473.35,True
ATM024,2024-06-19,95,70.73,6700.4,66772.95,False
ATM024,2024-06-20,98,69.78,6858.57,59914.38,False
ATM024,2024-06-21,130,71.37,9294.61,50619.77,False
ATM024,2024-06-22,152,68.47,10418.58,40201.19,False
ATM024,2024-06-23,101,70.64,7117.26,72882.74,True
ATM024,2024-06-24,95,69.34,6562.64,66320.1,False
ATM024,2024-06-25,78,72.63,5648.14,60671.96,False
ATM024,2024-06-26,102,65.83,6711.94,53960.03,False
ATM024,2024-06-27,109,69.56,7554.32,46405.71,False
ATM024,2024-06-28,132,72.39,9551.79,70448.21,True
ATM024,2024-06-29,161,72.11,11582.46,58865.75,False
ATM024,2024-06-30,114,67.11,7642.88,51222.87,False
ATM024,2024-07-01,77,71.84,5526.48,45696.38,False
ATM024,2024-07-02,98,68.29,6716.1,38980.28,False
ATM024,2024-07-03,89,68.83,6124.52,73875.48,True
ATM024,2024-07-04,91,72.26,6602.68,67272.8,False
ATM024,2024-07-05,138,69.52,9570.79,57702.0,False
ATM024,2024-07-06,186,66.99,12426.61,45275.39,False
ATM024,2024-07-07,115,67.8,7808.84,37466.55,False
ATM024,2024-07-08,90,70.31,6298.85,73701.15,True
ATM024,2024-07-09,93,69.45,6486.27,67214.88,False
ATM024,2024-07-10,88,69.41,6083.0,61131.87,False
ATM024,2024-07-11,89,71.33,6377.35,54754.53,False
ATM024,2024-07-12,136,70.91,9613.07,45141.46,False
ATM024,2024-07-13,148,69.59,10267.11,69732.89,True
ATM024,2024-07-14,113,72.15,8159.59,61573.29,False
ATM024,2024-07-15,99,70.78,7031.67,54541.62,False
ATM024,2024-07-16,97,69.13,6721.1,47820.52,False
ATM024,2024-07-17,85,72.51,6154.14,41666.38,False
ATM024,2024-07-18,105,69.39,7296.45,72703.55,True
ATM024,2024-07-19,126,69.57,8759.96,63943.58,False
ATM024,2024-07-20,134,73.62,9834.27,54109.31,False
ATM024,2024-07-21,116,68.39,7925.66,46183.66,False
ATM024,2024-07-22,87,68.37,5919.42,40264.24,False
ATM024,2024-07-23,84,69.65,5879.36,74120.64,True
ATM024,2024-07-24,99,67.97,6747.71,67372.93,False
ATM024,2024-07-25,119,68.02,8073.74,59299.19,False
ATM024,2024-07-26,116,73.55,8540.3,50758.89,False
ATM024,2024-07-27,163,69.62,11316.95,39441.93,False
ATM024,2024-07-28,109,70.85,7718.31,72281.69,True
ATM024,2024-07-29,96,67.28,6429.89,65851.8,False
ATM024,2024-07-30,75,68.23,5138.84,60712.95,False
ATM024,2024-07-31,96,73.9,7087.38,53625.57,False
ATM024,2024-08-01,99,67.99,6753.23,46872.35,False
ATM024,2024-08-02,136,70.92,9610.91,70389.09,True
ATM024,2024-08-03,166,64.69,10760.31,59628.78,False
ATM024,2024-08-04,130,72.38,9374.05,50254.73,False
ATM024,2024-08-05,92,68.49,6281.05,43973.68,False
ATM024,2024-08-06,92,71.04,6551.39,37422.29,False
ATM024,2024-08-07,89,70.96,6281.67,73718.33,True
ATM024,2024-08-08,96,70.84,6824.09,66894.25,False
ATM024,2024-08-09,140,70.72,9917.25,56977.0,False
ATM024,2024-08-10,144,72.93,10529.48,46447.52,False
ATM024,2024-08-11,98,68.32,6720.11,39727.41,False
ATM024,2024-08-12,93,68.47,6380.5,73619.5,True
ATM024,2024-08-13,82,72.7,5946.74,67672.75,False
ATM024,2024-08-14,93,66.16,6176.53,61496.22,False
ATM024,2024-08-15,95,70.12,6677.31,54818.91,False
ATM024,2024-08-16,133,71.17,9451.83,45367.08,False
ATM024,2024-08-17,153,69.71,10665.57,69334.43,True
ATM024,2024-08-18,100,69.07,6912.9,62421.52,False
ATM024,2024-08-19,88,69.4,6096.98,56324.54,False
ATM024,2024-08-20,91,70.85,6416.98,49907.56,False
ATM024,2024-08-21,96,69.19,6611.86,43295.7,False
ATM024,2024-08-22,107,71.41,7644.1,72355.9,True
ATM024,2024-08-23,133,71.27,9499.95,62855.95,False
ATM024,2024-08-24,150,65.57,9840.54,53015.41,False
ATM024,2024-08-25,101,71.57,7202.54,45812.87,False
ATM024,2024-08-26,92,69.71,6404.51,39408.36,False
ATM024,2024-08-27,87,65.89,5761.61,74238.39,True
ATM024,2024-08-28,99,69.56,6895.88,67342.51,False
ATM024,2024-08-29,97,68.59,6674.41,60668.09,False
ATM024,2024-08-30,143,71.85,10290.76,50377.33,False
ATM024,2024-08-31,133,72.45,9641.79,40735.54,False
ATM024,2024-09-01,108,68.72,7439.08,72560.92,True
ATM024,2024-09-02,91,68.36,6239.09,66321.82,False
ATM024,2024-09-03,78,71.63,5573.95,60747.87,False
ATM024,2024-09-04,86,71.3,6145.6,54602.28,False
ATM024,2024-09-05,99,71.15,7017.83,47584.45,False
ATM024,2024-09-06,120,68.18,8167.89,71832.11,True
ATM024,2024-09-07,159,67.32,10736.72,61095.39,False
ATM024,2024-09-08,115,67.08,7713.85,53381.54,False
ATM024,2024-09-09,87,73.38,6375.99,47005.56,False
ATM024,2024-09-10,98,66.11,6454.57,40550.99,False
ATM024,2024-09-11,90,73.83,6623.15,73376.85,True
ATM024,2024-09-12,118,71.0,8365.7,65011.15,False
ATM024,2024-09-13,121,70.91,8567.03,56444.12,False
ATM024,2024-09-14,166,69.61,11536.74,44907.39,False
ATM024,2024-09-15,118,68.24,8084.27,36823.12,False
ATM024,2024-09-16,101,64.77,6536.83,73463.17,True
ATM024,2024-09-17,82,69.99,5720.42,67742.75,False
ATM024,2024-09-18,90,67.27,6084.53,61658.21,False
ATM024,2024-09-19,94,70.69,6641.73,55016.48,False
ATM024,2024-09-20,134,70.13,9368.88,45647.6,False
ATM024,2024-09-21,157,69.28,10859.63,69140.37,True
ATM024,2024-09-22,122,67.92,8265.12,60875.25,False
ATM024,2024-09-23,101,72.34,7288.87,53586.38,False
ATM024,2024-09-24,86,69.39,5963.43,47622.95,False
ATM024,2024-09-25,89,71.26,6332.26,41290.7,False
ATM024,2024-09-26,111,67.18,7425.85,72574.15,True
ATM024,2024-09-27,148,65.56,9718.69,62855.46,False
ATM024,2024-09-28,139,73.05,10189.96,52665.5,False
ATM024,2024-09-29,102,66.64,6805.08,45860.42,False
ATM024,2024-09-30,89,72.91,6467.85,39392.57,False
ATM024,2024-10-01,95,66.0,6254.76,73745.24,True
ATM024,2024-10-02,79,70.21,5547.6,68197.63,False
ATM024,2024-10-03,90,70.29,6333.18,61864.45,False
ATM024,2024-10-04,139,68.97,9555.81,52308.64,False
ATM024,2024-10-05,164,71.24,11714.73,40593.91,False
ATM024,2024-10-06,114,71.93,8180.18,71819.82,True
ATM024,2024-10-07,91,69.59,6302.1,65517.73,False
ATM024,2024-10-08,84,71.43,5987.85,59529.87,False
ATM024,2024-10-09,81,73.62,5963.51,53566.36,False
ATM024,2024-10-10,93,70.45,6528.24,47038.12,False
ATM024,2024-10-11,134,69.05,9275.66,70724.34,True
ATM024,2024-10-12,174,69.08,12011.67,58712.67,False
ATM024,2024-10-13,107,68.61,7356.41,51356.26,False
ATM024,2024-10-14,92,69.79,6386.97,44969.29,False
ATM024,2024-10-15,82,69.11,5653.18,39316.11,False
ATM024,2024-10-16,90,72.16,6513.41,73486.59,True
ATM024,2024-10-17,98,70.12,6889.71,66596.88,False
ATM024,2024-10-18,133,68.94,9190.41,57406.47,False
ATM024,2024-10-19,145,66.73,9674.02,47732.45,False
ATM024,2024-10-20,100,71.9,7154.42,40578.03,False
ATM024,2024-10-21,89,69.27,6182.23,73817.77,True
ATM024,2024-10-22,82,72.61,5959.47,67858.3,False
ATM024,2024-10-23,83,70.58,5848.58,62009.72,False
ATM024,2024-10-24,98,70.14,6845.26,55164.46,False
ATM024,2024-10-25,137,70.12,9588.21,45576.25,False
ATM024,2024-10-26,156,69.94,10906.14,69093.86,True
ATM024,2024-10-27,121,70.09,8491.02,60602.85,False
ATM024,2024-10-28,79,71.34,5652.77,54950.08,False
ATM024,2024-10-29,90,70.07,6284.04,48666.04,False
ATM024,2024-10-30,93,65.56,6128.9,42537.14,False
ATM024,2024-10-31,82,73.46,6001.86,73998.14,True
ATM024,2024-11-01,148,72.03,10675.58,63322.55,False
ATM024,2024-11-02,160,67.8,10882.07,52440.49,False
ATM024,2024-11-03,133,69.78,9299.14,43141.35,False
ATM024,2024-11-04,112,69.97,7803.24,35338.11,False
ATM024,2024-11-05,104,68.57,7110.29,72889.71,True
ATM024,2024-11-06,93,72.95,6774.19,66115.52,False
ATM024,2024-11-07,134,67.82,9057.34,57058.19,False
ATM024,2024-11-08,149,69.27,10295.01,46763.18,False
ATM024,2024-11-09,179,69.62,12467.92,34295.26,False
ATM024,2024-11-10,131,69.9,9183.27,70816.73,True
ATM024,2024-11-11,99,75.07,7454.95,63361.78,False
ATM024,2024-11-12,95,73.44,6953.99,56407.79,False
ATM024,2024-11-13,115,71.06,8149.69,48258.1,False
ATM024,2024-11-14,101,70.07,7092.47,41165.63,False
ATM024,2024-11-15,153,70.04,10728.63,69271.37,True
ATM024,2024-11-16,158,71.59,11301.33,57970.04,False
ATM024,2024-11-17,131,72.46,9500.7,48469.34,False
ATM024,2024-11-18,108,67.78,7316.63,41152.71,False
ATM024,2024-11-19,100,73.69,7394.22,33758.49,False
ATM024,2024-11-20,104,70.95,7400.57,72599.43,True
ATM024,2024-11-21,116,68.94,7983.83,64615.6,False
ATM024,2024-11-22,167,69.78,11646.71,52968.89,False
ATM024,2024-11-23,176,71.07,12523.1,40445.79,False
ATM024,2024-11-24,128,71.17,9086.07,31359.71,False
ATM024,2024-11-25,104,68.08,7079.42,72920.58,True
ATM024,2024-11-26,103,69.96,7192.92,65727.66,False
ATM024,2024-11-27,101,70.51,7100.3,58627.36,False
ATM024,2024-11-28,119,72.49,8648.96,49978.41,False
ATM024,2024-11-29,183,67.24,12277.92,37700.49,False
ATM024,2024-11-30,162,69.39,11222.48,68777.52,True
ATM024,2024-12-01,128,69.5,8917.69,59859.84,False
ATM024,2024-12-02,104,69.36,7229.84,52629.99,False
ATM024,2024-12-03,111,67.21,7462.66,45167.33,False
ATM024,2024-12-04,124,70.04,8677.51,36489.82,False
ATM024,2024-12-05,127,68.78,8735.74,71264.26,True
ATM024,2024-12-06,165,70.21,11578.49,59685.77,False
ATM024,2024-12-07,186,69.58,12926.83,46758.94,False
ATM024,2024-12-08,148,66.87,9885.08,36873.87,False
ATM024,2024-12-09,114,70.25,8031.4,28842.47,False
ATM024,2024-12-10,91,74.1,6718.05,73281.95,True
ATM024,2024-12-11,128,65.64,8382.18,64899.77,False
ATM024,2024-12-12,115,71.48,8217.27,56682.5,False
ATM024,2024-12-13,157,73.18,11471.48,45211.02,False
ATM024,2024-12-14,189,70.56,13341.28,31869.74,False
ATM024,2024-12-15,145,71.97,10400.09,69599.91,True
ATM024,2024-12-16,107,68.84,7332.4,62267.51,False
ATM024,2024-12-17,115,68.33,7870.44,54397.07,False
ATM024,2024-12-18,103,69.5,7156.48,47240.59,False
ATM024,2024-12-19,120,69.59,8320.81,38919.79,False
ATM024,2024-12-20,140,72.44,10142.72,69857.28,True
ATM024,2024-12-21,159,74.24,11834.52,58022.76,False
ATM024,2024-12-22,125,72.66,9058.43,48964.33,False
ATM024,2024-12-23,108,72.76,7854.31,41110.02,False
ATM024,2024-12-24,107,70.49,7508.26,33601.75,False
ATM024,2024-12-25,106,75.22,7950.43,72049.57,True
ATM024,2024-12-26,111,71.67,7964.37,64085.2,False
ATM024,2024-12-27,156,71.06,11118.13,52967.07,False
ATM024,2024-12-28,187,65.47,12210.3,40756.77,False
ATM024,2024-12-29,121,72.1,8744.31,32012.46,False
ATM024,2024-12-30,99,71.93,7123.06,72876.94,True
ATM024,2024-12-31,105,69.6,7307.73,65569.21,False
ATM025,2024-01-01,203,72.13,14659.88,85340.12,True
ATM025,2024-01-02,208,66.55,13860.89,71479.24,False
ATM025,2024-01-03,205,66.21,13585.52,57893.71,False
ATM025,2024-01-04,224,71.88,16097.32,83902.68,True
ATM025,2024-01-05,317,71.03,22502.74,61399.94,False
ATM025,2024-01-06,370,66.69,24676.64,36723.31,False
ATM025,2024-01-07,249,67.03,16670.83,83329.17,True
ATM025,2024-01-08,189,73.39,13882.0,69447.17,False
ATM025,2024-01-09,207,71.39,14752.03,54695.14,False
ATM025,2024-01-10,203,67.91,13773.68,86226.32,True
ATM025,2024-01-11,215,72.33,15575.96,70650.35,False
ATM025,2024-01-12,325,66.67,21680.41,48969.94,False
ATM025,2024-01-13,352,65.98,23229.54,76770.46,True
ATM025,2024-01-14,259,68.54,17769.5,59000.96,False
ATM025,2024-01-15,182,71.72,13066.58,45934.39,False
ATM025,2024-01-16,202,70.49,14210.92,85789.08,True
ATM025,2024-01-17,228,71.33,16263.0,69526.08,False
ATM025,2024-01-18,207,71.09,14694.75,54831.33,False
ATM025,2024-01-19,284,72.66,20649.53,79350.47,True
ATM025,2024-01-20,332,70.8,23518.1,55832.36,False
ATM025,2024-01-21,217,70.13,15183.73,40648.63,False
ATM025,2024-01-22,209,67.85,14178.65,85821.35,True
ATM025,2024-01-23,190,70.92,13454.97,72366.38,False
ATM025,2024-01-24,208,67.03,13945.67,58420.71,False
ATM025,2024-01-25,219,69.02,15082.15,84917.85,True
ATM025,2024-01-26,304,70.18,21354.53,63563.32,False
ATM025,2024-01-27,324,69.05,22405.11,41158.21,False
ATM025,2024-01-28,234,72.02,16876.06,83123.94,True
ATM025,2024-01-29,199,72.99,14514.97,68608.97,False
ATM025,2024-01-30,202,73.14,14793.34,53815.62,False
ATM025,2024-01-31,209,73.28,15352.48,84647.52,True
ATM025,2024-02-01,90,71.36,6446.0,78201.52,False
ATM025,2024-02-02,143,72.94,10428.51,67773.01,False
ATM025,2024-02-03,139,71.38,9931.33,57841.68,False
ATM025,2024-02-04,104,73.88,7675.22,50166.46,False
ATM025,2024-02-05,86,68.38,5871.49,44294.97,False
ATM025,2024-02-06,78,70.3,5472.04,94527.96,True
ATM025,2024-02-07,106,69.91,7429.69,87098.26,False
ATM025,2024-02-08,99,71.16,7037.49,80060.77,False
ATM025,2024-02-09,134,70.77,9498.37,70562.4,False
ATM025,2024-02-10,158,68.22,10773.61,59788.79,False
ATM025,2024-02-11,106,71.56,7584.83,52203.96,False
ATM025,2024-02-12,95,72.73,6904.81,93095.19,True
ATM025,2024-02-13,90,70.75,6359.04,86736.15,False
ATM025,2024-02-14,97,68.75,6682.75,80053.4,False
ATM025,2024-02-15,819,69.74,57145.83,42854.17,True
ATM025,2024-02-16,1057,70.85,74884.04,25115.96,True
ATM025,2024-02-17,1408,68.51,96448.75,3551.25,True
ATM025,2024-02-18,980,68.68,67297.61,32702.39,True
ATM025,2024-02-19,693,74.32,51521.01,48478.99,True
ATM025,2024-02-20,736,67.31,49509.85,50490.15,True
ATM025,2024-02-21,780,70.56,55035.44,44964.56,True
ATM025,2024-02-22,844,74.2,62603.25,37396.75,True
ATM025,2024-02-23,1127,68.79,77539.92,22460.08,True
ATM025,2024-02-24,1389,71.97,100000.0,0.0,True
ATM025,2024-02-25,1004,68.76,69038.89,30961.11,True
ATM025,2024-02-26,835,71.69,59857.22,40142.78,True
ATM025,2024-02-27,783,68.77,53817.33,46182.67,True
ATM025,2024-02-28,744,73.46,54620.86,45379.14,True
ATM025,2024-02-29,810,68.32,55342.06,44657.94,True
ATM025,2024-03-01,1133,69.14,78354.69,21645.31,True
ATM025,2024-03-02,1243,72.01,89521.11,10478.89,True
ATM025,2024-03-03,961,70.13,67421.46,32578.54,True
ATM025,2024-03-04,791,71.31,56403.96,43596.04,True
ATM025,2024-03-05,653,72.25,47210.13,52789.87,True
ATM025,2024-03-06,741,69.07,51167.18,48832.82,True
ATM025,2024-03-07,876,69.84,61187.41,38812.59,True
ATM025,2024-03-08,1205,70.3,84713.68,15286.32,True
ATM025,2024-03-09,1200,73.21,87822.94,12177.06,True
ATM025,2024-03-10,971,70.63,68595.64,31404.36,True
ATM025,2024-03-11,847,68.52,58068.67,41931.33,True
ATM025,2024-03-12,913,67.72,61840.71,38159.29,True
ATM025,2024-03-13,787,69.4,54645.62,45354.38,True
ATM025,2024-03-14,846,69.05,58405.02,41594.98,True
ATM025,2024-03-15,1070,72.5,77569.34,22430.66,True
ATM025,2024-03-16,134,72.07,9634.16,12796.49,False
ATM025,2024-03-17,115,69.2,7989.52,4806.97,False
ATM025,2024-03-18,69,69.67,4806.97,0.0,False
ATM025,2024-03-19,85,67.71,5750.73,94249.27,True
ATM025,2024-03-20,93,71.27,6638.57,87610.7,False
ATM025,2024-03-21,103,69.18,7107.29,80503.42,False
ATM025,2024-03-22,136,69.32,9449.2,71054.21,False
ATM025,2024-03-23,132,70.13,9275.33,61778.88,False
ATM025,2024-03-24,113,70.14,7919.32,53859.56,False
ATM025,2024-03-25,108,67.89,7323.29,92676.71,True
ATM025,2024-03-26,84,70.28,5930.56,86746.15,False
ATM025,2024-03-27,98,66.01,6450.0,80296.15,False
ATM025,2024-03-28,103,70.52,7289.02,73007.14,False
ATM025,2024-03-29,118,69.75,8255.69,64751.44,False
ATM025,2024-03-30,143,69.05,9905.07,54846.37,False
ATM025,2024-03-31,98,70.87,6952.25,93047.75,True
ATM025,2024-04-01,228,70.56,16102.92,76944.83,False
ATM025,2024-04-02,166,70.6,11748.17,65196.67,False
ATM025,2024-04-03,203,67.69,13761.14,86238.86,True
ATM025,2024-04-04,219,71.85,15758.67,70480.19,False
ATM025,2024-04-05,302,66.55,20104.09,50376.1,False
ATM025,2024-04-06,292,68.6,20031.08,79968.92,True
ATM025,2024-04-07,241,68.92,16614.99,63353.93,False
ATM025,2024-04-08,191,71.19,13569.79,49784.14,False
ATM025,2024-04-09,200,70.42,14115.19,85884.81,True
ATM025,2024-04-10,215,68.62,14770.43,71114.37,False
ATM025,2024-04-11,207,68.9,14239.47,56874.9,False
ATM025,2024-04-12,308,65.69,20213.02,79786.98,True
ATM025,2024-04-13,307,72.32,22196.0,57590.98,False
ATM025,2024-04-14,250,71.1,17765.35,39825.62,False
ATM025,2024-04-15,197,73.04,14366.36,85633.64,True
ATM025,2024-04-16,187,67.97,12687.82,72945.83,False
ATM025,2024-04-17,215,70.06,15092.14,57853.69,False
ATM025,2024-04-18,206,71.16,14667.8,85332.2,True
ATM025,2024-04-19,299,68.24,20430.43,64901.77,False
ATM025,2024-04-20,307,70.68,21704.67,43197.1,False
ATM025,2024-04-21,233,73.19,17040.58,82959.42,True
ATM025,2024-04-22,201,69.35,13948.47,69010.95,False
ATM025,2024-04-23,210,72.07,15114.1,53896.85,False
ATM025,2024-04-24,211,66.72,14092.13,85907.87,True
ATM025,2024-04-25,214,67.79,14524.07,71383.81,False
ATM025,2024-04-26,306,68.93,21121.04,50262.77,False
ATM025,2024-04-27,387,66.7,25798.22,74201.78,True
ATM025,2024-04-28,220,70.51,15485.38,58716.4,False
ATM025,2024-04-29,229,64.57,14763.77,43952.62,False
ATM025,2024-04-30,174,69.45,12102.05,87897.95,True
ATM025,2024-05-01,94,73.96,6972.26,80925.69,False
ATM025,2024-05-02,97,69.64,6788.06,74137.63,False
ATM025,2024-05-03,127,71.33,9031.15,65106.48,False
ATM025,2024-05-04,161,72.64,11665.57,53440.91,False
ATM025,2024-05-05,112,68.24,7619.44,45821.47,False
ATM025,2024-05-06,89,72.9,6473.99,93526.01,True
ATM025,2024-05-07,91,66.19,6039.74,87486.27,False
ATM025,2024-05-08,89,69.41,6183.07,81303.2,False
ATM025,2024-05-09,87,70.49,6151.46,75151.75,False
ATM025,2024-05-10,134,73.91,9921.27,65230.48,False
ATM025,2024-05-11,133,71.53,9548.45,55682.03,False
ATM025,2024-05-12,115,71.09,8169.53,91830.47,True
ATM025,2024-05-13,89,67.76,6029.97,85800.5,False
ATM025,2024-05-14,89,70.19,6253.87,79546.63,False
ATM025,2024-05-15,84,72.71,6097.36,73449.27,False
ATM025,2024-05-16,103,66.02,6794.59,66654.68,False
ATM025,2024-05-17,133,71.01,9426.99,57227.69,False
ATM025,2024-05-18,152,70.7,10735.78,89264.22,True
ATM025,2024-05-19,125,67.66,8476.62,80787.6,False
ATM025,2024-05-20,86,73.24,6281.19,74506.41,False
ATM025,2024-05-21,77,69.89,5412.34,69094.07,False
ATM025,2024-05-22,95,72.55,6910.49,62183.58,False
ATM025,2024-05-23,102,71.44,7318.37,54865.21,False
ATM025,2024-05-24,122,72.88,8903.01,91096.99,True
ATM025,2024-05-25,143,67.61,9637.29,81459.7,False
ATM025,2024-05-26,114,68.96,7845.06,73614.64,False
ATM025,2024-05-27,93,70.9,6564.57,67050.06,False
ATM025,2024-05-28,99,70.91,7034.77,60015.3,False
ATM025,2024-05-29,85,71.42,6072.18,53943.11,False
ATM025,2024-05-30,92,71.92,6592.66,93407.34,True
ATM025,2024-05-31,136,70.84,9619.43,83787.91,False
ATM025,2024-06-01,142,65.27,9253.47,74534.44,False
ATM025,2024-06-02,93,73.67,6873.22,67661.22,False
ATM025,2024-06-03,83,71.54,5970.6,61690.61,False
ATM025,2024-06-04,85,69.5,5938.54,55752.08,False
ATM025,2024-06-05,86,73.45,6321.05,93678.95,True
ATM025,2024-06-06,103,70.81,7279.74,86399.21,False
ATM025,2024-06-07,153,68.67,10485.88,75913.33,False
ATM025,2024-06-08,157,71.89,11295.78,64617.55,False
ATM025,2024-06-09,117,69.67,8125.65,56491.9,False
ATM025,2024-06-10,92,68.17,6275.21,50216.69,False
ATM025,2024-06-11,86,68.07,5870.23,94129.77,True
ATM025,2024-06-12,94,69.52,6505.81,87623.96,False
ATM025,2024-06-13,101,71.02,7202.14,80421.83,False
ATM025,2024-06-14,131,67.71,8891.34,71530.49,False
ATM025,2024-06-15,151,68.37,10315.41,61215.08,False
ATM025,2024-06-16,98,73.56,7178.6,54036.48,False
ATM025,2024-06-17,78,74.25,5811.76,94188.24,True
ATM025,2024-06-18,88,72.07,6338.35,87849.89,False
ATM025,2024-06-19,95,71.3,6738.24,81111.65,False
ATM025,2024-06-20,116,67.73,7849.96,73261.69,False
ATM025,2024-06-21,139,68.21,9471.75,63789.94,False
ATM025,2024-06-22,136,68.61,9308.42,54481.52,False
ATM025,2024-06-23,125,69.64,8704.25,91295.75,True
ATM025,2024-06-24,100,74.38,7434.0,83861.75,False
ATM025,2024-06-25,104,74.0,7660.34,76201.41,False
ATM025,2024-06-26,106,70.68,7478.9,68722.51,False
ATM025,2024-06-27,101,70.62,7100.48,61622.03,False
ATM025,2024-06-28,136,70.31,9576.05,52045.98,False
ATM025,2024-06-29,160,69.02,11048.53,88951.47,True
ATM025,2024-06-30,98,70.76,6933.05,82018.42,False
ATM025,2024-07-01,90,68.76,6163.98,75854.44,False
ATM025,2024-07-02,89,69.22,6149.7,69704.74,False
ATM025,2024-07-03,98,69.65,6853.22,62851.52,False
ATM025,2024-07-04,108,70.43,7579.23,55272.29,False
ATM025,2024-07-05,135,70.33,9516.85,90483.15,True
ATM025,2024-07-06,135,70.71,9575.72,80907.43,False
ATM025,2024-07-07,112,72.08,8102.53,72804.9,False
ATM025,2024-07-08,88,66.81,5885.94,66918.96,False
ATM025,2024-07-09,82,72.91,5982.39,60936.58,False
ATM025,2024-07-10,94,68.37,6439.71,54496.86,False
ATM025,2024-07-11,92,68.56,6312.13,93687.87,True
ATM025,2024-07-12,126,71.96,9085.25,84602.62,False
ATM025,2024-07-13,166,67.8,11251.74,73350.88,False
ATM025,2024-07-14,113,71.37,8048.25,65302.63,False
ATM025,2024-07-15,85,69.82,5957.44,59345.19,False
ATM025,2024-07-16,90,70.34,6361.44,52983.75,False
ATM025,2024-07-17,80,70.28,5625.32,94374.68,True
ATM025,2024-07-18,100,73.32,7306.16,87068.52,False
ATM025,2024-07-19,133,68.85,9138.03,77930.48,False
ATM025,2024-07-20,146,70.61,10329.71,67600.77,False
ATM025,2024-07-21,108,71.27,7686.95,59913.82,False
ATM025,2024-07-22,84,70.83,5980.21,53933.61,False
ATM025,2024-07-23,85,69.7,5896.99,94103.01,True
ATM025,2024-07-24,107,67.06,7146.17,86956.84,False
ATM025,2024-07-25,102,67.32,6852.52,80104.32,False
ATM025,2024-07-26,134,72.2,9679.16,70425.15,False
ATM025,2024-07-27,152,69.75,10607.07,59818.09,False
ATM025,2024-07-28,119,70.69,8378.94,51439.15,False
ATM025,2024-07-29,96,71.5,6852.33,93147.67,True
ATM025,2024-07-30,73,69.84,5078.72,88068.95,False
ATM025,2024-07-31,86,68.26,5879.96,82188.99,False
ATM025,2024-08-01,112,69.21,7747.74,74441.25,False
ATM025,2024-08-02,163,67.04,10932.51,63508.75,False
ATM025,2024-08-03,136,71.6,9716.13,53792.61,False
ATM025,2024-08-04,106,70.65,7454.64,92545.36,True
ATM025,2024-08-05,92,69.7,6419.61,86125.75,False
ATM025,2024-08-06,86,70.38,6080.58,80045.17,False
ATM025,2024-08-07,90,73.39,6632.16,73413.01,False
ATM025,2024-08-08,100,69.17,6889.54,66523.47,False
ATM025,2024-08-09,126,73.09,9232.12,57291.36,False
ATM025,2024-08-10,167,66.01,11000.79,88999.21,True
ATM025,2024-08-11,98,68.26,6663.96,82335.24,False
ATM025,2024-08-12,94,69.93,6575.36,75759.88,False
ATM025,2024-08-13,92,69.63,6439.37,69320.51,False
ATM025,2024-08-14,98,71.62,6992.48,62328.03,False
ATM025,2024-08-15,97,72.41,7025.95,55302.09,False
ATM025,2024-08-16,122,69.82,8532.11,91467.89,True
ATM025,2024-08-17,149,71.26,10583.23,80884.66,False
ATM025,2024-08-18,97,69.45,6771.15,74113.5,False
ATM025,2024-08-19,94,71.0,6654.22,67459.28,False
ATM025,2024-08-20,94,71.6,6749.21,60710.07,False
ATM025,2024-08-21,88,71.42,6313.92,54396.15,False
ATM025,2024-08-22,98,70.31,6890.09,93109.91,True
ATM025,2024-08-23,145,69.9,10123.88,82986.03,False
ATM025,2024-08-24,149,72.02,10750.84,72235.19,False
ATM025,2024-08-25,111,72.59,8025.18,64210.01,False
ATM025,2024-08-26,107,71.48,7615.69,56594.32,False
ATM025,2024-08-27,85,71.07,6014.1,50580.22,False
ATM025,2024-08-28,92,71.29,6552.41,93447.59,True
ATM025,2024-08-29,117,66.46,7758.82,85688.76,False
ATM025,2024-08-30,144,73.89,10646.48,75042.28,False
ATM025,2024-08-31,153,71.24,10907.05,64135.23,False
ATM025,2024-09-01,107,70.01,7506.86,56628.37,False
ATM025,2024-09-02,95,71.33,6794.24,49834.12,False
ATM025,2024-09-03,92,71.32,6532.87,93467.13,True
ATM025,2024-09-04,94,71.65,6752.44,86714.7,False
ATM025,2024-09-05,91,71.75,6504.38,80210.32,False
ATM025,2024-09-06,156,69.94,10906.53,69303.79,False
ATM025,2024-09-07,171,68.07,11641.87,57661.91,False
ATM025,2024-09-08,111,68.65,7619.03,50042.88,False
ATM025,2024-09-09,97,73.45,7126.1,92873.9,True
ATM025,2024-09-10,85,72.46,6168.48,86705.42,False
ATM025,2024-09-11,102,69.93,7117.52,79587.89,False
ATM025,2024-09-12,99,71.54,7051.65,72536.24,False
ATM025,2024-09-13,129,70.23,9027.57,63508.67,False
ATM025,2024-09-14,177,68.95,12178.11,51330.56,False
ATM025,2024-09-15,114,71.1,8105.16,91894.84,True
ATM025,2024-09-16,91,70.47,6396.53,85498.31,False
ATM025,2024-09-17,99,71.16,7022.22,78476.09,False
ATM025,2024-09-18,91,73.36,6663.89,71812.2,False
ATM025,2024-09-19,101,67.8,6847.76,64964.45,False
ATM025,2024-09-20,154,70.29,10837.85,54126.59,False
ATM025,2024-09-21,163,68.4,11158.45,88841.55,True
ATM025,2024-09-22,116,67.7,7845.42,80996.13,False
ATM025,2024-09-23,95,68.64,6499.21,74496.92,False
ATM025,2024-09-24,84,69.36,5841.34,68655.58,False
ATM025,2024-09-25,80,67.56,5400.43,63255.15,False
ATM025,2024-09-26,104,70.73,7381.29,55873.86,False
ATM025,2024-09-27,125,71.15,8882.36,91117.64,True
ATM025,2024-09-28,138,71.52,9856.88,81260.76,False
ATM025,2024-09-29,109,69.32,7573.37,73687.38,False
ATM025,2024-09-30,85,75.38,6429.16,67258.22,False
ATM025,2024-10-01,84,70.48,5890.14,61368.08,False
ATM025,2024-10-02,99,67.98,6697.35,54670.73,False
ATM025,2024-10-03,91,68.74,6250.0,93750.0,True
ATM025,2024-10-04,146,69.28,10098.87,83651.13,False
ATM025,2024-10-05,143,71.91,10313.64,73337.49,False
ATM025,2024-10-06,103,69.81,7215.92,66121.58,False
ATM025,2024-10-07,82,70.67,5819.71,60301.87,False
ATM025,2024-10-08,88,71.67,6312.06,53989.81,False
ATM025,2024-10-09,84,69.6,5852.38,94147.62,True
ATM025,2024-10-10,92,69.48,6389.7,87757.93,False
ATM025,2024-10-11,153,69.33,10622.62,77135.3,False
ATM025,2024-10-12,139,68.57,9526.05,67609.25,False
ATM025,2024-10-13,101,67.28,6820.73,60788.52,False
ATM025,2024-10-14,101,66.96,6781.43,54007.1,False
ATM025,2024-10-15,91,70.05,6348.76,93651.24,True
ATM025,2024-10-16,87,70.48,6109.28,87541.96,False
ATM025,2024-10-17,91,71.77,6543.97,80997.99,False
ATM025,2024-10-18,132,69.19,9119.15,71878.84,False
ATM025,2024-10-19,142,71.45,10117.54,61761.3,False
ATM025,2024-10-20,123,64.49,7931.52,53829.79,False
ATM025,2024-10-21,99,66.34,6586.46,93413.54,True
ATM025,2024-10-22,87,69.77,6064.82,87348.73,False
ATM025,2024-10-23,87,71.05,6186.51,81162.21,False
ATM025,2024-10-24,107,68.38,7349.15,73813.06,False
ATM025,2024-10-25,129,69.92,9048.28,64764.78,False
ATM025,2024-10-26,136,69.0,9408.22,55356.56,False
ATM025,2024-10-27,126,66.84,8390.49,91609.51,True
ATM025,2024-10-28,92,68.76,6318.05,85291.46,False
ATM025,2024-10-29,104,68.87,7147.52,78143.95,False
ATM025,2024-10-30,90,67.84,6131.44,72012.51,False
ATM025,2024-10-31,99,70.57,6992.46,65020.05,False
ATM025,2024-11-01,147,72.08,10620.31,54399.75,False
ATM025,2024-11-02,176,71.79,12605.51,87394.49,True
ATM025,2024-11-03,125,70.51,8804.63,78589.86,False
ATM025,2024-11-04,103,73.06,7521.88,71067.98,False
ATM025,2024-11-05,106,70.02,7389.42,63678.56,False
ATM025,2024-11-06,105,68.92,7246.03,56432.53,False
ATM025,2024-11-07,117,71.72,8384.08,48048.45,False
ATM025,2024-11-08,153,70.27,10770.99,89229.01,True
ATM025,2024-11-09,177,70.75,12529.06,76699.95,False
ATM025,2024-11-10,117,68.06,7994.25,68705.7,False
ATM025,2024-11-11,99,70.07,6938.77,61766.93,False
ATM025,2024-11-12,100,68.96,6881.54,54885.39,False
ATM025,2024-11-13,100,69.15,6882.15,48003.24,False
ATM025,2024-11-14,106,71.59,7621.76,92378.24,True
ATM025,2024-11-15,166,70.32,11685.18,80693.07,False
ATM025,2024-11-16,184,65.72,12109.9,68583.17,False
ATM025,2024-11-17,128,68.4,8724.83,59858.34,False
ATM025,2024-11-18,109,71.3,7768.23,52090.11,False
ATM025,2024-11-19,103,72.65,7497.99,44592.12,False
ATM025,2024-11-20,105,68.72,7190.41,92809.59,True
ATM025,2024-11-21,126,70.35,8867.08,83942.51,False
ATM025,2024-11-22,150,73.88,11106.0,72836.51,False
ATM025,2024-11-23,185,69.6,12879.03,59957.48,False
ATM025,2024-11-24,118,72.79,8586.84,51370.64,False
ATM025,2024-11-25,111,70.05,7746.36,43624.28,False
ATM025,2024-11-26,107,71.85,7684.85,92315.15,True
ATM025,2024-11-27,108,71.86,7775.84,84539.32,False
ATM025,2024-11-28,120,71.17,8510.41,76028.9,False
ATM025,2024-11-29,145,73.8,10735.55,65293.36,False
ATM025,2024-11-30,161,70.65,11345.28,53948.08,False
ATM025,2024-12-01,118,69.79,8204.43,45743.65,False
ATM025,2024-12-02,104,70.29,7335.62,92664.38,True
ATM025,2024-12-03,110,67.99,7506.99,85157.39,False
ATM025,2024-12-04,102,72.93,7466.84,77690.55,False
ATM025,2024-12-05,110,68.21,7522.03,70168.53,False
ATM025,2024-12-06,171,70.16,12001.46,58167.07,False
ATM025,2024-12-07,173,72.15,12500.14,45666.93,False
ATM025,2024-12-08,124,68.91,8522.1,91477.9,True
ATM025,2024-12-09,105,69.27,7299.08,84178.82,False
ATM025,2024-12-10,121,66.43,8050.04,76128.78,False
ATM025,2024-12-11,103,67.13,6882.18,69246.6,False
ATM025,2024-12-12,132,68.71,9095.8,60150.8,False
ATM025,2024-12-13,166,66.61,11044.23,49106.57,False
ATM025,2024-12-14,169,71.82,12143.48,87856.52,True
ATM025,2024-12-15,131,69.77,9170.16,78686.37,False
ATM025,2024-12-16,99,69.31,6842.76,71843.61,False
ATM025,2024-12-17,109,67.92,7405.29,64438.31,False
ATM025,2024-12-18,109,71.86,7833.21,56605.1,False
ATM025,2024-12-19,111,71.52,7946.16,48658.94,False
ATM025,2024-12-20,155,72.41,11213.22,88786.78,True
ATM025,2024-12-21,211,67.7,14261.3,74525.48,False
ATM025,2024-12-22,131,72.74,9507.79,65017.69,False
ATM025,2024-12-23,104,68.79,7133.38,57884.31,False
ATM025,2024-12-24,101,69.72,7034.77,50849.54,False
ATM025,2024-12-25,105,69.58,7297.89,43551.65,False
ATM025,2024-12-26,132,66.02,8743.87,91256.13,True
ATM025,2024-12-27,148,71.41,10555.03,80701.1,False
ATM025,2024-12-28,190,67.78,12856.55,67844.54,False
ATM025,2024-12-29,129,72.79,9369.19,58475.35,False
ATM025,2024-12-30,112,67.88,7608.77,50866.59,False
ATM025,2024-12-31,106,73.62,7792.47,43074.12,False
ATM026,2024-01-01,130,70.24,9140.4,70859.6,False
ATM026,2024-01-02,101,70.93,7194.09,63665.51,False
ATM026,2024-01-03,115,67.33,7749.85,55915.66,False
ATM026,2024-01-04,112,72.5,8104.43,47811.23,False
ATM026,2024-01-05,167,70.7,11822.51,35988.72,False
ATM026,2024-01-06,203,70.34,14286.94,65713.06,True
ATM026,2024-01-07,144,70.8,10202.85,55510.21,False
ATM026,2024-01-08,125,68.4,8551.1,46959.11,False
ATM026,2024-01-09,110,69.78,7660.81,39298.31,False
ATM026,2024-01-10,116,70.9,8226.48,31071.83,False
ATM026,2024-01-11,140,70.72,9879.57,21192.25,False
ATM026,2024-01-12,181,65.42,11842.24,68157.76,True
ATM026,2024-01-13,194,67.18,13000.57,55157.19,False
ATM026,2024-01-14,135,70.51,9495.15,45662.04,False
ATM026,2024-01-15,115,73.9,8519.01,37143.03,False
ATM026,2024-01-16,114,74.01,8409.71,28733.32,False
ATM026,2024-01-17,121,72.28,8725.5,20007.82,False
ATM026,2024-01-18,132,67.74,8919.42,71080.58,True
ATM026,2024-01-19,174,69.98,12146.09,58934.49,False
ATM026,2024-01-20,193,67.9,13129.32,45805.17,False
ATM026,2024-01-21,152,67.89,10289.11,35516.06,False
ATM026,2024-01-22,112,67.64,7606.84,27909.22,False
ATM026,2024-01-23,118,67.92,7997.79,19911.42,False
ATM026,2024-01-24,115,71.26,8168.0,71832.0,True
ATM026,2024-01-25,139,68.61,9521.62,62310.38,False
ATM026,2024-01-26,166,68.79,11440.49,50869.89,False
ATM026,2024-01-27,200,71.87,14363.84,36506.05,False
ATM026,2024-01-28,141,72.52,10243.15,26262.9,False
ATM026,2024-01-29,139,68.99,9558.56,16704.34,False
ATM026,2024-01-30,130,69.45,9021.68,70978.32,True
ATM026,2024-01-31,125,71.49,8913.61,62064.71,False
ATM026,2024-02-01,98,67.97,6636.85,55427.86,False
ATM026,2024-02-02,145,66.26,9589.06,45838.8,False
ATM026,2024-02-03,164,74.34,12158.75,33680.04,False
ATM026,2024-02-04,114,71.79,8178.83,25501.22,False
ATM026,2024-02-05,111,70.44,7830.25,72169.75,True
ATM026,2024-02-06,97,69.48,6763.07,65406.67,False
ATM026,2024-02-07,100,71.84,7181.42,58225.25,False
ATM026,2024-02-08,111,70.9,7872.37,50352.88,False
ATM026,2024-02-09,156,66.65,10407.52,39945.36,False
ATM026,2024-02-10,181,67.3,12174.43,27770.93,False
ATM026,2024-02-11,121,71.59,8696.69,71303.31,True
ATM026,2024-02-12,95,68.72,6515.87,64787.44,False
ATM026,2024-02-13,113,69.83,7859.73,56927.71,False
ATM026,2024-02-14,89,71.68,6349.99,50577.71,False
ATM026,2024-02-15,166,65.97,10975.39,39602.33,False
ATM026,2024-02-16,242,68.08,16464.52,23137.81,False
ATM026,2024-02-17,260,68.29,17773.19,62226.81,True
ATM026,2024-02-18,189,70.39,13300.48,48926.33,False
ATM026,2024-02-19,126,70.8,8948.96,39977.38,False
ATM026,2024-02-20,138,72.98,10091.35,69908.65,True
ATM026,2024-02-21,151,71.59,10807.53,59101.12,False
ATM026,2024-02-22,161,68.34,11023.23,48077.89,False
ATM026,2024-02-23,229,69.24,15847.76,64152.24,True
ATM026,2024-02-24,274,69.68,19084.34,45067.9,False
ATM026,2024-02-25,170,68.26,11618.03,33449.86,False
ATM026,2024-02-26,165,69.65,11476.89,68523.11,True
ATM026,2024-02-27,140,72.23,10140.22,58382.89,False
ATM026,2024-02-28,151,65.31,9860.58,48522.31,False
ATM026,2024-02-29,155,70.51,10913.95,69086.05,True
ATM026,2024-03-01,234,66.72,15601.36,53484.69,False
ATM026,2024-03-02,265,70.34,18659.06,34825.63,False
ATM026,2024-03-03,184,70.88,13007.51,66992.49,True
ATM026,2024-03-04,139,70.64,9795.13,57197.36,False
ATM026,2024-03-05,152,72.39,10973.48,46223.88,False
ATM026,2024-03-06,156,71.08,11057.04,68942.96,True
ATM026,2024-03-07,147,69.97,10258.67,58684.29,False
ATM026,2024-03-08,204,72.69,14847.97,43836.32,False
ATM026,2024-03-09,277,68.0,18808.98,61191.02,True
ATM026,2024-03-10,179,70.52,12617.41,48573.61,False
ATM026,2024-03-11,172,66.48,11425.38,37148.24,False
ATM026,2024-03-12,126,70.08,8822.33,71177.67,True
ATM026,2024-03-13,125,70.33,8805.53,62372.14,False
ATM026,2024-03-14,166,72.6,12075.72,50296.42,False
ATM026,2024-03-15,216,70.34,15199.22,64800.78,True
ATM026,2024-03-16,177,67.53,11966.4,52834.38,False
ATM026,2024-03-17,126,70.58,8878.74,43955.64,False
ATM026,2024-03-18,96,70.3,6764.51,73235.49,True
ATM026,2024-03-19,94,71.64,6709.31,66526.18,False
ATM026,2024-03-20,96,70.48,6743.89,59782.3,False
ATM026,2024-03-21,107,68.03,7297.76,52484.54,False
ATM026,2024-03-22,155,68.12,10571.07,41913.47,False
ATM026,2024-03-23,170,71.24,12091.93,29821.55,False
ATM026,2024-03-24,112,70.45,7893.41,72106.59,True
ATM026,2024-03-25,100,66.63,6687.18,65419.42,False
ATM026,2024-03-26,93,69.89,6497.67,58921.75,False
ATM026,2024-03-27,102,70.31,7173.31,51748.44,False
ATM026,2024-03-28,120,67.94,8121.94,43626.49,False
ATM026,2024-03-29,138,73.45,10173.07,33453.42,False
ATM026,2024-03-30,145,69.05,9987.37,70012.63,True
ATM026,2024-03-31,111,69.59,7725.92,62286.7,False
ATM026,2024-04-01,115,71.26,8215.16,54071.54,False
ATM026,2024-04-02,123,67.26,8276.81,45794.74,False
ATM026,2024-04-03,114,70.0,7964.7,37830.04,False
ATM026,2024-04-04,128,75.11,9632.19,28197.85,False
ATM026,2024-04-05,194,67.87,13165.91,66834.09,True
ATM026,2024-04-06,194,70.38,13629.68,53204.42,False
ATM026,2024-04-07,136,70.99,9636.42,43567.99,False
ATM026,2024-04-08,102,71.16,7223.91,36344.08,False
ATM026,2024-04-09,113,69.77,7863.44,28480.65,False
ATM026,2024-04-10,137,67.35,9196.2,19284.45,False
ATM026,2024-04-11,130,71.67,9322.62,70677.38,True
ATM026,2024-04-12,190,66.61,12684.22,57993.16,False
ATM026,2024-04-13,217,69.56,15079.66,42913.5,False
ATM026,2024-04-14,139,69.35,9630.93,33282.58,False
ATM026,2024-04-15,122,67.5,8245.29,25037.28,False
ATM026,2024-04-16,120,68.75,8224.5,16812.79,False
ATM026,2024-04-17,122,71.09,8698.51,71301.49,True
ATM026,2024-04-18,147,69.56,10248.7,61052.79,False
ATM026,2024-04-19,177,66.91,11848.57,49204.22,False
ATM026,2024-04-20,224,71.39,15996.23,33207.99,False
ATM026,2024-04-21,129,73.56,9520.41,23687.58,False
ATM026,2024-04-22,139,67.16,9312.19,14375.39,False
ATM026,2024-04-23,111,69.72,7712.39,72287.61,True
ATM026,2024-04-24,110,69.8,7700.49,64587.12,False
ATM026,2024-04-25,143,67.12,9613.72,54973.4,False
ATM026,2024-04-26,177,72.45,12793.6,42179.81,False
ATM026,2024-04-27,202,69.84,14109.3,28070.5,False
ATM026,2024-04-28,133,71.74,9536.63,18533.88,False
ATM026,2024-04-29,111,70.51,7799.1,72200.9,True
ATM026,2024-04-30,113,72.36,8144.61,64056.29,False
ATM026,2024-05-01,96,68.95,6639.76,57416.52,False
ATM026,2024-05-02,99,70.92,6987.35,50429.17,False
ATM026,2024-05-03,149,68.19,10139.58,40289.6,False
ATM026,2024-05-04,152,71.13,10835.42,29454.18,False
ATM026,2024-05-05,114,67.87,7708.92,72291.08,True
ATM026,2024-05-06,108,69.65,7514.36,64776.71,False
ATM026,2024-05-07,105,69.25,7243.69,57533.03,False
ATM026,2024-05-08,98,70.33,6915.67,50617.36,False
ATM026,2024-05-09,115,72.74,8399.25,42218.11,False
ATM026,2024-05-10,165,68.68,11323.04,30895.06,False
ATM026,2024-05-11,149,71.6,10669.82,69330.18,True
ATM026,2024-05-12,127,72.44,9170.2,60159.98,False
ATM026,2024-05-13,99,71.53,7063.81,53096.17,False
ATM026,2024-05-14,102,70.31,7137.96,45958.22,False
ATM026,2024-05-15,100,70.21,7009.98,38948.24,False
ATM026,2024-05-16,105,68.56,7212.86,31735.38,False
ATM026,2024-05-17,149,66.64,9944.39,70055.61,True
ATM026,2024-05-18,165,69.91,11547.83,58507.78,False
ATM026,2024-05-19,121,72.65,8783.92,49723.85,False
ATM026,2024-05-20,106,72.98,7742.87,41980.99,False
ATM026,2024-05-21,96,66.99,6425.37,35555.62,False
ATM026,2024-05-22,101,72.9,7381.82,28173.8,False
ATM026,2024-05-23,120,71.02,8499.03,71500.97,True
ATM026,2024-05-24,128,70.77,9082.45,62418.52,False
ATM026,2024-05-25,164,72.63,11886.2,50532.32,False
ATM026,2024-05-26,128,71.91,9204.2,41328.12,False
ATM026,2024-05-27,100,67.84,6773.12,34555.0,False
ATM026,2024-05-28,103,68.34,7033.09,27521.91,False
ATM026,2024-05-29,115,66.42,7668.55,72331.45,True
ATM026,2024-05-30,112,70.67,7930.49,64400.96,False
ATM026,2024-05-31,151,68.06,10294.81,54106.15,False
ATM026,2024-06-01,144,68.88,9896.42,44209.73,False
ATM026,2024-06-02,111,72.33,8033.45,36176.29,False
ATM026,2024-06-03,94,70.95,6681.02,29495.26,False
ATM026,2024-06-04,87,71.01,6189.12,73810.88,True
ATM026,2024-06-05,79,74.4,5913.45,67897.43,False
ATM026,2024-06-06,118,64.13,7547.06,60350.38,False
ATM026,2024-06-07,146,68.16,9933.08,50417.29,False
ATM026,2024-06-08,158,69.23,10919.94,39497.36,False
ATM026,2024-06-09,116,68.29,7950.24,31547.12,False
ATM026,2024-06-10,91,71.73,6507.55,73492.45,True
ATM026,2024-06-11,106,69.47,7369.34,66123.1,False
ATM026,2024-06-12,102,67.63,6907.68,59215.42,False
ATM026,2024-06-13,109,70.48,7659.94,51555.49,False
ATM026,2024-06-14,145,70.83,10285.71,41269.78,False
ATM026,2024-06-15,172,67.79,11682.67,29587.1,False
ATM026,2024-06-16,130,69.56,9053.03,70946.97,True
ATM026,2024-06-17,112,70.88,7935.62,63011.36,False
ATM026,2024-06-18,107,72.47,7777.34,55234.02,False
ATM026,2024-06-19,103,68.48,7027.08,48206.93,False
ATM026,2024-06-20,102,71.12,7256.68,40950.25,False
ATM026,2024-06-21,153,68.76,10550.07,30400.19,False
ATM026,2024-06-22,173,70.08,12119.45,67880.55,True
ATM026,2024-06-23,130,67.95,8831.42,59049.13,False
ATM026,2024-06-24,107,71.05,7568.8,51480.33,False
ATM026,2024-06-25,102,72.05,7367.5,44112.82,False
ATM026,2024-06-26,99,69.65,6875.21,37237.62,False
ATM026,2024-06-27,124,69.39,8635.18,28602.44,False
ATM026,2024-06-28,159,69.2,11006.69,68993.31,True
ATM026,2024-06-29,149,67.42,10035.87,58957.44,False
ATM026,2024-06-30,120,71.47,8567.71,50389.73,False
ATM026,2024-07-01,100,72.41,7262.44,43127.29,False
ATM026,2024-07-02,102,68.37,6963.19,36164.1,False
ATM026,2024-07-03,102,70.36,7210.0,28954.1,False
ATM026,2024-07-04,103,70.99,7320.97,72679.03,True
ATM026,2024-07-05,153,68.73,10503.09,62175.94,False
ATM026,2024-07-06,155,72.97,11291.46,50884.48,False
ATM026,2024-07-07,130,70.4,9172.85,41711.63,False
ATM026,2024-07-08,106,66.99,7085.71,34625.92,False
ATM026,2024-07-09,106,72.18,7641.58,26984.34,False
ATM026,2024-07-10,112,65.22,7290.01,72709.99,True
ATM026,2024-07-11,110,69.73,7643.81,65066.17,False
ATM026,2024-07-12,159,69.05,10956.25,54109.92,False
ATM026,2024-07-13,158,71.3,11248.98,42860.94,False
ATM026,2024-07-14,115,68.79,7888.73,34972.21,False
ATM026,2024-07-15,98,72.81,7153.52,27818.69,False
ATM026,2024-07-16,99,72.26,7169.54,72830.46,True
ATM026,2024-07-17,95,73.14,6946.94,65883.52,False
ATM026,2024-07-18,91,74.25,6747.35,59136.17,False
ATM026,2024-07-19,171,70.96,12142.8,46993.37,False
ATM026,2024-07-20,173,69.92,12118.77,34874.6,False
ATM026,2024-07-21,119,68.72,8206.41,26668.19,False
ATM026,2024-07-22,99,71.17,7033.19,72966.81,True
ATM026,2024-07-23,94,74.17,6977.15,65989.66,False
ATM026,2024-07-24,104,66.87,6964.93,59024.73,False
ATM026,2024-07-25,127,67.44,8551.73,50472.99,False
ATM026,2024-07-26,142,70.57,10043.8,40429.19,False
ATM026,2024-07-27,176,66.96,11771.71,28657.47,False
ATM026,2024-07-28,118,66.89,7903.71,72096.29,True
ATM026,2024-07-29,102,72.49,7371.28,64725.01,False
ATM026,2024-07-30,86,72.09,6219.69,58505.32,False
ATM026,2024-07-31,108,68.62,7381.84,51123.48,False
ATM026,2024-08-01,98,67.75,6634.29,44489.19,False
ATM026,2024-08-02,137,73.24,10018.62,34470.57,False
ATM026,2024-08-03,167,67.89,11338.64,68661.36,True
ATM026,2024-08-04,125,67.28,8414.32,60247.04,False
ATM026,2024-08-05,108,67.95,7316.08,52930.96,False
ATM026,2024-08-06,90,70.79,6391.52,46539.44,False
ATM026,2024-08-07,105,74.62,7817.66,38721.78,False
ATM026,2024-08-08,103,68.75,7086.85,31634.93,False
ATM026,2024-08-09,149,72.45,10828.71,69171.29,True
ATM026,2024-08-10,140,70.18,9825.8,59345.5,False
ATM026,2024-08-11,122,65.96,8048.5,51297.0,False
ATM026,2024-08-12,93,68.81,6426.75,44870.24,False
ATM026,2024-08-13,94,72.12,6803.02,38067.23,False
ATM026,2024-08-14,98,71.99,7089.91,30977.31,False
ATM026,2024-08-15,111,68.52,7636.22,72363.78,True
ATM026,2024-08-16,144,71.46,10311.41,62052.37,False
ATM026,2024-08-17,176,69.69,12289.89,49762.48,False
ATM026,2024-08-18,110,70.7,7803.31,41959.18,False
ATM026,2024-08-19,101,72.59,7297.49,34661.69,False
ATM026,2024-08-20,94,68.6,6460.69,28201.0,False
ATM026,2024-08-21,105,69.14,7292.16,72707.84,True
ATM026,2024-08-22,102,72.63,7385.76,65322.08,False
ATM026,2024-08-23,128,74.32,9489.09,55832.99,False
ATM026,2024-08-24,153,71.82,10952.99,44879.99,False
ATM026,2024-08-25,117,70.57,8264.5,36615.49,False
ATM026,2024-08-26,97,71.8,6928.73,29686.76,False
ATM026,2024-08-27,96,68.8,6612.33,73387.67,True
ATM026,2024-08-28,112,70.06,7852.27,65535.4,False
ATM026,2024-08-29,109,66.87,7269.83,58265.56,False
ATM026,2024-08-30,173,68.84,11901.97,46363.6,False
ATM026,2024-08-31,186,70.84,13208.04,33155.55,False
ATM026,2024-09-01,120,70.36,8411.4,24744.16,False
ATM026,2024-09-02,126,65.4,8241.54,71758.46,True
ATM026,2024-09-03,99,69.44,6877.49,64880.97,False
ATM026,2024-09-04,97,70.31,6813.81,58067.16,False
ATM026,2024-09-05,106,70.4,7481.21,50585.95,False
ATM026,2024-09-06,155,67.24,10427.67,40158.28,False
ATM026,2024-09-07,164,71.5,11742.24,28416.03,False
ATM026,2024-09-08,108,73.92,8017.62,71982.38,True
ATM026,2024-09-09,108,71.77,7748.98,64233.4,False
ATM026,2024-09-10,102,70.06,7181.27,57052.13,False
ATM026,2024-09-11,102,73.3,7491.47,49560.67,False
ATM026,2024-09-12,117,68.8,8065.49,41495.18,False
ATM026,2024-09-13,146,71.2,10415.92,31079.26,False
ATM026,2024-09-14,174,69.84,12123.42,67876.58,True
ATM026,2024-09-15,109,73.33,8003.74,59872.83,False
ATM026,2024-09-16,96,68.02,6547.01,53325.82,False
ATM026,2024-09-17,91,68.02,6174.02,47151.8,False
ATM026,2024-09-18,104,72.69,7547.25,39604.56,False
ATM026,2024-09-19,107,71.04,7582.55,32022.01,False
ATM026,2024-09-20,155,67.5,10437.22,69562.78,True
ATM026,2024-09-21,183,72.89,13353.32,56209.47,False
ATM026,2024-09-22,125,68.2,8536.87,47672.59,False
ATM026,2024-09-23,101,68.55,6947.11,40725.48,False
ATM026,2024-09-24,97,70.65,6821.5,33903.98,False
ATM026,2024-09-25,101,66.95,6753.02,27150.96,False
ATM026,2024-09-26,126,70.5,8848.75,71151.25,True
ATM026,2024-09-27,156,69.11,10784.12,60367.13,False
ATM026,2024-09-28,147,69.83,10248.76,50118.37,False
ATM026,2024-09-29,114,71.49,8141.38,41976.99,False
ATM026,2024-09-30,105,71.61,7519.48,34457.51,False
ATM026,2024-10-01,98,73.79,7260.35,27197.16,False
ATM026,2024-10-02,98,72.31,7107.55,72892.45,True
ATM026,2024-10-03,120,66.01,7890.05,65002.4,False
ATM026,2024-10-04,152,68.18,10332.53,54669.87,False
ATM026,2024-10-05,170,68.34,11619.65,43050.22,False
ATM026,2024-10-06,121,72.06,8688.35,34361.87,False
ATM026,2024-10-07,105,73.4,7677.71,26684.16,False
ATM026,2024-10-08,89,67.48,6025.06,73974.94,True
ATM026,2024-10-09,118,72.12,8489.38,65485.56,False
ATM026,2024-10-10,111,70.07,7742.65,57742.92,False
ATM026,2024-10-11,158,65.94,10403.4,47339.51,False
ATM026,2024-10-12,155,69.77,10831.24,36508.27,False
ATM026,2024-10-13,115,68.77,7920.67,28587.61,False
ATM026,2024-10-14,122,69.47,8441.69,71558.31,True
ATM026,2024-10-15,98,70.51,6908.26,64650.05,False
ATM026,2024-10-16,104,69.0,7207.56,57442.49,False
ATM026,2024-10-17,117,70.93,8317.16,49125.33,False
ATM026,2024-10-18,137,69.77,9544.95,39580.38,False
ATM026,2024-10-19,162,69.54,11295.98,28284.4,False
ATM026,2024-10-20,121,71.33,8629.93,71370.07,True
ATM026,2024-10-21,103,70.71,7317.27,64052.8,False
ATM026,2024-10-22,104,65.48,6815.8,57237.0,False
ATM026,2024-10-23,103,71.03,7303.26,49933.74,False
ATM026,2024-10-24,101,70.59,7114.24,42819.5,False
ATM026,2024-10-25,151,72.46,10929.54,31889.96,False
ATM026,2024-10-26,168,70.68,11848.7,68151.3,True
ATM026,2024-10-27,128,69.36,8898.3,59253.0,False
ATM026,2024-10-28,106,68.7,7263.86,51989.14,False
ATM026,2024-10-29,110,66.62,7322.63,44666.51,False
ATM026,2024-10-30,105,70.04,7323.15,37343.36,False
ATM026,2024-10-31,119,68.36,8154.82,29188.54,False
ATM026,2024-11-01,177,70.13,12402.85,67597.15,True
ATM026,2024-11-02,205,67.8,13906.88,53690.27,False
ATM026,2024-11-03,155,66.12,10274.19,43416.08,False
ATM026,2024-11-04,119,66.72,7947.34,35468.74,False
ATM026,2024-11-05,120,70.84,8471.77,26996.97,False
ATM026,2024-11-06,115,73.09,8425.86,18571.11,False
ATM026,2024-11-07,123,71.28,8797.18,71202.82,True
ATM026,2024-11-08,177,69.82,12382.07,58820.76,False
ATM026,2024-11-09,199,74.37,14782.97,44037.79,False
ATM026,2024-11-10,133,71.75,9534.32,34503.47,False
ATM026,2024-11-11,120,70.7,8515.8,25987.67,False
ATM026,2024-11-12,117,69.3,8134.11,17853.56,False
ATM026,2024-11-13,87,73.22,6349.87,73650.13,True
ATM026,2024-11-14,123,69.49,8566.98,65083.15,False
ATM026,2024-11-15,178,68.35,12136.38,52946.77,False
ATM026,2024-11-16,196,69.91,13719.64,39227.13,False
ATM026,2024-11-17,133,70.31,9345.94,29881.19,False
ATM026,2024-11-18,115,71.95,8308.44,21572.74,False
ATM026,2024-11-19,107,68.31,7278.59,72721.41,True
ATM026,2024-11-20,125,68.66,8586.18,64135.23,False
ATM026,2024-11-21,123,68.76,8442.75,55692.48,False
ATM026,2024-11-22,175,69.8,12238.16,43454.32,False
ATM026,2024-11-23,196,67.84,13294.03,30160.29,False
ATM026,2024-11-24,143,72.79,10373.15,19787.14,False
ATM026,2024-11-25,109,66.74,7285.28,72714.72,True
ATM026,2024-11-26,117,73.3,8575.97,64138.76,False
ATM026,2024-11-27,98,71.71,7031.08,57107.68,False
ATM026,2024-11-28,148,68.19,10086.5,47021.17,False
ATM026,2024-11-29,198,69.63,13766.04,33255.13,False
ATM026,2024-11-30,201,68.49,13791.28,19463.86,False
ATM026,2024-12-01,147,71.75,10539.94,69460.06,True
ATM026,2024-12-02,129,73.03,9396.29,60063.76,False
ATM026,2024-12-03,104,76.53,7989.46,52074.3,False
ATM026,2024-12-04,126,71.14,8970.47,43103.83,False
ATM026,2024-12-05,126,66.79,8387.53,34716.3,False
ATM026,2024-12-06,164,68.04,11139.26,23577.04,False
ATM026,2024-12-07,209,71.02,14856.28,65143.72,True
ATM026,2024-12-08,135,69.71,9413.68,55730.04,False
ATM026,2024-12-09,114,71.68,8178.78,47551.25,False
ATM026,2024-12-10,106,70.73,7517.61,40033.65,False
ATM026,2024-12-11,122,68.22,8334.38,31699.27,False
ATM026,2024-12-12,145,69.38,10051.35,21647.92,False
ATM026,2024-12-13,160,71.79,11497.56,68502.44,True
ATM026,2024-12-14,191,70.86,13542.41,54960.02,False
ATM026,2024-12-15,126,71.71,9044.64,45915.38,False
ATM026,2024-12-16,144,67.35,9695.44,36219.94,False
ATM026,2024-12-17,120,68.35,8195.28,28024.66,False
ATM026,2024-12-18,136,72.6,9851.81,18172.85,False
ATM026,2024-12-19,136,67.42,9173.27,70826.73,True
ATM026,2024-12-20,161,71.57,11502.95,59323.77,False
ATM026,2024-12-21,182,67.2,12263.62,47060.15,False
ATM026,2024-12-22,140,70.28,9832.75,37227.41,False
ATM026,2024-12-23,124,69.08,8552.19,28675.21,False
ATM026,2024-12-24,125,68.19,8526.46,20148.75,False
ATM026,2024-12-25,121,70.45,8527.09,71472.91,True
ATM026,2024-12-26,129,72.48,9380.12,62092.8,False
ATM026,2024-12-27,174,68.61,11938.33,50154.46,False
ATM026,2024-12-28,182,65.76,11987.02,38167.44,False
ATM026,2024-12-29,139,69.77,9706.37,28461.08,False
ATM026,2024-12-30,113,68.17,7718.04,20743.04,False
ATM026,2024-12-31,124,71.84,8894.25,71105.75,True
ATM027,2024-01-01,130,68.68,8923.73,71076.27,False
ATM027,2024-01-02,114,69.29,7868.47,63207.81,False
ATM027,2024-01-03,127,72.48,9174.59,54033.22,False
ATM027,2024-01-04,125,70.97,8897.53,45135.69,False
ATM027,2024-01-05,189,67.88,12831.29,32304.4,False
ATM027,2024-01-06,204,67.35,13762.19,66237.81,True
ATM027,2024-01-07,152,73.26,11103.07,55134.74,False
ATM027,2024-01-08,123,68.64,8427.95,46706.79,False
ATM027,2024-01-09,124,72.55,8964.69,37742.1,False
ATM027,2024-01-10,113,69.69,7862.32,29879.78,False
ATM027,2024-01-11,136,68.38,9329.01,20550.77,False
ATM027,2024-01-12,192,68.53,13188.62,7362.14,False
ATM027,2024-01-13,194,69.79,13529.89,66470.11,True
ATM027,2024-01-14,140,65.68,9221.83,57248.27,False
ATM027,2024-01-15,135,68.45,9249.53,47998.74,False
ATM027,2024-01-16,130,74.14,9668.88,38329.87,False
ATM027,2024-01-17,110,74.91,8204.13,30125.74,False
ATM027,2024-01-18,146,68.64,10003.0,20122.74,False
ATM027,2024-01-19,150,71.45,10714.6,9408.14,False
ATM027,2024-01-20,199,70.91,14082.19,65917.81,True
ATM027,2024-01-21,149,67.6,10072.31,55845.51,False
ATM027,2024-01-22,118,71.48,8418.25,47427.26,False
ATM027,2024-01-23,117,69.24,8122.72,39304.54,False
ATM027,2024-01-24,109,70.19,7642.57,31661.97,False
ATM027,2024-01-25,120,71.93,8666.11,22995.86,False
ATM027,2024-01-26,176,69.38,12194.06,10801.8,False
ATM027,2024-01-27,236,69.36,16349.52,63650.48,True
ATM027,2024-01-28,139,71.23,9924.12,53726.36,False
ATM027,2024-01-29,105,72.63,7654.74,46071.62,False
ATM027,2024-01-30,126,71.1,8926.71,37144.91,False
ATM027,2024-01-31,97,69.46,6710.64,30434.27,False
ATM027,2024-02-01,99,72.36,7140.86,23293.42,False
ATM027,2024-02-02,163,70.81,11515.5,11777.92,False
ATM027,2024-02-03,147,73.14,10763.71,69236.29,True
ATM027,2024-02-04,113,73.79,8373.97,60862.32,False
ATM027,2024-02-05,104,71.06,7363.6,53498.71,False
ATM027,2024-02-06,92,72.95,6718.93,46779.78,False
ATM027,2024-02-07,101,73.03,7391.72,39388.07,False
ATM027,2024-02-08,113,69.9,7903.94,31484.13,False
ATM027,2024-02-09,153,73.03,11152.61,20331.52,False
ATM027,2024-02-10,179,70.29,12573.23,67426.77,True
ATM027,2024-02-11,104,71.7,7489.34,59937.43,False
ATM027,2024-02-12,93,70.07,6535.59,53401.84,False
ATM027,2024-02-13,103,67.02,6882.94,46518.89,False
ATM027,2024-02-14,98,74.52,7270.64,39248.25,False
ATM027,2024-02-15,162,71.61,11608.77,68391.23,True
ATM027,2024-02-16,267,71.81,19175.3,49215.93,False
ATM027,2024-02-17,241,70.5,17012.86,32203.07,False
ATM027,2024-02-18,184,73.01,13408.0,18795.07,False
ATM027,2024-02-19,186,64.18,11961.18,68038.82,True
ATM027,2024-02-20,142,69.85,9933.63,58105.19,False
ATM027,2024-02-21,161,62.23,10028.29,48076.91,False
ATM027,2024-02-22,161,69.99,11277.96,36798.95,False
ATM027,2024-02-23,231,67.91,15673.24,64326.76,True
ATM027,2024-02-24,252,70.72,17850.14,46476.63,False
ATM027,2024-02-25,172,72.88,12545.92,33930.71,False
ATM027,2024-02-26,162,68.17,11031.14,22899.57,False
ATM027,2024-02-27,140,69.55,9748.79,70251.21,True
ATM027,2024-02-28,170,68.27,11639.67,58611.54,False
ATM027,2024-02-29,176,70.2,12371.0,46240.54,False
ATM027,2024-03-01,264,70.82,18694.9,27545.64,False
ATM027,2024-03-02,237,71.55,16949.41,63050.59,True
ATM027,2024-03-03,198,69.17,13682.24,49368.36,False
ATM027,2024-03-04,142,71.13,10126.98,39241.38,False
ATM027,2024-03-05,159,66.82,10594.2,28647.18,False
ATM027,2024-03-06,160,68.66,10960.48,69039.52,True
ATM027,2024-03-07,154,69.26,10671.23,58368.29,False
ATM027,2024-03-08,245,72.54,17788.09,40580.2,False
ATM027,2024-03-09,270,70.57,19017.91,21562.29,False
ATM027,2024-03-10,193,70.21,13516.39,66483.61,True
ATM027,2024-03-11,149,68.1,10168.85,56314.77,False
ATM027,2024-03-12,139,72.94,10108.31,46206.46,False
ATM027,2024-03-13,171,67.73,11609.78,34596.67,False
ATM027,2024-03-14,172,69.15,11910.03,68089.97,True
ATM027,2024-03-15,234,68.87,16084.68,52005.29,False
ATM027,2024-03-16,185,69.96,12920.26,67079.74,True
ATM027,2024-03-17,123,70.47,8659.16,58420.58,False
ATM027,2024-03-18,96,70.23,6726.32,51694.26,False
ATM027,2024-03-19,102,73.09,7474.61,44219.65,False
ATM027,2024-03-20,98,66.81,6536.63,37683.01,False
ATM027,2024-03-21,108,72.33,7840.34,29842.67,False
ATM027,2024-03-22,154,71.43,10970.24,18872.43,False
ATM027,2024-03-23,155,68.8,10645.96,69354.04,True
ATM027,2024-03-24,105,69.7,7313.77,62040.27,False
ATM027,2024-03-25,85,72.8,6211.96,55828.3,False
ATM027,2024-03-26,110,70.3,7736.8,48091.51,False
ATM027,2024-03-27,90,70.79,6371.85,41719.66,False
ATM027,2024-03-28,125,71.0,8891.29,32828.37,False
ATM027,2024-03-29,168,68.98,11622.74,21205.63,False
ATM027,2024-03-30,158,69.85,11016.71,68983.29,True
ATM027,2024-03-31,100,74.75,7453.0,61530.28,False
ATM027,2024-04-01,122,71.82,8758.89,52771.39,False
ATM027,2024-04-02,121,66.76,8062.04,44709.35,False
ATM027,2024-04-03,139,67.64,9392.37,35316.98,False
ATM027,2024-04-04,135,70.93,9599.14,25717.84,False
ATM027,2024-04-05,189,68.35,12903.68,12814.16,False
ATM027,2024-04-06,204,68.0,13904.96,66095.04,True
ATM027,2024-04-07,152,71.2,10831.41,55263.63,False
ATM027,2024-04-08,126,68.81,8660.7,46602.93,False
ATM027,2024-04-09,143,67.27,9650.25,36952.67,False
ATM027,2024-04-10,109,69.83,7629.09,29323.59,False
ATM027,2024-04-11,127,72.3,9199.89,20123.7,False
ATM027,2024-04-12,192,70.06,13430.98,6692.72,False
ATM027,2024-04-13,205,71.01,14552.22,65447.78,True
ATM027,2024-04-14,168,70.53,11858.64,53589.14,False
ATM027,2024-04-15,117,70.42,8269.87,45319.27,False
ATM027,2024-04-16,99,69.93,6932.11,38387.16,False
ATM027,2024-04-17,129,71.26,9176.08,29211.08,False
ATM027,2024-04-18,134,71.36,9565.41,19645.67,False
ATM027,2024-04-19,190,72.99,13867.72,5777.95,False
ATM027,2024-04-20,209,69.34,14498.45,65501.55,True
ATM027,2024-04-21,121,72.05,8704.69,56796.86,False
ATM027,2024-04-22,128,70.32,8992.2,47804.66,False
ATM027,2024-04-23,110,72.03,7935.2,39869.46,False
ATM027,2024-04-24,119,69.93,8348.52,31520.94,False
ATM027,2024-04-25,132,70.94,9330.94,22190.0,False
ATM027,2024-04-26,166,71.18,11845.3,10344.7,False
ATM027,2024-04-27,195,68.56,13359.9,66640.1,True
ATM027,2024-04-28,160,67.91,10889.24,55750.86,False
ATM027,2024-04-29,131,70.21,9227.01,46523.86,False
ATM027,2024-04-30,102,72.87,7419.36,39104.5,False
ATM027,2024-05-01,102,70.83,7239.03,31865.47,False
ATM027,2024-05-02,115,73.15,8376.58,23488.88,False
ATM027,2024-05-03,152,71.3,10849.14,12639.74,False
ATM027,2024-05-04,173,69.28,12017.71,67982.29,True
ATM027,2024-05-05,108,70.45,7634.26,60348.03,False
ATM027,2024-05-06,112,71.22,7960.55,52387.48,False
ATM027,2024-05-07,89,72.3,6439.37,45948.11,False
ATM027,2024-05-08,106,65.61,6931.71,39016.4,False
ATM027,2024-05-09,123,68.01,8382.84,30633.57,False
ATM027,2024-05-10,167,72.41,12117.68,18515.89,False
ATM027,2024-05-11,162,70.96,11524.24,68475.76,True
ATM027,2024-05-12,140,72.1,10106.32,58369.44,False
ATM027,2024-05-13,97,76.07,7349.6,51019.84,False
ATM027,2024-05-14,98,71.22,6996.3,44023.55,False
ATM027,2024-05-15,100,66.48,6634.18,37389.37,False
ATM027,2024-05-16,109,70.08,7650.62,29738.75,False
ATM027,2024-05-17,163,67.02,10946.97,18791.78,False
ATM027,2024-05-18,180,68.26,12263.72,67736.28,True
ATM027,2024-05-19,124,71.96,8900.42,58835.86,False
ATM027,2024-05-20,103,67.98,7030.7,51805.16,False
ATM027,2024-05-21,108,71.83,7730.75,44074.41,False
ATM027,2024-05-22,98,73.08,7159.27,36915.14,False
ATM027,2024-05-23,114,68.7,7851.95,29063.2,False
ATM027,2024-05-24,143,69.77,9973.14,19090.06,False
ATM027,2024-05-25,169,72.92,12359.42,67640.58,True
ATM027,2024-05-26,118,72.55,8543.17,59097.41,False
ATM027,2024-05-27,104,68.36,7120.47,51976.94,False
ATM027,2024-05-28,92,68.94,6332.58,45644.36,False
ATM027,2024-05-29,87,74.22,6481.57,39162.78,False
ATM027,2024-05-30,115,69.8,8050.1,31112.69,False
ATM027,2024-05-31,179,67.27,12067.96,19044.72,False
ATM027,2024-06-01,156,74.2,11597.6,68402.4,True
ATM027,2024-06-02,112,75.14,8443.56,59958.84,False
ATM027,2024-06-03,105,72.74,7636.69,52322.15,False
ATM027,2024-06-04,109,70.0,7618.6,44703.55,False
ATM027,2024-06-05,98,69.76,6845.52,37858.03,False
ATM027,2024-06-06,104,69.86,7285.22,30572.8,False
ATM027,2024-06-07,145,73.55,10694.25,19878.56,False
ATM027,2024-06-08,163,74.96,12206.0,67794.0,True
ATM027,2024-06-09,109,67.44,7332.51,60461.49,False
ATM027,2024-06-10,96,73.13,7050.5,53410.99,False
ATM027,2024-06-11,103,66.92,6885.93,46525.06,False
ATM027,2024-06-12,103,67.49,6963.0,39562.06,False
ATM027,2024-06-13,95,74.2,7080.75,32481.31,False
ATM027,2024-06-14,148,70.36,10437.46,22043.85,False
ATM027,2024-06-15,167,69.47,11633.53,68366.47,True
ATM027,2024-06-16,116,69.35,8041.7,60324.77,False
ATM027,2024-06-17,101,72.98,7400.73,52924.04,False
ATM027,2024-06-18,110,67.44,7414.75,45509.3,False
ATM027,2024-06-19,107,71.0,7591.03,37918.27,False
ATM027,2024-06-20,106,70.38,7472.3,30445.97,False
ATM027,2024-06-21,159,70.1,11134.79,19311.18,False
ATM027,2024-06-22,178,68.19,12109.8,67890.2,True
ATM027,2024-06-23,149,65.95,9805.91,58084.29,False
ATM027,2024-06-24,106,70.77,7526.44,50557.85,False
ATM027,2024-06-25,106,68.51,7258.38,43299.48,False
ATM027,2024-06-26,110,69.77,7687.64,35611.84,False
ATM027,2024-06-27,106,67.7,7184.3,28427.54,False
ATM027,2024-06-28,162,66.65,10791.34,17636.2,False
ATM027,2024-06-29,184,72.2,13282.32,66717.68,True
ATM027,2024-06-30,132,73.61,9692.63,57025.05,False
ATM027,2024-07-01,103,68.17,7052.19,49972.86,False
ATM027,2024-07-02,83,69.15,5752.91,44219.95,False
ATM027,2024-07-03,117,68.26,8015.4,36204.54,False
ATM027,2024-07-04,112,68.84,7692.45,28512.1,False
ATM027,2024-07-05,151,72.7,10982.07,17530.03,False
ATM027,2024-07-06,157,67.17,10513.43,69486.57,True
ATM027,2024-07-07,132,71.54,9464.52,60022.05,False
ATM027,2024-07-08,96,73.58,7098.02,52924.03,False
ATM027,2024-07-09,88,71.96,6306.61,46617.42,False
ATM027,2024-07-10,99,71.27,7049.75,39567.67,False
ATM027,2024-07-11,95,69.45,6605.04,32962.63,False
ATM027,2024-07-12,161,69.87,11263.75,21698.88,False
ATM027,2024-07-13,176,72.57,12784.96,67215.04,True
ATM027,2024-07-14,111,71.73,7975.6,59239.44,False
ATM027,2024-07-15,96,70.11,6742.87,52496.57,False
ATM027,2024-07-16,106,68.25,7265.08,45231.49,False
ATM027,2024-07-17,109,68.94,7484.65,37746.84,False
ATM027,2024-07-18,105,71.48,7495.36,30251.48,False
ATM027,2024-07-19,148,68.14,10089.51,20161.97,False
ATM027,2024-07-20,179,70.23,12594.74,67405.26,True
ATM027,2024-07-21,107,71.8,7703.68,59701.58,False
ATM027,2024-07-22,105,67.05,7025.24,52676.33,False
ATM027,2024-07-23,81,71.9,5821.97,46854.37,False
ATM027,2024-07-24,99,67.39,6669.7,40184.67,False
ATM027,2024-07-25,114,71.69,8163.65,32021.02,False
ATM027,2024-07-26,141,71.92,10124.08,21896.93,False
ATM027,2024-07-27,186,72.83,13520.96,66479.04,True
ATM027,2024-07-28,131,70.66,9270.72,57208.33,False
ATM027,2024-07-29,100,69.88,7007.02,50201.31,False
ATM027,2024-07-30,106,67.36,7156.36,43044.95,False
ATM027,2024-07-31,100,67.0,6712.11,36332.84,False
ATM027,2024-08-01,113,70.17,7935.9,28396.95,False
ATM027,2024-08-02,142,71.72,10219.78,18177.17,False
ATM027,2024-08-03,159,68.55,10883.81,69116.19,True
ATM027,2024-08-04,125,71.95,9008.09,60108.1,False
ATM027,2024-08-05,97,70.49,6836.47,53271.63,False
ATM027,2024-08-06,94,69.59,6570.79,46700.84,False
ATM027,2024-08-07,101,71.18,7155.19,39545.65,False
ATM027,2024-08-08,113,70.57,7981.79,31563.86,False
ATM027,2024-08-09,140,70.82,9919.67,21644.2,False
ATM027,2024-08-10,170,71.45,12169.99,67830.01,True
ATM027,2024-08-11,113,71.92,8110.18,59719.83,False
ATM027,2024-08-12,95,69.1,6591.4,53128.43,False
ATM027,2024-08-13,101,67.35,6806.4,46322.03,False
ATM027,2024-08-14,99,70.47,6940.82,39381.21,False
ATM027,2024-08-15,99,69.17,6869.76,32511.45,False
ATM027,2024-08-16,127,74.29,9465.24,23046.21,False
ATM027,2024-08-17,169,70.26,11884.95,68115.05,True
ATM027,2024-08-18,122,71.27,8668.81,59446.24,False
ATM027,2024-08-19,116,66.72,7740.32,51705.92,False
ATM027,2024-08-20,105,72.62,7605.43,44100.49,False
ATM027,2024-08-21,101,69.75,7050.69,37049.8,False
ATM027,2024-08-22,93,67.39,6282.32,30767.48,False
ATM027,2024-08-23,153,72.52,11093.22,19674.26,False
ATM027,2024-08-24,176,69.84,12322.38,67677.62,True
ATM027,2024-08-25,135,72.11,9760.05,57917.57,False
ATM027,2024-08-26,94,74.58,7031.53,50886.04,False
ATM027,2024-08-27,96,66.91,6426.43,44459.62,False
ATM027,2024-08-28,101,68.41,6877.75,37581.86,False
ATM027,2024-08-29,106,71.68,7609.43,29972.43,False
ATM027,2024-08-30,152,69.98,10672.13,19300.3,False
ATM027,2024-08-31,180,65.14,11757.78,68242.22,True
ATM027,2024-09-01,111,69.19,7670.78,60571.44,False
ATM027,2024-09-02,98,69.51,6813.92,53757.52,False
ATM027,2024-09-03,110,69.84,7655.61,46101.91,False
ATM027,2024-09-04,94,68.33,6457.34,39644.57,False
ATM027,2024-09-05,120,73.22,8799.31,30845.25,False
ATM027,2024-09-06,167,66.72,11153.19,19692.06,False
ATM027,2024-09-07,169,70.81,11963.67,68036.33,True
ATM027,2024-09-08,124,68.8,8544.39,59491.94,False
ATM027,2024-09-09,103,68.66,7046.9,52445.04,False
ATM027,2024-09-10,88,72.87,6404.46,46040.58,False
ATM027,2024-09-11,109,69.4,7534.79,38505.79,False
ATM027,2024-09-12,113,70.82,8001.15,30504.63,False
ATM027,2024-09-13,175,71.83,12604.02,17900.61,False
ATM027,2024-09-14,177,70.08,12414.09,67585.91,True
ATM027,2024-09-15,113,72.9,8273.66,59312.25,False
ATM027,2024-09-16,111,68.26,7565.75,51746.5,False
ATM027,2024-09-17,100,71.76,7162.94,44583.56,False
ATM027,2024-09-18,90,68.06,6116.94,38466.62,False
ATM027,2024-09-19,121,65.96,8007.08,30459.54,False
ATM027,2024-09-20,136,69.43,9453.5,21006.04,False
ATM027,2024-09-21,170,71.13,12119.39,67880.61,True
ATM027,2024-09-22,136,70.17,9528.19,58352.42,False
ATM027,2024-09-23,105,67.25,7041.96,51310.47,False
ATM027,2024-09-24,94,71.49,6754.62,44555.85,False
ATM027,2024-09-25,106,70.56,7466.75,37089.1,False
ATM027,2024-09-26,112,72.68,8111.08,28978.02,False
ATM027,2024-09-27,148,72.87,10754.06,18223.96,False
ATM027,2024-09-28,159,69.85,11128.76,68871.24,True
ATM027,2024-09-29,115,71.66,8246.82,60624.41,False
ATM027,2024-09-30,97,69.32,6732.58,53891.83,False
ATM027,2024-10-01,86,71.25,6091.98,47799.86,False
ATM027,2024-10-02,107,71.91,7729.5,40070.35,False
ATM027,2024-10-03,115,71.76,8263.24,31807.11,False
ATM027,2024-10-04,158,71.29,11234.54,20572.57,False
ATM027,2024-10-05,179,68.62,12279.39,67720.61,True
ATM027,2024-10-06,120,70.15,8410.43,59310.18,False
ATM027,2024-10-07,106,66.71,7060.2,52249.98,False
ATM027,2024-10-08,90,70.48,6364.27,45885.71,False
ATM027,2024-10-09,108,70.02,7547.18,38338.53,False
ATM027,2024-10-10,139,68.07,9473.24,28865.29,False
ATM027,2024-10-11,152,72.71,11035.97,17829.32,False
ATM027,2024-10-12,177,71.38,12616.38,67383.62,True
ATM027,2024-10-13,131,70.12,9192.65,58190.97,False
ATM027,2024-10-14,112,72.69,8120.36,50070.62,False
ATM027,2024-10-15,92,70.68,6537.1,43533.51,False
ATM027,2024-10-16,87,73.2,6356.38,37177.14,False
ATM027,2024-10-17,109,72.83,7929.81,29247.32,False
ATM027,2024-10-18,161,66.1,10615.97,18631.36,False
ATM027,2024-10-19,200,70.28,14083.64,65916.36,True
ATM027,2024-10-20,110,72.41,7952.39,57963.97,False
ATM027,2024-10-21,120,69.57,8335.16,49628.82,False
ATM027,2024-10-22,98,70.5,6890.91,42737.91,False
ATM027,2024-10-23,96,68.55,6553.51,36184.39,False
ATM027,2024-10-24,127,69.72,8843.37,27341.02,False
ATM027,2024-10-25,146,69.05,10088.39,17252.63,False
ATM027,2024-10-26,192,65.85,12622.69,67377.31,True
ATM027,2024-10-27,116,75.17,8682.52,58694.79,False
ATM027,2024-10-28,117,71.2,8332.36,50362.43,False
ATM027,2024-10-29,105,72.74,7608.77,42753.66,False
ATM027,2024-10-30,98,71.94,7021.38,35732.28,False
ATM027,2024-10-31,131,67.35,8847.49,26884.79,False
ATM027,2024-11-01,186,70.76,13143.07,13741.72,False
ATM027,2024-11-02,199,70.03,13917.32,66082.68,True
ATM027,2024-11-03,145,70.66,10228.91,55853.77,False
ATM027,2024-11-04,130,71.0,9223.82,46629.94,False
ATM027,2024-11-05,119,68.24,8086.64,38543.31,False
ATM027,2024-11-06,115,70.55,8086.64,30456.67,False
ATM027,2024-11-07,122,71.99,8767.25,21689.42,False
ATM027,2024-11-08,180,72.4,13008.88,8680.54,False
ATM027,2024-11-09,194,68.25,13212.92,66787.08,True
ATM027,2024-11-10,155,70.27,10897.41,55889.67,False
ATM027,2024-11-11,118,71.47,8409.07,47480.6,False
ATM027,2024-11-12,127,67.36,8575.99,38904.61,False
ATM027,2024-11-13,133,69.14,9209.26,29695.36,False
ATM027,2024-11-14,154,67.2,10375.52,19319.84,False
ATM027,2024-11-15,185,69.61,12906.7,6413.14,False
ATM027,2024-11-16,169,71.38,12032.92,67967.08,True
ATM027,2024-11-17,127,69.39,8796.25,59170.83,False
ATM027,2024-11-18,134,68.89,9214.57,49956.26,False
ATM027,2024-11-19,107,71.68,7686.02,42270.24,False
ATM027,2024-11-20,119,69.15,8213.82,34056.42,False
ATM027,2024-11-21,149,67.55,10071.37,23985.05,False
ATM027,2024-11-22,170,71.82,12223.45,11761.6,False
ATM027,2024-11-23,172,73.73,12675.57,67324.43,True
ATM027,2024-11-24,138,71.84,9912.75,57411.68,False
ATM027,2024-11-25,130,69.68,9066.23,48345.45,False
ATM027,2024-11-26,113,69.91,7917.96,40427.49,False
ATM027,2024-11-27,129,67.93,8786.11,31641.38,False
ATM027,2024-11-28,116,73.12,8467.37,23174.01,False
ATM027,2024-11-29,169,70.74,11990.19,11183.82,False
ATM027,2024-11-30,196,69.67,13622.99,66377.01,True
ATM027,2024-12-01,159,69.82,11124.26,55252.75,False
ATM027,2024-12-02,120,69.43,8318.72,46934.03,False
ATM027,2024-12-03,115,68.59,7904.42,39029.61,False
ATM027,2024-12-04,110,73.49,8071.37,30958.24,False
ATM027,2024-12-05,140,69.28,9681.84,21276.4,False
ATM027,2024-12-06,203,66.67,13521.01,7755.4,False
ATM027,2024-12-07,209,72.72,15213.91,64786.09,True
ATM027,2024-12-08,163,72.12,11769.89,53016.2,False
ATM027,2024-12-09,121,72.71,8794.21,44222.0,False
ATM027,2024-12-10,113,69.17,7837.01,36384.98,False
ATM027,2024-12-11,114,72.87,8321.04,28063.94,False
ATM027,2024-12-12,128,67.98,8675.79,19388.16,False
ATM027,2024-12-13,179,71.51,12833.85,6554.3,False
ATM027,2024-12-14,184,71.41,13153.62,66846.38,True
ATM027,2024-12-15,153,72.52,11076.09,55770.29,False
ATM027,2024-12-16,125,69.81,8742.68,47027.6,False
ATM027,2024-12-17,132,70.03,9245.7,37781.91,False
ATM027,2024-12-18,120,74.11,8927.25,28854.65,False
ATM027,2024-12-19,144,67.91,9766.09,19088.56,False
ATM027,2024-12-20,167,69.37,11574.42,7514.15,False
ATM027,2024-12-21,205,70.93,14520.74,65479.26,True
ATM027,2024-12-22,166,70.91,11745.81,53733.45,False
ATM027,2024-12-23,123,67.62,8335.85,45397.6,False
ATM027,2024-12-24,127,69.99,8893.27,36504.33,False
ATM027,2024-12-25,107,70.05,7522.17,28982.16,False
ATM027,2024-12-26,124,69.11,8591.26,20390.9,False
ATM027,2024-12-27,185,68.1,12628.58,7762.32,False
ATM027,2024-12-28,195,68.44,13353.51,66646.49,True
ATM027,2024-12-29,141,67.88,9571.51,57074.98,False
ATM027,2024-12-30,121,68.12,8245.71,48829.27,False
ATM027,2024-12-31,121,70.42,8531.16,40298.11,False
ATM028,2024-01-01,129,70.94,9166.13,70833.87,False
ATM028,2024-01-02,125,70.98,8838.38,61995.49,False
ATM028,2024-01-03,123,69.94,8597.0,71403.0,True
ATM028,2024-01-04,122,71.76,8789.4,62613.6,False
ATM028,2024-01-05,177,73.04,12909.37,49704.22,False
ATM028,2024-01-06,220,68.69,15098.39,34605.84,False
ATM028,2024-01-07,174,64.62,11255.82,23350.02,False
ATM028,2024-01-08,149,67.19,10006.33,13343.69,False
ATM028,2024-01-09,123,70.9,8687.96,4655.73,False
ATM028,2024-01-10,134,69.31,9267.93,70732.07,True
ATM028,2024-01-11,117,69.31,8124.44,62607.63,False
ATM028,2024-01-12,194,65.7,12740.72,49866.91,False
ATM028,2024-01-13,210,67.74,14206.57,35660.34,False
ATM028,2024-01-14,155,69.48,10794.67,24865.67,False
ATM028,2024-01-15,144,69.46,10027.98,14837.7,False
ATM028,2024-01-16,124,69.55,8648.69,6189.01,False
ATM028,2024-01-17,110,69.57,7646.67,72353.33,True
ATM028,2024-01-18,140,71.26,9952.29,62401.04,False
ATM028,2024-01-19,189,66.94,12674.8,49726.24,False
ATM028,2024-01-20,209,70.88,14815.01,34911.24,False
ATM028,2024-01-21,158,69.42,10942.51,23968.72,False
ATM028,2024-01-22,109,71.12,7769.42,16199.3,False
ATM028,2024-01-23,115,72.92,8386.64,7812.66,False
ATM028,2024-01-24,123,69.9,8584.09,71415.91,True
ATM028,2024-01-25,141,68.75,9720.83,61695.08,False
ATM028,2024-01-26,177,69.79,12366.42,49328.65,False
ATM028,2024-01-27,191,69.52,13277.89,36050.77,False
ATM028,2024-01-28,164,72.19,11815.19,24235.58,False
ATM028,2024-01-29,122,73.26,8932.22,15303.36,False
ATM028,2024-01-30,105,75.23,7921.16,7382.2,False
ATM028,2024-01-31,112,74.21,8295.1,71704.9,True
ATM028,2024-02-01,136,66.32,9049.41,62655.49,False
ATM028,2024-02-02,172,69.4,11947.47,50708.02,False
ATM028,2024-02-03,160,71.1,11341.28,39366.75,False
ATM028,2024-02-04,113,71.05,8010.4,31356.34,False
ATM028,2024-02-05,97,70.37,6820.45,24535.9,False
ATM028,2024-02-06,108,70.81,7678.58,16857.32,False
ATM028,2024-02-07,98,71.14,6961.48,73038.52,True
ATM028,2024-02-08,104,68.24,7129.84,65908.68,False
ATM028,2024-02-09,146,71.65,10461.52,55447.16,False
ATM028,2024-02-10,171,71.12,12141.3,43305.86,False
ATM028,2024-02-11,126,68.34,8579.52,34726.34,False
ATM028,2024-02-12,118,68.53,8084.5,26641.84,False
ATM028,2024-02-13,103,69.76,7201.52,19440.32,False
ATM028,2024-02-14,108,68.73,7426.0,72574.0,True
ATM028,2024-02-15,177,72.89,12873.1,59700.9,False
ATM028,2024-02-16,250,70.33,17565.31,62434.69,True
ATM028,2024-02-17,229,75.93,17399.8,45034.9,False
ATM028,2024-02-18,170,71.85,12189.71,32845.19,False
ATM028,2024-02-19,162,69.87,11333.76,21511.43,False
ATM028,2024-02-20,156,68.93,10768.56,69231.44,True
ATM028,2024-02-21,158,70.67,11180.62,58050.82,False
ATM028,2024-02-22,200,72.25,14423.92,43626.9,False
ATM028,2024-02-23,239,71.21,16990.34,26636.56,False
ATM028,2024-02-24,300,67.96,20403.06,59596.94,True
ATM028,2024-02-25,195,66.0,12899.83,46697.11,False
ATM028,2024-02-26,160,71.78,11514.48,35182.63,False
ATM028,2024-02-27,136,73.01,9914.29,25268.34,False
ATM028,2024-02-28,149,69.28,10318.79,69681.21,True
ATM028,2024-02-29,164,73.35,12059.13,57622.08,False
ATM028,2024-03-01,219,70.61,15432.25,42189.83,False
ATM028,2024-03-02,266,71.19,18937.72,23252.11,False
ATM028,2024-03-03,190,71.6,13631.5,66368.5,True
ATM028,2024-03-04,145,73.54,10651.07,55717.43,False
ATM028,2024-03-05,152,69.49,10547.5,45169.93,False
ATM028,2024-03-06,174,68.68,11924.82,33245.11,False
ATM028,2024-03-07,179,68.48,12229.75,67770.25,True
ATM028,2024-03-08,261,74.85,19548.13,48222.12,False
ATM028,2024-03-09,250,71.09,17800.03,30422.09,False
ATM028,2024-03-10,189,69.27,13070.65,17351.43,False
ATM028,2024-03-11,160,69.91,11165.91,68834.09,True
ATM028,2024-03-12,135,70.55,9556.51,59277.58,False
ATM028,2024-03-13,153,70.66,10819.26,48458.32,False
ATM028,2024-03-14,172,69.24,11893.9,36564.42,False
ATM028,2024-03-15,245,71.12,17422.75,62577.25,True
ATM028,2024-03-16,183,71.04,13012.76,49564.49,False
ATM028,2024-03-17,119,71.3,8477.9,41086.59,False
ATM028,2024-03-18,85,74.42,6341.64,34744.95,False
ATM028,2024-03-19,96,74.59,7128.96,27615.99,False
ATM028,2024-03-20,99,67.65,6717.55,73282.45,True
ATM028,2024-03-21,114,70.76,8071.59,65210.86,False
ATM028,2024-03-22,157,70.39,11039.72,54171.14,False
ATM028,2024-03-23,169,66.88,11293.63,42877.51,False
ATM028,2024-03-24,130,67.31,8768.06,34109.45,False
ATM028,2024-03-25,96,69.2,6615.33,27494.12,False
ATM028,2024-03-26,97,74.17,7207.38,20286.74,False
ATM028,2024-03-27,105,73.01,7645.57,72354.43,True
ATM028,2024-03-28,116,70.77,8235.86,64118.57,False
ATM028,2024-03-29,191,67.22,12848.51,51270.06,False
ATM028,2024-03-30,165,69.3,11464.79,39805.26,False
ATM028,2024-03-31,135,67.94,9150.83,30654.44,False
ATM028,2024-04-01,129,71.22,9221.54,21432.9,False
ATM028,2024-04-02,124,71.67,8883.67,12549.23,False
ATM028,2024-04-03,136,69.9,9540.84,70459.16,True
ATM028,2024-04-04,143,68.45,9797.96,60661.19,False
ATM028,2024-04-05,164,73.71,12092.78,48568.41,False
ATM028,2024-04-06,188,71.35,13378.92,35189.5,False
ATM028,2024-04-07,148,72.47,10705.84,24483.65,False
ATM028,2024-04-08,108,71.87,7783.67,16699.98,False
ATM028,2024-04-09,122,68.74,8357.99,8341.99,False
ATM028,2024-04-10,117,72.18,8417.75,71582.25,True
ATM028,2024-04-11,143,69.73,9936.85,61645.4,False
ATM028,2024-04-12,176,67.76,11946.12,49699.28,False
ATM028,2024-04-13,222,67.32,14928.03,34771.25,False
ATM028,2024-04-14,135,75.63,10230.22,24541.03,False
ATM028,2024-04-15,126,71.56,9027.46,15513.57,False
ATM028,2024-04-16,116,67.42,7791.3,7722.27,False
ATM028,2024-04-17,131,69.41,9057.63,70942.37,True
ATM028,2024-04-18,146,70.3,10249.38,60693.0,False
ATM028,2024-04-19,240,69.01,16594.81,44098.19,False
ATM028,2024-04-20,213,68.33,14552.57,29545.62,False
ATM028,2024-04-21,157,71.14,11165.88,18379.75,False
ATM028,2024-04-22,118,69.54,8230.27,10149.47,False
ATM028,2024-04-23,128,72.84,9302.74,846.74,False
ATM028,2024-04-24,113,69.23,7813.8,72186.2,True
ATM028,2024-04-25,155,69.86,10800.16,61386.03,False
ATM028,2024-04-26,182,72.37,13196.93,48189.11,False
ATM028,2024-04-27,190,68.24,12991.26,35197.85,False
ATM028,2024-04-28,140,72.74,10154.91,25042.93,False
ATM028,2024-04-29,132,71.72,9454.45,15588.48,False
ATM028,2024-04-30,115,72.58,8369.04,7219.44,False
ATM028,2024-05-01,100,71.42,7112.78,72887.22,True
ATM028,2024-05-02,114,73.77,8445.08,64442.14,False
ATM028,2024-05-03,156,69.45,10814.42,53627.72,False
ATM028,2024-05-04,178,73.09,13011.87,40615.85,False
ATM028,2024-05-05,123,67.89,8333.3,32282.56,False
ATM028,2024-05-06,120,66.76,7989.38,24293.18,False
ATM028,2024-05-07,90,69.65,6255.51,18037.67,False
ATM028,2024-05-08,106,67.77,7190.41,72809.59,True
ATM028,2024-05-09,113,70.56,7990.65,64818.93,False
ATM028,2024-05-10,140,74.27,10424.88,54394.05,False
ATM028,2024-05-11,168,72.37,12161.68,42232.37,False
ATM028,2024-05-12,116,66.92,7762.93,34469.44,False
ATM028,2024-05-13,102,73.9,7523.15,26946.28,False
ATM028,2024-05-14,93,70.3,6516.02,20430.27,False
ATM028,2024-05-15,96,68.49,6547.75,73452.25,True
ATM028,2024-05-16,116,68.97,7974.58,65477.67,False
ATM028,2024-05-17,146,67.21,9839.81,55637.86,False
ATM028,2024-05-18,146,71.0,10341.72,45296.14,False
ATM028,2024-05-19,126,71.24,8963.19,36332.95,False
ATM028,2024-05-20,95,72.11,6835.56,29497.39,False
ATM028,2024-05-21,105,70.02,7348.04,22149.35,False
ATM028,2024-05-22,103,68.64,7061.09,72938.91,True
ATM028,2024-05-23,109,73.4,7974.05,64964.85,False
ATM028,2024-05-24,168,69.46,11675.27,53289.58,False
ATM028,2024-05-25,181,67.69,12254.71,41034.87,False
ATM028,2024-05-26,133,68.26,9046.7,31988.18,False
ATM028,2024-05-27,100,76.24,7645.36,24342.82,False
ATM028,2024-05-28,88,76.14,6719.8,17623.02,False
ATM028,2024-05-29,108,68.43,7388.48,72611.52,True
ATM028,2024-05-30,99,74.97,7441.41,65170.11,False
ATM028,2024-05-31,162,68.81,11159.96,54010.15,False
ATM028,2024-06-01,164,70.9,11634.38,42375.77,False
ATM028,2024-06-02,121,70.73,8590.74,33785.03,False
ATM028,2024-06-03,122,67.63,8247.69,25537.34,False
ATM028,2024-06-04,105,69.85,7316.14,18221.2,False
ATM028,2024-06-05,95,72.25,6893.95,73106.05,True
ATM028,2024-06-06,109,65.03,7102.47,66003.58,False
ATM028,2024-06-07,157,69.71,10952.2,55051.38,False
ATM028,2024-06-08,162,66.41,10734.98,44316.4,False
ATM028,2024-06-09,139,70.97,9839.84,34476.56,False
ATM028,2024-06-10,98,74.61,7294.76,27181.81,False
ATM028,2024-06-11,102,73.72,7512.01,19669.8,False
ATM028,2024-06-12,97,67.44,6573.07,73426.93,True
ATM028,2024-06-13,116,70.87,8214.8,65212.13,False
ATM028,2024-06-14,177,66.58,11767.0,53445.13,False
ATM028,2024-06-15,172,72.08,12397.05,41048.08,False
ATM028,2024-06-16,133,69.15,9178.16,31869.91,False
ATM028,2024-06-17,110,68.37,7554.05,24315.86,False
ATM028,2024-06-18,101,67.81,6851.4,17464.47,False
ATM028,2024-06-19,97,69.49,6769.8,73230.2,True
ATM028,2024-06-20,111,68.41,7601.73,65628.47,False
ATM028,2024-06-21,133,74.12,9843.89,55784.58,False
ATM028,2024-06-22,161,70.69,11394.92,44389.66,False
ATM028,2024-06-23,104,72.85,7600.14,36789.52,False
ATM028,2024-06-24,107,69.07,7370.47,29419.04,False
ATM028,2024-06-25,94,71.83,6783.54,22635.5,False
ATM028,2024-06-26,85,68.27,5805.82,74194.18,True
ATM028,2024-06-27,112,69.73,7802.2,66391.98,False
ATM028,2024-06-28,185,69.29,12848.08,53543.89,False
ATM028,2024-06-29,171,73.8,12648.3,40895.59,False
ATM028,2024-06-30,131,68.58,9009.13,31886.47,False
ATM028,2024-07-01,93,71.57,6658.32,25228.15,False
ATM028,2024-07-02,110,71.15,7846.84,17381.31,False
ATM028,2024-07-03,103,75.44,7782.82,72217.18,True
ATM028,2024-07-04,123,67.69,8342.46,63874.72,False
ATM028,2024-07-05,148,72.88,10820.01,53054.71,False
ATM028,2024-07-06,159,73.16,11597.53,41457.18,False
ATM028,2024-07-07,121,70.7,8555.8,32901.38,False
ATM028,2024-07-08,101,70.34,7108.06,25793.32,False
ATM028,2024-07-09,107,66.62,7098.12,18695.2,False
ATM028,2024-07-10,103,67.41,6921.74,73078.26,True
ATM028,2024-07-11,112,68.33,7646.47,65431.79,False
ATM028,2024-07-12,160,72.15,11572.72,53859.08,False
ATM028,2024-07-13,182,67.34,12273.32,41585.76,False
ATM028,2024-07-14,127,67.17,8537.14,33048.63,False
ATM028,2024-07-15,101,71.36,7210.01,25838.62,False
ATM028,2024-07-16,106,70.99,7496.27,18342.34,False
ATM028,2024-07-17,111,70.55,7796.47,72203.53,True
ATM028,2024-07-18,108,71.83,7739.93,64463.6,False
ATM028,2024-07-19,167,68.9,11487.69,52975.91,False
ATM028,2024-07-20,175,69.38,12118.53,40857.38,False
ATM028,2024-07-21,105,70.92,7468.5,33388.89,False
ATM028,2024-07-22,94,70.69,6653.64,26735.25,False
ATM028,2024-07-23,92,68.49,6280.74,20454.51,False
ATM028,2024-07-24,95,72.52,6925.61,73074.39,True
ATM028,2024-07-25,112,67.74,7579.11,65495.28,False
ATM028,2024-07-26,159,69.54,11059.91,54435.37,False
ATM028,2024-07-27,184,67.88,12472.75,41962.62,False
ATM028,2024-07-28,116,75.19,8723.8,33238.82,False
ATM028,2024-07-29,102,70.39,7163.73,26075.09,False
ATM028,2024-07-30,91,68.21,6225.7,19849.39,False
ATM028,2024-07-31,106,69.31,7372.51,72627.49,True
ATM028,2024-08-01,116,70.89,8213.28,64414.21,False
ATM028,2024-08-02,136,72.13,9831.2,54583.01,False
ATM028,2024-08-03,158,68.39,10818.08,43764.93,False
ATM028,2024-08-04,119,73.29,8735.18,35029.75,False
ATM028,2024-08-05,97,70.31,6790.4,28239.35,False
ATM028,2024-08-06,99,71.38,7070.14,21169.21,False
ATM028,2024-08-07,112,69.15,7755.95,72244.05,True
ATM028,2024-08-08,116,72.79,8444.97,63799.08,False
ATM028,2024-08-09,172,71.05,12215.43,51583.65,False
ATM028,2024-08-10,173,69.0,11932.04,39651.61,False
ATM028,2024-08-11,112,69.42,7761.43,31890.18,False
ATM028,2024-08-12,105,69.77,7342.24,24547.94,False
ATM028,2024-08-13,109,66.95,7292.15,17255.78,False
ATM028,2024-08-14,95,74.19,7048.68,72951.32,True
ATM028,2024-08-15,118,71.29,8435.37,64515.95,False
ATM028,2024-08-16,160,69.23,11080.32,53435.63,False
ATM028,2024-08-17,147,70.96,10437.68,42997.96,False
ATM028,2024-08-18,104,69.32,7242.06,35755.9,False
ATM028,2024-08-19,105,69.06,7282.87,28473.03,False
ATM028,2024-08-20,110,73.83,8141.35,20331.69,False
ATM028,2024-08-21,113,68.06,7674.28,72325.72,True
ATM028,2024-08-22,126,71.3,9000.15,63325.57,False
ATM028,2024-08-23,144,70.07,10093.43,53232.15,False
ATM028,2024-08-24,184,68.74,12620.31,40611.84,False
ATM028,2024-08-25,123,70.66,8680.96,31930.88,False
ATM028,2024-08-26,97,69.43,6744.46,25186.42,False
ATM028,2024-08-27,91,71.82,6508.94,18677.48,False
ATM028,2024-08-28,95,70.61,6699.37,73300.63,True
ATM028,2024-08-29,106,67.62,7137.99,66162.64,False
ATM028,2024-08-30,143,69.39,9925.34,56237.3,False
ATM028,2024-08-31,169,70.77,11951.22,44286.08,False
ATM028,2024-09-01,109,69.65,7593.09,36692.99,False
ATM028,2024-09-02,97,71.12,6911.87,29781.11,False
ATM028,2024-09-03,98,69.83,6863.55,22917.57,False
ATM028,2024-09-04,92,73.62,6776.3,73223.7,True
ATM028,2024-09-05,104,69.16,7191.44,66032.26,False
ATM028,2024-09-06,156,69.47,10862.91,55169.34,False
ATM028,2024-09-07,169,66.2,11186.76,43982.58,False
ATM028,2024-09-08,120,67.99,8189.8,35792.78,False
ATM028,2024-09-09,110,74.76,8193.38,27599.4,False
ATM028,2024-09-10,104,67.05,6968.52,20630.88,False
ATM028,2024-09-11,111,67.94,7517.56,72482.44,True
ATM028,2024-09-12,110,68.68,7570.81,64911.64,False
ATM028,2024-09-13,150,69.26,10410.21,54501.42,False
ATM028,2024-09-14,157,68.53,10764.59,43736.84,False
ATM028,2024-09-15,132,69.93,9232.14,34504.69,False
ATM028,2024-09-16,113,65.31,7348.91,27155.78,False
ATM028,2024-09-17,109,68.56,7473.05,19682.72,False
ATM028,2024-09-18,110,70.32,7723.41,72276.59,True
ATM028,2024-09-19,114,66.48,7563.98,64712.61,False
ATM028,2024-09-20,175,71.69,12554.28,52158.32,False
ATM028,2024-09-21,170,73.82,12536.22,39622.1,False
ATM028,2024-09-22,120,72.84,8731.88,30890.22,False
ATM028,2024-09-23,98,71.55,7044.73,23845.48,False
ATM028,2024-09-24,97,68.94,6691.59,17153.89,False
ATM028,2024-09-25,107,67.34,7187.68,72812.32,True
ATM028,2024-09-26,116,69.34,8051.04,64761.28,False
ATM028,2024-09-27,136,69.04,9381.07,55380.21,False
ATM028,2024-09-28,160,71.79,11519.64,43860.58,False
ATM028,2024-09-29,120,73.04,8769.32,35091.26,False
ATM028,2024-09-30,110,68.84,7554.84,27536.42,False
ATM028,2024-10-01,101,69.27,6964.83,20571.59,False
ATM028,2024-10-02,105,70.13,7387.11,72612.89,True
ATM028,2024-10-03,108,70.02,7528.85,65084.04,False
ATM028,2024-10-04,164,67.89,11135.14,53948.91,False
ATM028,2024-10-05,181,66.68,12066.07,41882.84,False
ATM028,2024-10-06,131,71.11,9287.65,32595.19,False
ATM028,2024-10-07,121,67.66,8164.79,24430.4,False
ATM028,2024-10-08,105,71.97,7570.81,16859.59,False
ATM028,2024-10-09,102,69.21,7048.55,72951.45,True
ATM028,2024-10-10,109,67.17,7292.03,65659.42,False
ATM028,2024-10-11,152,67.36,10229.1,55430.33,False
ATM028,2024-10-12,197,66.85,13195.92,42234.41,False
ATM028,2024-10-13,122,70.91,8686.05,33548.36,False
ATM028,2024-10-14,105,70.94,7469.33,26079.03,False
ATM028,2024-10-15,108,69.06,7472.33,18606.7,False
ATM028,2024-10-16,104,69.38,7182.92,72817.08,True
ATM028,2024-10-17,116,74.41,8618.56,64198.51,False
ATM028,2024-10-18,151,65.73,9916.97,54281.54,False
ATM028,2024-10-19,170,72.25,12280.91,42000.63,False
ATM028,2024-10-20,138,71.55,9858.0,32142.63,False
ATM028,2024-10-21,109,73.49,8032.42,24110.21,False
ATM028,2024-10-22,108,71.85,7748.45,16361.76,False
ATM028,2024-10-23,93,69.98,6526.19,73473.81,True
ATM028,2024-10-24,115,69.79,8034.5,65439.31,False
ATM028,2024-10-25,147,73.29,10752.68,54686.63,False
ATM028,2024-10-26,156,71.68,11192.33,43494.3,False
ATM028,2024-10-27,129,68.2,8788.52,34705.78,False
ATM028,2024-10-28,102,66.43,6755.92,27949.87,False
ATM028,2024-10-29,104,69.87,7235.14,20714.73,False
ATM028,2024-10-30,102,66.06,6738.07,73261.93,True
ATM028,2024-10-31,116,69.64,8109.46,65152.47,False
ATM028,2024-11-01,178,67.98,12102.1,53050.37,False
ATM028,2024-11-02,193,70.99,13694.87,39355.51,False
ATM028,2024-11-03,147,67.5,9911.65,29443.86,False
ATM028,2024-11-04,119,72.2,8561.08,20882.78,False
ATM028,2024-11-05,118,70.14,8275.44,12607.34,False
ATM028,2024-11-06,121,68.13,8234.2,71765.8,True
ATM028,2024-11-07,131,66.51,8702.87,63062.93,False
ATM028,2024-11-08,195,70.97,13818.7,49244.23,False
ATM028,2024-11-09,198,70.62,14006.13,35238.09,False
ATM028,2024-11-10,152,68.46,10387.22,24850.87,False
ATM028,2024-11-11,122,69.0,8402.48,16448.39,False
ATM028,2024-11-12,136,72.14,9838.2,6610.19,False
ATM028,2024-11-13,117,72.87,8523.65,71476.35,True
ATM028,2024-11-14,151,67.1,10125.27,61351.08,False
ATM028,2024-11-15,179,69.97,12525.14,48825.95,False
ATM028,2024-11-16,209,69.53,14534.55,34291.4,False
ATM028,2024-11-17,146,69.03,10073.54,24217.86,False
ATM028,2024-11-18,138,66.97,9250.9,14966.96,False
ATM028,2024-11-19,121,66.13,8008.94,6958.02,False
ATM028,2024-11-20,111,70.67,7838.27,72161.73,True
ATM028,2024-11-21,137,69.34,9504.71,62657.03,False
ATM028,2024-11-22,189,72.84,13763.45,48893.58,False
ATM028,2024-11-23,196,70.53,13858.18,35035.41,False
ATM028,2024-11-24,138,71.32,9826.98,25208.43,False
ATM028,2024-11-25,107,73.77,7906.7,17301.73,False
ATM028,2024-11-26,132,67.48,8937.64,8364.08,False
ATM028,2024-11-27,112,70.88,7971.41,72028.59,True
ATM028,2024-11-28,127,71.14,9066.43,62962.16,False
ATM028,2024-11-29,169,73.2,12405.99,50556.17,False
ATM028,2024-11-30,186,75.08,13933.59,36622.58,False
ATM028,2024-12-01,158,67.17,10580.33,26042.24,False
ATM028,2024-12-02,138,72.31,9947.78,16094.46,False
ATM028,2024-12-03,119,71.36,8474.69,7619.77,False
ATM028,2024-12-04,117,66.21,7751.29,72248.71,True
ATM028,2024-12-05,127,72.9,9256.57,62992.14,False
ATM028,2024-12-06,178,73.59,13079.38,49912.76,False
ATM028,2024-12-07,218,70.04,15274.84,34637.92,False
ATM028,2024-12-08,151,73.2,11019.57,23618.36,False
ATM028,2024-12-09,123,69.55,8547.87,15070.48,False
ATM028,2024-12-10,128,64.93,8333.68,6736.81,False
ATM028,2024-12-11,120,71.51,8591.06,71408.94,True
ATM028,2024-12-12,133,70.72,9378.05,62030.88,False
ATM028,2024-12-13,193,65.81,12683.4,49347.49,False
ATM028,2024-12-14,226,69.23,15644.24,33703.24,False
ATM028,2024-12-15,133,72.85,9713.98,23989.27,False
ATM028,2024-12-16,130,70.57,9205.53,14783.74,False
ATM028,2024-12-17,129,67.57,8708.76,6074.98,False
ATM028,2024-12-18,115,72.72,8376.5,71623.5,True
ATM028,2024-12-19,130,67.9,8853.88,62769.62,False
ATM028,2024-12-20,182,70.21,12792.25,49977.37,False
ATM028,2024-12-21,217,67.11,14571.26,35406.1,False
ATM028,2024-12-22,118,71.93,8485.45,26920.65,False
ATM028,2024-12-23,116,68.72,7968.42,18952.23,False
ATM028,2024-12-24,98,72.15,7082.64,11869.59,False
ATM028,2024-12-25,122,70.65,8633.21,71366.79,True
ATM028,2024-12-26,144,65.67,9482.97,61883.82,False
ATM028,2024-12-27,172,69.05,11874.29,50009.53,False
ATM028,2024-12-28,190,69.43,13214.43,36795.1,False
ATM028,2024-12-29,143,72.11,10319.59,26475.51,False
ATM028,2024-12-30,111,69.98,7749.91,18725.61,False
ATM028,2024-12-31,127,68.06,8673.58,10052.03,False
ATM029,2024-01-01,78,102.02,7923.56,72076.44,False
ATM029,2024-01-02,77,99.06,7651.21,64425.23,False
ATM029,2024-01-03,71,100.74,7147.51,57277.72,False
ATM029,2024-01-04,89,97.02,8610.79,71389.21,True
ATM029,2024-01-05,118,103.8,12204.96,59184.25,False
ATM029,2024-01-06,125,97.82,12246.94,46937.31,False
ATM029,2024-01-07,93,94.96,8855.87,38081.44,False
ATM029,2024-01-08,92,98.65,9109.98,28971.47,False
ATM029,2024-01-09,74,96.62,7157.37,21814.1,False
ATM029,2024-01-10,77,97.91,7551.12,72448.88,True
ATM029,2024-01-11,98,96.25,9456.31,62992.57,False
ATM029,2024-01-12,103,101.66,10521.29,52471.27,False
ATM029,2024-01-13,128,99.33,12730.21,39741.06,False
ATM029,2024-01-14,97,100.41,9715.72,30025.34,False
ATM029,2024-01-15,82,95.78,7891.44,22133.89,False
ATM029,2024-01-16,69,97.9,6763.01,73236.99,True
ATM029,2024-01-17,71,100.81,7191.85,66045.14,False
ATM029,2024-01-18,76,98.66,7539.14,58506.01,False
ATM029,2024-01-19,116,99.88,11576.57,46929.44,False
ATM029,2024-01-20,133,99.02,13189.36,33740.08,False
ATM029,2024-01-21,86,103.73,8915.99,24824.09,False
ATM029,2024-01-22,74,104.26,7741.95,72258.05,True
ATM029,2024-01-23,74,99.95,7429.63,64828.42,False
ATM029,2024-01-24,76,100.69,7684.01,57144.41,False
ATM029,2024-01-25,83,100.29,8303.09,48841.32,False
ATM029,2024-01-26,126,103.15,13043.05,35798.26,False
ATM029,2024-01-27,144,95.97,13809.88,21988.38,False
ATM029,2024-01-28,85,100.65,8601.72,71398.28,True
ATM029,2024-01-29,85,98.44,8356.24,63042.04,False
ATM029,2024-01-30,69,104.18,7238.42,55803.62,False
ATM029,2024-01-31,79,103.17,8140.61,47663.01,False
ATM029,2024-02-01,75,98.44,7402.27,40260.73,False
ATM029,2024-02-02,113,99.21,11180.74,29080.0,False
ATM029,2024-02-03,113,97.26,10972.52,69027.48,True
ATM029,2024-02-04,78,102.63,8048.22,60979.26,False
ATM029,2024-02-05,62,101.89,6360.15,54619.11,False
ATM029,2024-02-06,65,99.37,6458.07,48161.04,False
ATM029,2024-02-07,69,99.34,6857.12,41303.92,False
ATM029,2024-02-08,76,98.67,7482.67,33821.25,False
ATM029,2024-02-09,97,103.96,10051.98,69948.02,True
ATM029,2024-02-10,115,99.62,11471.98,58476.04,False
ATM029,2024-02-11,81,98.78,7973.44,50502.59,False
ATM029,2024-02-12,66,102.3,6758.8,43743.79,False
ATM029,2024-02-13,69,93.26,6437.59,37306.2,False
ATM029,2024-02-14,70,99.16,6956.01,30350.19,False
ATM029,2024-02-15,94,102.73,9614.15,70385.85,True
ATM029,2024-02-16,108,104.73,11335.92,59049.93,False
ATM029,2024-02-17,165,98.12,16176.09,42873.84,False
ATM029,2024-02-18,104,101.51,10604.09,69395.91,True
ATM029,2024-02-19,98,98.1,9625.98,59769.93,False
ATM029,2024-02-20,75,106.34,7950.89,51819.04,False
ATM029,2024-02-21,97,100.47,9718.26,70281.74,True
ATM029,2024-02-22,100,101.86,10140.59,60141.16,False
ATM029,2024-02-23,154,93.74,14457.26,45683.89,False
ATM029,2024-02-24,149,98.64,14660.34,65339.66,True
ATM029,2024-02-25,106,102.31,10821.06,54518.6,False
ATM029,2024-02-26,85,95.95,8182.31,46336.29,False
ATM029,2024-02-27,84,100.46,8488.7,71511.3,True
ATM029,2024-02-28,92,104.89,9634.27,61877.03,False
ATM029,2024-02-29,96,102.49,9817.8,52059.23,False
ATM029,2024-03-01,142,101.63,14426.03,65573.97,True
ATM029,2024-03-02,152,98.8,14999.35,50574.62,False
ATM029,2024-03-03,105,96.61,10157.55,40417.08,False
ATM029,2024-03-04,95,99.84,9502.7,70497.3,True
ATM029,2024-03-05,85,101.99,8648.39,61848.91,False
ATM029,2024-03-06,92,97.26,8962.45,52886.46,False
ATM029,2024-03-07,96,102.46,9831.45,70168.55,True
ATM029,2024-03-08,127,100.63,12777.38,57391.17,False
ATM029,2024-03-09,153,97.72,14966.69,42424.48,False
ATM029,2024-03-10,113,95.28,10721.6,69278.4,True
ATM029,2024-03-11,97,95.91,9346.06,59932.34,False
ATM029,2024-03-12,96,99.72,9597.75,50334.58,False
ATM029,2024-03-13,84,103.48,8732.49,71267.51,True
ATM029,2024-03-14,95,97.76,9318.6,61948.91,False
ATM029,2024-03-15,116,103.93,12076.67,49872.24,False
ATM029,2024-03-16,137,94.98,13056.09,66943.91,True
ATM029,2024-03-17,79,100.21,7878.5,59065.41,False
ATM029,2024-03-18,68,99.91,6818.43,52246.98,False
ATM029,2024-03-19,66,101.22,6730.66,45516.31,False
ATM029,2024-03-20,64,100.58,6477.0,39039.31,False
ATM029,2024-03-21,71,98.76,7060.81,31978.5,False
ATM029,2024-03-22,94,98.79,9264.57,70735.43,True
ATM029,2024-03-23,107,102.83,11001.84,59733.59,False
ATM029,2024-03-24,83,100.37,8306.96,51426.63,False
ATM029,2024-03-25,75,93.61,7057.96,44368.67,False
ATM029,2024-03-26,60,99.04,5900.99,38467.68,False
ATM029,2024-03-27,71,99.3,7064.09,31403.59,False
ATM029,2024-03-28,72,99.28,7186.5,72813.5,True
ATM029,2024-03-29,100,102.34,10225.39,62588.11,False
ATM029,2024-03-30,122,98.34,12046.39,50541.71,False
ATM029,2024-03-31,82,100.83,8312.39,42229.32,False
ATM029,2024-04-01,78,104.96,8156.23,34073.09,False
ATM029,2024-04-02,73,103.51,7585.69,26487.4,False
ATM029,2024-04-03,73,98.09,7153.83,72846.17,True
ATM029,2024-04-04,73,100.45,7363.31,65482.86,False
ATM029,2024-04-05,133,92.33,12261.02,53221.84,False
ATM029,2024-04-06,128,101.81,12996.27,40225.56,False
ATM029,2024-04-07,101,96.41,9707.29,30518.27,False
ATM029,2024-04-08,84,100.03,8357.63,22160.64,False
ATM029,2024-04-09,80,99.62,7921.71,72078.29,True
ATM029,2024-04-10,77,103.33,7968.74,64109.55,False
ATM029,2024-04-11,84,100.85,8429.49,55680.06,False
ATM029,2024-04-12,128,99.6,12788.96,42891.1,False
ATM029,2024-04-13,116,102.03,11854.47,31036.63,False
ATM029,2024-04-14,99,103.87,10329.59,20707.05,False
ATM029,2024-04-15,90,92.97,8323.69,71676.31,True
ATM029,2024-04-16,74,98.25,7269.78,64406.53,False
ATM029,2024-04-17,74,105.06,7783.41,56623.12,False
ATM029,2024-04-18,74,106.73,7927.83,48695.29,False
ATM029,2024-04-19,117,97.7,11408.24,37287.05,False
ATM029,2024-04-20,132,102.77,13607.85,23679.2,False
ATM029,2024-04-21,100,97.69,9777.34,70222.66,True
ATM029,2024-04-22,85,96.9,8200.53,62022.14,False
ATM029,2024-04-23,72,99.72,7188.1,54834.03,False
ATM029,2024-04-24,71,103.16,7326.2,47507.84,False
ATM029,2024-04-25,83,99.34,8211.58,39296.25,False
ATM029,2024-04-26,107,103.11,11017.5,28278.76,False
ATM029,2024-04-27,118,103.43,12241.77,67758.23,True
ATM029,2024-04-28,102,98.66,10068.07,57690.16,False
ATM029,2024-04-29,80,98.58,7933.81,49756.35,False
ATM029,2024-04-30,79,99.42,7896.62,41859.73,False
ATM029,2024-05-01,67,100.14,6728.16,35131.57,False
ATM029,2024-05-02,68,99.77,6834.16,28297.41,False
ATM029,2024-05-03,109,100.41,10948.94,69051.06,True
ATM029,2024-05-04,124,98.87,12240.74,56810.32,False
ATM029,2024-05-05,84,96.65,8077.58,48732.74,False
ATM029,2024-05-06,65,105.9,6871.11,41861.63,False
ATM029,2024-05-07,70,98.24,6918.46,34943.17,False
ATM029,2024-05-08,68,95.2,6456.55,28486.62,False
ATM029,2024-05-09,70,102.28,7203.46,72796.54,True
ATM029,2024-05-10,105,97.13,10154.1,62642.44,False
ATM029,2024-05-11,106,101.95,10791.74,51850.7,False
ATM029,2024-05-12,85,98.12,8294.18,43556.52,False
ATM029,2024-05-13,65,106.62,6918.1,36638.43,False
ATM029,2024-05-14,71,104.41,7391.12,29247.31,False
ATM029,2024-05-15,62,99.55,6128.06,73871.94,True
ATM029,2024-05-16,72,101.63,7297.66,66574.28,False
ATM029,2024-05-17,112,100.98,11267.88,55306.4,False
ATM029,2024-05-18,110,98.02,10773.41,44532.99,False
ATM029,2024-05-19,85,102.16,8711.83,35821.16,False
ATM029,2024-05-20,71,100.39,7139.16,28682.0,False
ATM029,2024-05-21,68,100.81,6810.15,73189.85,True
ATM029,2024-05-22,71,101.89,7283.72,65906.12,False
ATM029,2024-05-23,77,99.85,7647.2,58258.92,False
ATM029,2024-05-24,106,97.66,10398.47,47860.45,False
ATM029,2024-05-25,107,101.63,10833.49,37026.96,False
ATM029,2024-05-26,77,102.44,7935.46,29091.5,False
ATM029,2024-05-27,69,102.46,7043.7,72956.3,True
ATM029,2024-05-28,69,102.53,7095.73,65860.57,False
ATM029,2024-05-29,66,101.23,6700.48,59160.09,False
ATM029,2024-05-30,84,95.35,8039.29,51120.8,False
ATM029,2024-05-31,110,106.8,11785.72,39335.08,False
ATM029,2024-06-01,119,102.42,12237.0,27098.08,False
ATM029,2024-06-02,88,99.03,8692.45,71307.55,True
ATM029,2024-06-03,68,102.89,7014.76,64292.79,False
ATM029,2024-06-04,65,96.82,6339.38,57953.41,False
ATM029,2024-06-05,66,101.97,6737.66,51215.76,False
ATM029,2024-06-06,72,99.32,7185.56,44030.2,False
ATM029,2024-06-07,107,96.96,10384.38,33645.82,False
ATM029,2024-06-08,100,96.92,9653.98,70346.02,True
ATM029,2024-06-09,84,101.46,8495.23,61850.8,False
ATM029,2024-06-10,72,101.83,7317.97,54532.82,False
ATM029,2024-06-11,67,97.48,6495.17,48037.66,False
ATM029,2024-06-12,72,99.36,7111.97,40925.69,False
ATM029,2024-06-13,80,101.14,8135.07,32790.62,False
ATM029,2024-06-14,116,98.6,11445.97,68554.03,True
ATM029,2024-06-15,116,106.1,12340.44,56213.6,False
ATM029,2024-06-16,82,101.5,8372.93,47840.67,False
ATM029,2024-06-17,65,102.68,6623.28,41217.39,False
ATM029,2024-06-18,75,98.52,7344.41,33872.97,False
ATM029,2024-06-19,72,100.84,7217.84,26655.13,False
ATM029,2024-06-20,77,102.44,7846.31,72153.69,True
ATM029,2024-06-21,109,99.58,10849.22,61304.47,False
ATM029,2024-06-22,117,103.34,12139.74,49164.73,False
ATM029,2024-06-23,80,99.99,8024.09,41140.63,False
ATM029,2024-06-24,61,101.75,6245.86,34894.77,False
ATM029,2024-06-25,75,99.23,7392.93,27501.84,False
ATM029,2024-06-26,70,99.34,6992.69,73007.31,True
ATM029,2024-06-27,74,100.7,7432.16,65575.15,False
ATM029,2024-06-28,100,99.29,9903.35,55671.8,False
ATM029,2024-06-29,106,101.77,10749.24,44922.56,False
ATM029,2024-06-30,86,98.71,8482.36,36440.2,False
ATM029,2024-07-01,71,99.34,7087.43,29352.76,False
ATM029,2024-07-02,75,98.68,7352.04,72647.96,True
ATM029,2024-07-03,74,97.88,7242.59,65405.37,False
ATM029,2024-07-04,78,103.11,8082.37,57323.0,False
ATM029,2024-07-05,108,104.41,11287.38,46035.62,False
ATM029,2024-07-06,113,103.71,11688.73,34346.89,False
ATM029,2024-07-07,97,96.63,9345.87,25001.01,False
ATM029,2024-07-08,71,95.51,6776.77,73223.23,True
ATM029,2024-07-09,77,95.47,7309.58,65913.65,False
ATM029,2024-07-10,63,96.71,6116.17,59797.48,False
ATM029,2024-07-11,67,100.82,6759.89,53037.58,False
ATM029,2024-07-12,102,94.93,9697.34,43340.24,False
ATM029,2024-07-13,114,100.05,11418.36,31921.88,False
ATM029,2024-07-14,75,97.86,7318.15,72681.85,True
ATM029,2024-07-15,71,98.93,7032.22,65649.63,False
ATM029,2024-07-16,64,103.54,6631.57,59018.05,False
ATM029,2024-07-17,81,99.06,8050.89,50967.16,False
ATM029,2024-07-18,70,99.3,6959.84,44007.32,False
ATM029,2024-07-19,106,99.84,10605.48,33401.84,False
ATM029,2024-07-20,112,106.64,11952.04,68047.96,True
ATM029,2024-07-21,75,98.48,7398.84,60649.11,False
ATM029,2024-07-22,80,98.43,7874.33,52774.78,False
ATM029,2024-07-23,70,101.89,7171.9,45602.89,False
ATM029,2024-07-24,71,105.74,7554.22,38048.66,False
ATM029,2024-07-25,82,94.76,7814.68,30233.98,False
ATM029,2024-07-26,93,106.56,9961.64,70038.36,True
ATM029,2024-07-27,102,101.49,10372.52,59665.84,False
ATM029,2024-07-28,73,95.95,6995.22,52670.63,False
ATM029,2024-07-29,75,100.11,7521.86,45148.77,False
ATM029,2024-07-30,68,97.56,6609.81,38538.96,False
ATM029,2024-07-31,59,102.08,6024.09,32514.86,False
ATM029,2024-08-01,78,95.43,7484.76,72515.24,True
ATM029,2024-08-02,103,101.74,10484.34,62030.9,False
ATM029,2024-08-03,113,100.35,11292.14,50738.76,False
ATM029,2024-08-04,85,97.88,8363.79,42374.98,False
ATM029,2024-08-05,69,102.21,7095.96,35279.01,False
ATM029,2024-08-06,71,102.37,7296.03,27982.98,False
ATM029,2024-08-07,65,101.91,6607.92,73392.08,True
ATM029,2024-08-08,81,97.87,7887.44,65504.65,False
ATM029,2024-08-09,99,102.04,10127.64,55377.01,False
ATM029,2024-08-10,133,94.56,12610.6,42766.41,False
ATM029,2024-08-11,90,103.49,9356.27,33410.14,False
ATM029,2024-08-12,72,99.28,7168.28,26241.86,False
ATM029,2024-08-13,71,98.08,6974.33,73025.67,True
ATM029,2024-08-14,72,95.57,6842.04,66183.63,False
ATM029,2024-08-15,63,107.0,6758.37,59425.25,False
ATM029,2024-08-16,104,100.61,10508.51,48916.75,False
ATM029,2024-08-17,117,97.52,11427.27,37489.48,False
ATM029,2024-08-18,81,100.27,8164.11,29325.37,False
ATM029,2024-08-19,71,97.74,6972.43,73027.57,True
ATM029,2024-08-20,70,100.57,7017.94,66009.63,False
ATM029,2024-08-21,70,102.12,7120.86,58888.77,False
ATM029,2024-08-22,76,99.49,7544.0,51344.78,False
ATM029,2024-08-23,119,97.17,11606.22,39738.55,False
ATM029,2024-08-24,99,101.67,10044.24,29694.31,False
ATM029,2024-08-25,82,96.77,7981.99,72018.01,True
ATM029,2024-08-26,76,99.57,7520.96,64497.05,False
ATM029,2024-08-27,59,105.8,6211.83,58285.21,False
ATM029,2024-08-28,62,99.74,6189.02,52096.19,False
ATM029,2024-08-29,66,100.81,6688.83,45407.36,False
ATM029,2024-08-30,98,102.46,10003.07,35404.28,False
ATM029,2024-08-31,110,104.05,11437.95,68562.05,True
ATM029,2024-09-01,85,95.19,8094.32,60467.73,False
ATM029,2024-09-02,72,99.24,7187.58,53280.16,False
ATM029,2024-09-03,62,96.83,5974.84,47305.31,False
ATM029,2024-09-04,63,104.67,6579.28,40726.03,False
ATM029,2024-09-05,81,98.96,8022.18,32703.85,False
ATM029,2024-09-06,115,93.88,10812.8,69187.2,True
ATM029,2024-09-07,109,101.2,11007.87,58179.33,False
ATM029,2024-09-08,86,98.38,8438.62,49740.71,False
ATM029,2024-09-09,70,101.01,7050.13,42690.58,False
ATM029,2024-09-10,66,102.58,6781.86,35908.72,False
ATM029,2024-09-11,70,101.53,7083.97,28824.75,False
ATM029,2024-09-12,84,102.48,8607.53,71392.47,True
ATM029,2024-09-13,121,97.98,11818.16,59574.31,False
ATM029,2024-09-14,103,99.58,10243.93,49330.39,False
ATM029,2024-09-15,79,104.38,8210.8,41119.58,False
ATM029,2024-09-16,65,99.76,6531.42,34588.16,False
ATM029,2024-09-17,70,100.3,6981.53,27606.63,False
ATM029,2024-09-18,68,101.08,6845.0,73155.0,True
ATM029,2024-09-19,79,104.61,8233.62,64921.38,False
ATM029,2024-09-20,107,97.55,10486.27,54435.12,False
ATM029,2024-09-21,132,96.77,12750.51,41684.61,False
ATM029,2024-09-22,91,104.03,9455.37,32229.24,False
ATM029,2024-09-23,77,102.06,7845.86,24383.38,False
ATM029,2024-09-24,60,96.88,5853.45,74146.55,True
ATM029,2024-09-25,72,97.97,7078.11,67068.44,False
ATM029,2024-09-26,73,101.84,7467.94,59600.5,False
ATM029,2024-09-27,107,96.34,10338.47,49262.03,False
ATM029,2024-09-28,120,101.54,12184.32,37077.71,False
ATM029,2024-09-29,80,102.13,8197.36,28880.34,False
ATM029,2024-09-30,68,103.99,7116.25,72883.75,True
ATM029,2024-10-01,66,103.97,6858.51,66025.24,False
ATM029,2024-10-02,60,101.38,6076.14,59949.1,False
ATM029,2024-10-03,76,97.42,7424.89,52524.2,False
ATM029,2024-10-04,111,102.67,11346.0,41178.21,False
ATM029,2024-10-05,97,102.15,9951.27,31226.93,False
ATM029,2024-10-06,89,97.83,8695.73,71304.27,True
ATM029,2024-10-07,70,95.23,6667.58,64636.69,False
ATM029,2024-10-08,67,99.47,6627.84,58008.85,False
ATM029,2024-10-09,73,100.81,7325.16,50683.69,False
ATM029,2024-10-10,70,100.72,7088.65,43595.04,False
ATM029,2024-10-11,106,97.2,10277.8,33317.24,False
ATM029,2024-10-12,101,101.87,10246.01,69753.99,True
ATM029,2024-10-13,85,101.67,8606.26,61147.73,False
ATM029,2024-10-14,67,100.51,6717.73,54430.0,False
ATM029,2024-10-15,64,97.04,6163.41,48266.58,False
ATM029,2024-10-16,69,100.79,6944.06,41322.53,False
ATM029,2024-10-17,70,96.83,6811.9,34510.62,False
ATM029,2024-10-18,99,102.88,10198.01,69801.99,True
ATM029,2024-10-19,108,100.42,10818.27,58983.72,False
ATM029,2024-10-20,86,99.25,8486.02,50497.7,False
ATM029,2024-10-21,75,95.97,7202.94,43294.76,False
ATM029,2024-10-22,62,104.3,6481.82,36812.95,False
ATM029,2024-10-23,75,102.53,7697.22,29115.73,False
ATM029,2024-10-24,87,94.52,8245.9,71754.1,True
ATM029,2024-10-25,99,99.07,9790.0,61964.1,False
ATM029,2024-10-26,137,99.06,13561.69,48402.41,False
ATM029,2024-10-27,87,101.14,8787.99,39614.43,False
ATM029,2024-10-28,73,99.93,7247.5,32366.93,False
ATM029,2024-10-29,68,91.9,6239.52,26127.41,False
ATM029,2024-10-30,77,98.15,7578.04,72421.96,True
ATM029,2024-10-31,66,101.31,6699.22,65722.75,False
ATM029,2024-11-01,124,102.3,12712.68,53010.07,False
ATM029,2024-11-02,150,97.24,14610.91,38399.16,False
ATM029,2024-11-03,93,99.04,9258.18,29140.98,False
ATM029,2024-11-04,94,93.69,8835.32,20305.66,False
ATM029,2024-11-05,79,102.8,8080.02,71919.98,True
ATM029,2024-11-06,85,102.13,8700.67,63219.31,False
ATM029,2024-11-07,106,91.76,9704.73,53514.58,False
ATM029,2024-11-08,137,100.99,13821.52,39693.06,False
ATM029,2024-11-09,154,96.48,14836.55,24856.51,False
ATM029,2024-11-10,83,105.36,8705.79,16150.71,False
ATM029,2024-11-11,79,99.07,7817.66,72182.34,True
ATM029,2024-11-12,81,102.32,8309.02,63873.31,False
ATM029,2024-11-13,88,100.67,8815.65,55057.66,False
ATM029,2024-11-14,82,102.12,8367.89,46689.77,False
ATM029,2024-11-15,137,94.55,12985.89,33703.89,False
ATM029,2024-11-16,161,92.54,14924.08,18779.8,False
ATM029,2024-11-17,108,98.1,10582.12,69417.88,True
ATM029,2024-11-18,86,101.53,8763.78,60654.1,False
ATM029,2024-11-19,79,101.35,7987.05,52667.04,False
ATM029,2024-11-20,80,102.14,8125.34,44541.7,False
ATM029,2024-11-21,109,95.98,10497.87,34043.83,False
ATM029,2024-11-22,100,98.75,9876.06,24167.77,False
ATM029,2024-11-23,132,98.87,13063.04,66936.96,True
ATM029,2024-11-24,90,102.62,9224.9,57712.07,False
ATM029,2024-11-25,75,101.35,7572.7,50139.37,False
ATM029,2024-11-26,83,100.95,8373.84,41765.53,False
ATM029,2024-11-27,82,102.85,8458.23,33307.3,False
ATM029,2024-11-28,91,98.96,9042.66,24264.65,False
ATM029,2024-11-29,125,101.8,12772.96,67227.04,True
ATM029,2024-11-30,152,94.86,14381.55,52845.49,False
ATM029,2024-12-01,100,96.8,9717.32,43128.18,False
ATM029,2024-12-02,85,102.18,8675.56,34452.62,False
ATM029,2024-12-03,80,97.81,7855.48,26597.14,False
ATM029,2024-12-04,86,99.6,8523.5,18073.64,False
ATM029,2024-12-05,95,105.32,9954.81,70045.19,True
ATM029,2024-12-06,131,100.7,13241.21,56803.98,False
ATM029,2024-12-07,152,100.72,15355.27,41448.71,False
ATM029,2024-12-08,97,97.97,9518.27,31930.44,False
ATM029,2024-12-09,79,99.98,7940.67,23989.77,False
ATM029,2024-12-10,86,95.75,8271.67,15718.1,False
ATM029,2024-12-11,79,100.64,7921.77,72078.23,True
ATM029,2024-12-12,94,99.92,9423.98,62654.25,False
ATM029,2024-12-13,130,96.28,12558.53,50095.73,False
ATM029,2024-12-14,127,99.82,12677.68,37418.04,False
ATM029,2024-12-15,101,100.69,10201.1,27216.95,False
ATM029,2024-12-16,79,99.29,7860.3,19356.65,False
ATM029,2024-12-17,88,101.63,8901.76,71098.24,True
ATM029,2024-12-18,83,96.92,8082.18,63016.06,False
ATM029,2024-12-19,86,100.02,8570.0,54446.06,False
ATM029,2024-12-20,124,101.7,12586.2,41859.86,False
ATM029,2024-12-21,140,98.89,13885.25,27974.61,False
ATM029,2024-12-22,89,106.14,9497.03,18477.58,False
ATM029,2024-12-23,83,96.12,8022.82,71977.18,True
ATM029,2024-12-24,72,98.94,7139.98,64837.2,False
ATM029,2024-12-25,89,98.27,8730.64,56106.57,False
ATM029,2024-12-26,100,99.98,9990.45,46116.12,False
ATM029,2024-12-27,137,97.73,13342.49,32773.63,False
ATM029,2024-12-28,128,100.27,12829.06,19944.57,False
ATM029,2024-12-29,102,99.46,10181.12,69818.88,True
ATM029,2024-12-30,84,101.77,8514.03,61304.85,False
ATM029,2024-12-31,73,98.98,7249.88,54054.97,False
ATM030,2024-01-01,88,98.49,8698.38,71301.62,False
ATM030,2024-01-02,71,99.29,7053.18,64248.44,False
ATM030,2024-01-03,76,101.49,7690.18,72309.82,True
ATM030,2024-01-04,103,93.48,9660.21,62649.61,False
ATM030,2024-01-05,117,101.06,11852.06,50797.55,False
ATM030,2024-01-06,121,102.35,12409.48,38388.07,False
ATM030,2024-01-07,108,99.51,10736.21,27651.86,False
ATM030,2024-01-08,86,93.07,8008.33,19643.54,False
ATM030,2024-01-09,81,106.01,8591.86,71408.14,True
ATM030,2024-01-10,95,99.42,9394.73,62013.41,False
ATM030,2024-01-11,83,102.51,8458.14,53555.27,False
ATM030,2024-01-12,122,101.43,12401.49,41153.78,False
ATM030,2024-01-13,140,100.28,13989.04,27164.74,False
ATM030,2024-01-14,104,103.2,10720.59,16444.15,False
ATM030,2024-01-15,84,97.23,8150.4,71849.6,True
ATM030,2024-01-16,69,98.96,6813.43,65036.17,False
ATM030,2024-01-17,76,101.26,7674.63,57361.54,False
ATM030,2024-01-18,90,99.32,8918.31,48443.23,False
ATM030,2024-01-19,131,101.19,13243.88,35199.36,False
ATM030,2024-01-20,129,105.06,13584.28,21615.07,False
ATM030,2024-01-21,106,98.75,10504.89,69495.11,True
ATM030,2024-01-22,80,102.37,8237.26,61257.85,False
ATM030,2024-01-23,85,96.64,8232.03,53025.82,False
ATM030,2024-01-24,85,103.77,8820.54,44205.28,False
ATM030,2024-01-25,95,104.63,9917.63,34287.66,False
ATM030,2024-01-26,137,105.19,14462.25,19825.41,False
ATM030,2024-01-27,141,99.37,14026.21,65973.79,True
ATM030,2024-01-28,88,100.03,8776.68,57197.11,False
ATM030,2024-01-29,88,100.13,8767.0,48430.1,False
ATM030,2024-01-30,72,99.14,7111.11,41319.0,False
ATM030,2024-01-31,89,96.92,8667.9,32651.1,False
ATM030,2024-02-01,81,101.29,8247.3,24403.8,False
ATM030,2024-02-02,115,105.14,12080.91,67919.09,True
ATM030,2024-02-03,118,100.55,11909.13,56009.96,False
ATM030,2024-02-04,89,101.95,9042.14,46967.82,False
ATM030,2024-02-05,75,104.28,7837.7,39130.12,False
ATM030,2024-02-06,61,101.25,6155.3,32974.81,False
ATM030,2024-02-07,77,99.29,7654.11,25320.7,False
ATM030,2024-02-08,70,99.82,6957.41,73042.59,True
ATM030,2024-02-09,101,105.03,10629.46,62413.13,False
ATM030,2024-02-10,129,97.61,12553.8,49859.33,False
ATM030,2024-02-11,76,101.77,7714.92,42144.41,False
ATM030,2024-02-12,80,99.35,7925.28,34219.13,False
ATM030,2024-02-13,76,98.96,7559.18,26659.95,False
ATM030,2024-02-14,77,102.98,7971.15,72028.85,True
ATM030,2024-02-15,100,95.81,9536.4,62492.45,False
ATM030,2024-02-16,164,102.8,16896.58,45595.86,False
ATM030,2024-02-17,154,95.29,14686.65,65313.35,True
ATM030,2024-02-18,123,96.57,11857.23,53456.11,False
ATM030,2024-02-19,97,99.86,9686.28,43769.84,False
ATM030,2024-02-20,91,103.38,9447.28,70552.72,True
ATM030,2024-02-21,112,98.56,11035.42,59517.3,False
ATM030,2024-02-22,98,101.17,9881.8,49635.5,False
ATM030,2024-02-23,166,98.79,16430.27,63569.73,True
ATM030,2024-02-24,175,97.49,17027.52,46542.21,False
ATM030,2024-02-25,121,96.51,11703.44,34838.77,False
ATM030,2024-02-26,99,99.65,9910.93,70089.07,True
ATM030,2024-02-27,94,105.33,9920.73,60168.35,False
ATM030,2024-02-28,100,94.0,9444.7,50723.64,False
ATM030,2024-02-29,105,100.9,10545.44,69454.56,True
ATM030,2024-03-01,149,99.53,14865.67,54588.89,False
ATM030,2024-03-02,177,100.41,17804.4,36784.49,False
ATM030,2024-03-03,119,97.67,11600.62,68399.38,True
ATM030,2024-03-04,87,100.99,8763.63,59635.76,False
ATM030,2024-03-05,100,96.82,9672.02,49963.74,False
ATM030,2024-03-06,97,99.57,9675.25,70324.75,True
ATM030,2024-03-07,105,97.62,10238.2,60086.55,False
ATM030,2024-03-08,152,99.32,15078.61,45007.94,False
ATM030,2024-03-09,158,97.41,15393.36,64606.64,True
ATM030,2024-03-10,113,102.77,11580.18,53026.46,False
ATM030,2024-03-11,101,99.29,10047.71,42978.75,False
ATM030,2024-03-12,93,104.09,9714.81,70285.19,True
ATM030,2024-03-13,100,100.78,10044.31,60240.88,False
ATM030,2024-03-14,112,99.53,11184.6,49056.28,False
ATM030,2024-03-15,151,98.53,14847.13,65152.87,True
ATM030,2024-03-16,109,101.03,10970.55,54182.32,False
ATM030,2024-03-17,92,99.14,9125.83,45056.49,False
ATM030,2024-03-18,83,97.84,8115.98,36940.52,False
ATM030,2024-03-19,65,97.91,6401.34,30539.17,False
ATM030,2024-03-20,66,101.01,6640.97,23898.2,False
ATM030,2024-03-21,75,102.95,7734.13,72265.87,True
ATM030,2024-03-22,123,97.23,11951.24,60314.64,False
ATM030,2024-03-23,114,101.6,11555.78,48758.86,False
ATM030,2024-03-24,102,93.96,9539.4,39219.46,False
ATM030,2024-03-25,82,93.41,7698.64,31520.82,False
ATM030,2024-03-26,68,103.28,6973.44,24547.38,False
ATM030,2024-03-27,92,99.28,9132.21,70867.79,True
ATM030,2024-03-28,76,98.46,7470.71,63397.08,False
ATM030,2024-03-29,115,97.99,11223.32,52173.76,False
ATM030,2024-03-30,116,98.72,11461.75,40712.01,False
ATM030,2024-03-31,92,99.49,9157.12,31554.89,False
ATM030,2024-04-01,81,97.99,7948.18,23606.7,False
ATM030,2024-04-02,81,97.0,7884.22,72115.78,True
ATM030,2024-04-03,77,101.93,7884.93,64230.85,False
ATM030,2024-04-04,95,94.74,8984.44,55246.41,False
ATM030,2024-04-05,133,101.25,13442.81,41803.61,False
ATM030,2024-04-06,126,98.9,12431.86,29371.75,False
ATM030,2024-04-07,92,102.03,9437.8,19933.95,False
ATM030,2024-04-08,83,99.78,8237.03,71762.97,True
ATM030,2024-04-09,84,95.56,8009.19,63753.78,False
ATM030,2024-04-10,90,101.99,9141.56,54612.22,False
ATM030,2024-04-11,86,100.58,8665.07,45947.15,False
ATM030,2024-04-12,134,100.17,13395.06,32552.09,False
ATM030,2024-04-13,140,108.75,15272.51,17279.58,False
ATM030,2024-04-14,101,98.25,9888.19,70111.81,True
ATM030,2024-04-15,84,93.36,7888.43,62223.38,False
ATM030,2024-04-16,90,98.94,8856.96,53366.42,False
ATM030,2024-04-17,85,103.23,8808.59,44557.82,False
ATM030,2024-04-18,87,97.21,8465.07,36092.75,False
ATM030,2024-04-19,142,99.79,14137.43,21955.32,False
ATM030,2024-04-20,135,96.86,13077.09,66922.91,True
ATM030,2024-04-21,95,104.52,9877.59,57045.33,False
ATM030,2024-04-22,88,100.55,8869.66,48175.67,False
ATM030,2024-04-23,87,104.19,9070.52,39105.14,False
ATM030,2024-04-24,78,108.33,8481.11,30624.03,False
ATM030,2024-04-25,87,103.29,8973.69,21650.34,False
ATM030,2024-04-26,119,102.71,12172.6,67827.4,True
ATM030,2024-04-27,133,101.38,13459.63,54367.77,False
ATM030,2024-04-28,115,102.86,11792.69,42575.08,False
ATM030,2024-04-29,89,97.68,8741.09,33834.0,False
ATM030,2024-04-30,85,96.98,8223.61,25610.38,False
ATM030,2024-05-01,77,102.59,7871.22,17739.17,False
ATM030,2024-05-02,77,104.99,8050.33,71949.67,True
ATM030,2024-05-03,124,100.45,12428.25,59521.42,False
ATM030,2024-05-04,130,98.23,12722.08,46799.34,False
ATM030,2024-05-05,90,96.77,8738.94,38060.41,False
ATM030,2024-05-06,73,99.69,7299.77,30760.63,False
ATM030,2024-05-07,63,101.73,6451.28,24309.35,False
ATM030,2024-05-08,79,99.98,7946.04,72053.96,True
ATM030,2024-05-09,68,99.24,6749.58,65304.38,False
ATM030,2024-05-10,103,98.17,10133.35,55171.03,False
ATM030,2024-05-11,146,92.7,13536.48,41634.54,False
ATM030,2024-05-12,82,102.49,8412.31,33222.24,False
ATM030,2024-05-13,74,97.66,7186.41,26035.82,False
ATM030,2024-05-14,83,101.14,8354.27,71645.73,True
ATM030,2024-05-15,78,101.48,7897.34,63748.39,False
ATM030,2024-05-16,79,103.79,8245.0,55503.39,False
ATM030,2024-05-17,134,94.95,12765.46,42737.93,False
ATM030,2024-05-18,122,99.87,12198.11,30539.82,False
ATM030,2024-05-19,84,102.94,8643.36,21896.46,False
ATM030,2024-05-20,73,105.78,7685.3,72314.7,True
ATM030,2024-05-21,75,104.09,7826.56,64488.14,False
ATM030,2024-05-22,70,97.58,6801.77,57686.37,False
ATM030,2024-05-23,75,103.97,7749.51,49936.86,False
ATM030,2024-05-24,107,97.19,10440.23,39496.63,False
ATM030,2024-05-25,104,108.26,11305.15,28191.48,False
ATM030,2024-05-26,87,101.59,8818.79,71181.21,True
ATM030,2024-05-27,68,102.88,6969.08,64212.12,False
ATM030,2024-05-28,66,97.06,6400.32,57811.8,False
ATM030,2024-05-29,70,100.66,7028.18,50783.62,False
ATM030,2024-05-30,74,104.57,7711.96,43071.66,False
ATM030,2024-05-31,118,97.93,11572.07,31499.59,False
ATM030,2024-06-01,133,98.82,13112.77,66887.23,True
ATM030,2024-06-02,83,102.69,8546.41,58340.83,False
ATM030,2024-06-03,62,102.2,6357.46,51983.37,False
ATM030,2024-06-04,70,97.86,6893.56,45089.8,False
ATM030,2024-06-05,86,98.41,8484.1,36605.7,False
ATM030,2024-06-06,86,100.84,8716.36,27889.34,False
ATM030,2024-06-07,116,99.25,11475.09,68524.91,True
ATM030,2024-06-08,114,104.58,11971.91,56553.0,False
ATM030,2024-06-09,97,98.5,9506.48,47046.52,False
ATM030,2024-06-10,71,98.25,7015.46,40031.07,False
ATM030,2024-06-11,75,103.54,7761.76,32269.31,False
ATM030,2024-06-12,81,95.15,7690.38,24578.93,False
ATM030,2024-06-13,83,103.91,8593.9,71406.1,True
ATM030,2024-06-14,107,105.94,11308.08,60098.02,False
ATM030,2024-06-15,109,102.05,11148.28,48949.74,False
ATM030,2024-06-16,80,103.18,8293.12,40656.62,False
ATM030,2024-06-17,75,105.4,7879.21,32777.41,False
ATM030,2024-06-18,76,98.79,7504.36,25273.05,False
ATM030,2024-06-19,72,99.25,7147.4,72852.6,True
ATM030,2024-06-20,76,104.04,7865.9,64986.69,False
ATM030,2024-06-21,128,95.51,12214.99,52771.71,False
ATM030,2024-06-22,122,100.19,12261.18,40510.52,False
ATM030,2024-06-23,83,101.31,8432.98,32077.54,False
ATM030,2024-06-24,81,102.68,8361.07,23716.47,False
ATM030,2024-06-25,81,97.84,7962.95,72037.05,True
ATM030,2024-06-26,76,97.7,7416.3,64620.75,False
ATM030,2024-06-27,82,100.99,8289.98,56330.77,False
ATM030,2024-06-28,115,103.94,11947.93,44382.84,False
ATM030,2024-06-29,132,97.42,12832.51,31550.34,False
ATM030,2024-06-30,80,101.56,8102.63,23447.7,False
ATM030,2024-07-01,84,99.93,8384.32,71615.68,True
ATM030,2024-07-02,61,106.25,6511.61,65104.07,False
ATM030,2024-07-03,76,100.51,7655.18,57448.89,False
ATM030,2024-07-04,75,100.05,7512.21,49936.67,False
ATM030,2024-07-05,115,101.51,11721.81,38214.87,False
ATM030,2024-07-06,117,99.83,11659.96,26554.9,False
ATM030,2024-07-07,81,104.99,8531.12,71468.88,True
ATM030,2024-07-08,82,98.43,8036.29,63432.58,False
ATM030,2024-07-09,66,100.83,6677.29,56755.29,False
ATM030,2024-07-10,72,98.75,7146.53,49608.76,False
ATM030,2024-07-11,78,96.97,7529.46,42079.31,False
ATM030,2024-07-12,114,99.2,11299.47,30779.84,False
ATM030,2024-07-13,143,101.78,14563.36,65436.64,True
ATM030,2024-07-14,86,95.39,8217.14,57219.49,False
ATM030,2024-07-15,79,98.81,7761.68,49457.81,False
ATM030,2024-07-16,79,100.85,7954.26,41503.55,False
ATM030,2024-07-17,66,96.94,6438.84,35064.71,False
ATM030,2024-07-18,77,101.33,7775.81,27288.9,False
ATM030,2024-07-19,103,100.46,10377.88,69622.12,True
ATM030,2024-07-20,111,100.02,11136.44,58485.68,False
ATM030,2024-07-21,88,104.38,9140.76,49344.93,False
ATM030,2024-07-22,79,97.55,7679.21,41665.71,False
ATM030,2024-07-23,81,99.45,8044.71,33621.0,False
ATM030,2024-07-24,80,98.16,7808.98,25812.02,False
ATM030,2024-07-25,84,97.6,8204.17,71795.83,True
ATM030,2024-07-26,112,102.41,11426.41,60369.42,False
ATM030,2024-07-27,120,98.35,11812.01,48557.41,False
ATM030,2024-07-28,94,97.52,9132.31,39425.1,False
ATM030,2024-07-29,67,101.06,6787.42,32637.68,False
ATM030,2024-07-30,72,99.61,7191.98,25445.7,False
ATM030,2024-07-31,75,101.98,7672.17,72327.83,True
ATM030,2024-08-01,83,96.63,8060.84,64266.99,False
ATM030,2024-08-02,105,101.75,10683.15,53583.84,False
ATM030,2024-08-03,126,98.35,12345.62,41238.22,False
ATM030,2024-08-04,83,101.85,8431.16,32807.06,False
ATM030,2024-08-05,73,102.26,7432.12,25374.94,False
ATM030,2024-08-06,78,99.06,7706.46,72293.54,True
ATM030,2024-08-07,79,100.42,7905.82,64387.72,False
ATM030,2024-08-08,89,93.43,8306.44,56081.28,False
ATM030,2024-08-09,107,97.25,10437.49,45643.79,False
ATM030,2024-08-10,119,100.34,11958.56,33685.23,False
ATM030,2024-08-11,89,100.86,9004.36,24680.87,False
ATM030,2024-08-12,70,102.07,7194.96,72805.04,True
ATM030,2024-08-13,83,98.94,8224.81,64580.23,False
ATM030,2024-08-14,72,97.94,7061.57,57518.66,False
ATM030,2024-08-15,83,98.42,8201.12,49317.54,False
ATM030,2024-08-16,103,95.63,9897.14,39420.4,False
ATM030,2024-08-17,126,103.85,13133.5,26286.9,False
ATM030,2024-08-18,99,100.68,9962.56,70037.44,True
ATM030,2024-08-19,71,98.69,7042.5,62994.94,False
ATM030,2024-08-20,68,95.41,6528.05,56466.9,False
ATM030,2024-08-21,74,101.62,7530.73,48936.16,False
ATM030,2024-08-22,94,99.75,9349.98,39586.18,False
ATM030,2024-08-23,102,99.63,10158.6,29427.58,False
ATM030,2024-08-24,122,98.53,11988.9,68011.1,True
ATM030,2024-08-25,95,96.36,9123.96,58887.14,False
ATM030,2024-08-26,75,101.95,7617.72,51269.42,False
ATM030,2024-08-27,79,100.93,8003.56,43265.86,False
ATM030,2024-08-28,81,98.67,7957.72,35308.14,False
ATM030,2024-08-29,77,104.04,7980.39,27327.75,False
ATM030,2024-08-30,103,98.79,10148.83,69851.17,True
ATM030,2024-08-31,133,99.37,13233.4,56617.77,False
ATM030,2024-09-01,88,99.2,8730.73,47887.04,False
ATM030,2024-09-02,74,103.26,7610.49,40276.55,False
ATM030,2024-09-03,77,100.03,7730.71,32545.83,False
ATM030,2024-09-04,79,101.03,7985.21,24560.62,False
ATM030,2024-09-05,89,96.91,8657.5,71342.5,True
ATM030,2024-09-06,125,100.66,12617.28,58725.21,False
ATM030,2024-09-07,96,104.98,10088.25,48636.96,False
ATM030,2024-09-08,90,98.81,8910.19,39726.78,False
ATM030,2024-09-09,71,101.32,7234.99,32491.78,False
ATM030,2024-09-10,69,98.27,6809.49,25682.29,False
ATM030,2024-09-11,72,99.12,7116.55,72883.45,True
ATM030,2024-09-12,77,102.56,7863.43,65020.02,False
ATM030,2024-09-13,113,101.18,11385.53,53634.49,False
ATM030,2024-09-14,128,99.72,12762.3,40872.19,False
ATM030,2024-09-15,79,105.42,8293.07,32579.13,False
ATM030,2024-09-16,77,104.84,8054.69,24524.44,False
ATM030,2024-09-17,79,98.62,7790.64,72209.36,True
ATM030,2024-09-18,65,96.31,6276.21,65933.16,False
ATM030,2024-09-19,85,99.69,8523.65,57409.51,False
ATM030,2024-09-20,117,92.51,10847.99,46561.52,False
ATM030,2024-09-21,126,96.75,12217.07,34344.45,False
ATM030,2024-09-22,83,102.55,8466.65,25877.8,False
ATM030,2024-09-23,72,97.2,7023.68,72976.32,True
ATM030,2024-09-24,72,102.62,7341.15,65635.17,False
ATM030,2024-09-25,69,104.4,7191.75,58443.42,False
ATM030,2024-09-26,78,95.64,7454.23,50989.19,False
ATM030,2024-09-27,106,95.04,10030.38,40958.81,False
ATM030,2024-09-28,129,97.07,12519.8,28439.01,False
ATM030,2024-09-29,80,101.14,8069.79,71930.21,True
ATM030,2024-09-30,78,103.15,7996.5,63933.71,False
ATM030,2024-10-01,79,97.25,7704.27,56229.44,False
ATM030,2024-10-02,74,101.49,7541.72,48687.72,False
ATM030,2024-10-03,78,100.49,7885.66,40802.06,False
ATM030,2024-10-04,104,98.12,10234.41,30567.65,False
ATM030,2024-10-05,120,104.52,12550.72,67449.28,True
ATM030,2024-10-06,95,101.98,9654.67,57794.6,False
ATM030,2024-10-07,76,99.77,7590.56,50204.04,False
ATM030,2024-10-08,67,97.49,6548.09,43655.95,False
ATM030,2024-10-09,69,101.72,6993.1,36662.85,False
ATM030,2024-10-10,85,102.21,8709.67,27953.18,False
ATM030,2024-10-11,121,100.22,12135.75,67864.25,True
ATM030,2024-10-12,114,99.85,11415.22,56449.03,False
ATM030,2024-10-13,83,101.97,8466.38,47982.65,False
ATM030,2024-10-14,74,99.7,7360.96,40621.68,False
ATM030,2024-10-15,78,97.78,7606.92,33014.76,False
ATM030,2024-10-16,82,95.96,7913.76,25101.01,False
ATM030,2024-10-17,84,99.73,8329.03,71670.97,True
ATM030,2024-10-18,123,95.88,11837.62,59833.35,False
ATM030,2024-10-19,107,102.25,10985.74,48847.61,False
ATM030,2024-10-20,87,99.73,8666.6,40181.01,False
ATM030,2024-10-21,70,102.74,7207.66,32973.35,False
ATM030,2024-10-22,73,100.72,7399.78,25573.57,False
ATM030,2024-10-23,67,101.5,6815.85,73184.15,True
ATM030,2024-10-24,78,98.02,7605.21,65578.94,False
ATM030,2024-10-25,102,99.53,10153.26,55425.69,False
ATM030,2024-10-26,131,100.68,13174.28,42251.41,False
ATM030,2024-10-27,86,100.33,8635.78,33615.63,False
ATM030,2024-10-28,76,100.2,7603.28,26012.35,False
ATM030,2024-10-29,76,96.88,7336.91,72663.09,True
ATM030,2024-10-30,79,94.73,7452.74,65210.34,False
ATM030,2024-10-31,88,96.69,8487.39,56722.95,False
ATM030,2024-11-01,154,92.66,14315.11,42407.85,False
ATM030,2024-11-02,171,95.08,16223.77,26184.08,False
ATM030,2024-11-03,96,100.9,9663.54,16520.54,False
ATM030,2024-11-04,94,99.15,9301.27,70698.73,True
ATM030,2024-11-05,93,97.61,9102.07,61596.66,False
ATM030,2024-11-06,86,99.09,8488.06,53108.6,False
ATM030,2024-11-07,98,94.2,9263.8,43844.8,False
ATM030,2024-11-08,132,99.65,13159.67,30685.13,False
ATM030,2024-11-09,162,96.14,15560.57,15124.55,False
ATM030,2024-11-10,97,103.61,10050.25,69949.75,True
ATM030,2024-11-11,89,101.65,9091.79,60857.96,False
ATM030,2024-11-12,87,101.37,8826.51,52031.45,False
ATM030,2024-11-13,99,100.27,9915.63,42115.83,False
ATM030,2024-11-14,88,101.92,8962.13,33153.69,False
ATM030,2024-11-15,127,99.67,12669.85,20483.85,False
ATM030,2024-11-16,152,97.54,14808.19,65191.81,True
ATM030,2024-11-17,100,101.43,10141.49,55050.32,False
ATM030,2024-11-18,83,102.92,8571.44,46478.88,False
ATM030,2024-11-19,82,97.03,7980.4,38498.48,False
ATM030,2024-11-20,105,95.41,9974.81,28523.67,False
ATM030,2024-11-21,91,105.55,9601.62,18922.05,False
ATM030,2024-11-22,126,104.04,13156.05,66843.95,True
ATM030,2024-11-23,151,99.98,15103.71,51740.23,False
ATM030,2024-11-24,111,93.64,10414.62,41325.61,False
ATM030,2024-11-25,87,100.7,8710.28,32615.33,False
ATM030,2024-11-26,81,107.4,8690.55,23924.79,False
ATM030,2024-11-27,87,101.89,8902.26,15022.52,False
ATM030,2024-11-28,103,101.62,10436.92,69563.08,True
ATM030,2024-11-29,131,99.76,13103.25,56459.83,False
ATM030,2024-11-30,139,101.33,14079.53,42380.3,False
ATM030,2024-12-01,102,101.87,10385.74,31994.57,False
ATM030,2024-12-02,83,100.44,8299.58,23694.99,False
ATM030,2024-12-03,96,99.33,9532.09,14162.9,False
ATM030,2024-12-04,99,100.49,9930.88,70069.12,True
ATM030,2024-12-05,95,100.35,9581.62,60487.5,False
ATM030,2024-12-06,137,94.06,12898.15,47589.35,False
ATM030,2024-12-07,144,106.58,15346.38,32242.97,False
ATM030,2024-12-08,107,101.62,10869.77,21373.2,False
ATM030,2024-12-09,85,103.47,8793.91,12579.28,False
ATM030,2024-12-10,85,100.8,8527.28,71472.72,True
ATM030,2024-12-11,79,98.41,7823.04,63649.68,False
ATM030,2024-12-12,96,102.72,9870.17,53779.51,False
ATM030,2024-12-13,148,95.26,14074.0,39705.51,False
ATM030,2024-12-14,128,101.75,13011.36,26694.15,False
ATM030,2024-12-15,97,102.68,9974.97,16719.17,False
ATM030,2024-12-16,80,99.7,7946.48,72053.52,True
ATM030,2024-12-17,84,101.44,8530.29,63523.23,False
ATM030,2024-12-18,86,94.1,8121.03,55402.2,False
ATM030,2024-12-19,96,101.58,9735.62,45666.58,False
ATM030,2024-12-20,143,98.92,14145.62,31520.95,False
ATM030,2024-12-21,150,101.46,15234.54,16286.41,False
ATM030,2024-12-22,115,99.83,11529.67,68470.33,True
ATM030,2024-12-23,79,99.8,7891.2,60579.12,False
ATM030,2024-12-24,85,101.55,8603.86,51975.26,False
ATM030,2024-12-25,79,99.06,7840.88,44134.39,False
ATM030,2024-12-26,103,99.69,10222.28,33912.11,False
ATM030,2024-12-27,122,105.72,12903.29,21008.82,False
ATM030,2024-12-28,129,103.7,13388.11,66611.89,True
ATM030,2024-12-29,114,99.32,11289.16,55322.72,False
ATM030,2024-12-30,89,99.89,8886.55,46436.17,False
ATM030,2024-12-31,88,98.22,8660.35,37775.82,False
ATM031,2024-01-01,121,69.35,8364.49,71635.51,False
ATM031,2024-01-02,100,70.21,7021.28,64614.23,False
ATM031,2024-01-03,122,66.08,8080.88,71919.12,True
ATM031,2024-01-04,130,69.2,9016.74,62902.38,False
ATM031,2024-01-05,201,68.87,13845.15,49057.23,False
ATM031,2024-01-06,199,72.9,14523.92,34533.3,False
ATM031,2024-01-07,138,69.9,9661.76,24871.55,False
ATM031,2024-01-08,137,70.48,9656.53,15215.02,False
ATM031,2024-01-09,122,69.14,8431.43,71568.57,True
ATM031,2024-01-10,126,69.92,8797.93,62770.64,False
ATM031,2024-01-11,117,69.25,8128.2,54642.44,False
ATM031,2024-01-12,166,70.24,11656.28,42986.15,False
ATM031,2024-01-13,183,71.0,12999.01,29987.14,False
ATM031,2024-01-14,150,67.38,10127.69,19859.45,False
ATM031,2024-01-15,116,71.3,8265.98,71734.02,True
ATM031,2024-01-16,131,68.1,8901.0,62833.02,False
ATM031,2024-01-17,105,74.1,7764.81,55068.21,False
ATM031,2024-01-18,132,70.19,9234.1,45834.11,False
ATM031,2024-01-19,171,70.45,12024.07,33810.04,False
ATM031,2024-01-20,222,70.53,15628.7,18181.35,False
ATM031,2024-01-21,155,70.06,10877.4,69122.6,True
ATM031,2024-01-22,116,68.57,7963.11,61159.49,False
ATM031,2024-01-23,108,70.46,7595.51,53563.97,False
ATM031,2024-01-24,130,70.34,9134.84,44429.14,False
ATM031,2024-01-25,132,68.34,9043.46,35385.67,False
ATM031,2024-01-26,193,67.4,12981.81,22403.86,False
ATM031,2024-01-27,178,71.89,12802.81,67197.19,True
ATM031,2024-01-28,143,69.38,9901.62,57295.56,False
ATM031,2024-01-29,118,71.52,8455.28,48840.28,False
ATM031,2024-01-30,121,68.44,8309.41,40530.87,False
ATM031,2024-01-31,115,69.59,7979.91,32550.96,False
ATM031,2024-02-01,112,69.93,7864.99,24685.98,False
ATM031,2024-02-02,149,70.1,10460.77,69539.23,True
ATM031,2024-02-03,169,68.36,11521.27,58017.96,False
ATM031,2024-02-04,132,68.99,9091.25,48926.71,False
ATM031,2024-02-05,110,65.67,7194.74,41731.98,False
ATM031,2024-02-06,100,67.69,6742.43,34989.55,False
ATM031,2024-02-07,87,75.09,6524.54,28465.01,False
ATM031,2024-02-08,108,72.57,7836.03,72163.97,True
ATM031,2024-02-09,155,72.06,11203.4,60960.57,False
ATM031,2024-02-10,155,73.37,11390.68,49569.89,False
ATM031,2024-02-11,127,70.09,8927.06,40642.83,False
ATM031,2024-02-12,104,69.71,7262.58,33380.26,False
ATM031,2024-02-13,98,69.91,6869.83,26510.43,False
ATM031,2024-02-14,97,73.65,7176.48,72823.52,True
ATM031,2024-02-15,149,72.4,10757.58,62065.94,False
ATM031,2024-02-16,215,72.67,15631.38,46434.56,False
ATM031,2024-02-17,242,70.87,17151.74,62848.26,True
ATM031,2024-02-18,191,66.37,12646.87,50201.39,False
ATM031,2024-02-19,180,68.02,12240.41,37960.98,False
ATM031,2024-02-20,154,67.79,10465.29,69534.71,True
ATM031,2024-02-21,139,69.57,9671.87,59862.84,False
ATM031,2024-02-22,166,67.55,11228.22,48634.62,False
ATM031,2024-02-23,239,66.89,15999.8,64000.2,True
ATM031,2024-02-24,254,69.73,17711.67,46288.52,False
ATM031,2024-02-25,156,68.9,10749.94,35538.58,False
ATM031,2024-02-26,165,67.77,11198.76,68801.24,True
ATM031,2024-02-27,152,70.91,10783.51,58017.73,False
ATM031,2024-02-28,141,69.97,9890.47,48127.26,False
ATM031,2024-02-29,182,68.16,12400.35,67599.65,True
ATM031,2024-03-01,218,72.42,15810.12,51789.53,False
ATM031,2024-03-02,233,70.96,16533.8,35255.74,False
ATM031,2024-03-03,170,69.66,11857.8,68142.2,True
ATM031,2024-03-04,172,64.95,11181.78,56960.43,False
ATM031,2024-03-05,141,70.9,10022.07,46938.35,False
ATM031,2024-03-06,157,68.9,10790.01,69209.99,True
ATM031,2024-03-07,152,71.32,10833.63,58376.36,False
ATM031,2024-03-08,220,71.15,15681.6,42694.76,False
ATM031,2024-03-09,261,69.06,18030.35,61969.65,True
ATM031,2024-03-10,201,68.75,13785.38,48184.28,False
ATM031,2024-03-11,162,72.77,11779.33,36404.94,False
ATM031,2024-03-12,161,69.62,11197.61,68802.39,True
ATM031,2024-03-13,181,70.32,12693.72,56108.67,False
ATM031,2024-03-14,170,69.95,11903.7,44204.96,False
ATM031,2024-03-15,204,72.72,14819.93,65180.07,True
ATM031,2024-03-16,154,71.93,11096.86,54083.21,False
ATM031,2024-03-17,128,71.27,9124.72,44958.49,False
ATM031,2024-03-18,98,69.28,6792.82,38165.67,False
ATM031,2024-03-19,81,69.76,5675.09,32490.57,False
ATM031,2024-03-20,106,69.5,7391.21,25099.36,False
ATM031,2024-03-21,107,69.37,7388.76,72611.24,True
ATM031,2024-03-22,164,69.89,11489.37,61121.88,False
ATM031,2024-03-23,191,68.8,13154.77,47967.1,False
ATM031,2024-03-24,124,69.09,8542.25,39424.85,False
ATM031,2024-03-25,117,70.38,8244.27,31180.58,False
ATM031,2024-03-26,115,69.12,7944.24,23236.34,False
ATM031,2024-03-27,111,70.25,7775.92,72224.08,True
ATM031,2024-03-28,121,67.44,8164.79,64059.29,False
ATM031,2024-03-29,160,67.75,10812.85,53246.44,False
ATM031,2024-03-30,176,66.81,11760.27,41486.16,False
ATM031,2024-03-31,116,72.3,8358.11,33128.05,False
ATM031,2024-04-01,132,67.41,8890.24,24237.8,False
ATM031,2024-04-02,101,71.04,7191.62,72808.38,True
ATM031,2024-04-03,138,67.98,9366.2,63442.18,False
ATM031,2024-04-04,153,69.99,10701.73,52740.45,False
ATM031,2024-04-05,165,66.72,11040.38,41700.08,False
ATM031,2024-04-06,208,70.27,14628.16,27071.92,False
ATM031,2024-04-07,166,67.48,11199.8,15872.12,False
ATM031,2024-04-08,123,70.01,8627.2,71372.8,True
ATM031,2024-04-09,118,69.2,8131.89,63240.91,False
ATM031,2024-04-10,116,70.37,8174.62,55066.29,False
ATM031,2024-04-11,134,70.53,9438.22,45628.07,False
ATM031,2024-04-12,204,67.48,13778.19,31849.88,False
ATM031,2024-04-13,169,72.14,12209.74,19640.14,False
ATM031,2024-04-14,137,69.2,9450.74,70549.26,True
ATM031,2024-04-15,119,68.67,8197.09,62352.17,False
ATM031,2024-04-16,108,68.8,7416.63,54935.53,False
ATM031,2024-04-17,125,69.99,8774.73,46160.8,False
ATM031,2024-04-18,139,68.96,9572.58,36588.23,False
ATM031,2024-04-19,196,68.93,13488.9,23099.33,False
ATM031,2024-04-20,169,70.66,11958.63,68041.37,True
ATM031,2024-04-21,155,68.83,10653.17,57388.21,False
ATM031,2024-04-22,136,68.21,9305.17,48083.04,False
ATM031,2024-04-23,117,73.66,8608.54,39474.5,False
ATM031,2024-04-24,121,69.52,8406.41,31068.09,False
ATM031,2024-04-25,125,73.42,9172.32,21895.77,False
ATM031,2024-04-26,175,74.5,13024.9,66975.1,True
ATM031,2024-04-27,206,68.63,14134.23,52840.87,False
ATM031,2024-04-28,138,70.13,9691.94,43148.93,False
ATM031,2024-04-29,107,69.0,7416.69,35732.24,False
ATM031,2024-04-30,113,70.5,7957.44,27774.79,False
ATM031,2024-05-01,114,70.12,8004.7,19770.09,False
ATM031,2024-05-02,99,68.08,6730.7,73269.3,True
ATM031,2024-05-03,153,70.2,10747.86,62521.44,False
ATM031,2024-05-04,180,72.02,12941.54,49579.9,False
ATM031,2024-05-05,129,69.54,8979.34,40600.56,False
ATM031,2024-05-06,113,68.12,7700.17,32900.39,False
ATM031,2024-05-07,106,69.41,7324.78,25575.61,False
ATM031,2024-05-08,89,71.25,6313.83,73686.17,True
ATM031,2024-05-09,123,69.15,8491.74,65194.44,False
ATM031,2024-05-10,177,66.52,11772.19,53422.25,False
ATM031,2024-05-11,152,69.69,10622.29,42799.96,False
ATM031,2024-05-12,120,68.6,8197.8,34602.16,False
ATM031,2024-05-13,104,68.89,7196.98,27405.18,False
ATM031,2024-05-14,95,70.58,6674.9,73325.1,True
ATM031,2024-05-15,96,69.78,6668.36,66656.74,False
ATM031,2024-05-16,109,67.47,7360.13,59296.61,False
ATM031,2024-05-17,151,73.59,11131.8,48164.82,False
ATM031,2024-05-18,176,70.7,12444.15,35720.67,False
ATM031,2024-05-19,116,69.4,8043.88,27676.79,False
ATM031,2024-05-20,118,65.21,7677.51,72322.49,True
ATM031,2024-05-21,93,71.54,6672.9,65649.59,False
ATM031,2024-05-22,91,70.89,6452.2,59197.38,False
ATM031,2024-05-23,118,66.95,7906.26,51291.13,False
ATM031,2024-05-24,155,68.7,10616.77,40674.36,False
ATM031,2024-05-25,167,71.41,11891.9,28782.46,False
ATM031,2024-05-26,123,70.15,8651.6,71348.4,True
ATM031,2024-05-27,108,67.53,7275.59,64072.81,False
ATM031,2024-05-28,100,68.33,6830.03,57242.77,False
ATM031,2024-05-29,105,71.43,7510.55,49732.22,False
ATM031,2024-05-30,110,73.6,8075.97,41656.25,False
ATM031,2024-05-31,150,68.85,10311.38,31344.87,False
ATM031,2024-06-01,169,66.64,11268.13,68731.87,True
ATM031,2024-06-02,106,71.3,7562.24,61169.63,False
ATM031,2024-06-03,95,67.74,6466.56,54703.07,False
ATM031,2024-06-04,98,69.13,6796.19,47906.88,False
ATM031,2024-06-05,106,70.13,7434.25,40472.63,False
ATM031,2024-06-06,101,72.04,7281.76,33190.87,False
ATM031,2024-06-07,166,67.04,11104.63,68895.37,True
ATM031,2024-06-08,172,68.5,11756.3,57139.08,False
ATM031,2024-06-09,108,73.93,7987.82,49151.26,False
ATM031,2024-06-10,103,69.54,7192.24,41959.01,False
ATM031,2024-06-11,96,71.84,6885.58,35073.43,False
ATM031,2024-06-12,97,68.89,6652.48,28420.96,False
ATM031,2024-06-13,121,66.82,8062.57,71937.43,True
ATM031,2024-06-14,170,66.63,11310.15,60627.28,False
ATM031,2024-06-15,170,66.64,11353.51,49273.78,False
ATM031,2024-06-16,107,72.73,7813.72,41460.06,False
ATM031,2024-06-17,106,72.42,7670.76,33789.29,False
ATM031,2024-06-18,91,67.79,6184.54,27604.75,False
ATM031,2024-06-19,100,71.5,7155.58,72844.42,True
ATM031,2024-06-20,106,68.78,7281.23,65563.19,False
ATM031,2024-06-21,133,73.48,9748.88,55814.32,False
ATM031,2024-06-22,159,70.07,11172.81,44641.5,False
ATM031,2024-06-23,117,72.32,8462.75,36178.76,False
ATM031,2024-06-24,92,72.45,6670.08,29508.68,False
ATM031,2024-06-25,86,72.45,6258.7,73741.3,True
ATM031,2024-06-26,89,69.78,6196.78,67544.52,False
ATM031,2024-06-27,121,71.46,8628.29,58916.23,False
ATM031,2024-06-28,160,67.8,10868.12,48048.12,False
ATM031,2024-06-29,151,72.82,10971.43,37076.69,False
ATM031,2024-06-30,121,71.87,8696.17,28380.52,False
ATM031,2024-07-01,103,69.41,7166.88,72833.12,True
ATM031,2024-07-02,102,70.54,7222.12,65611.0,False
ATM031,2024-07-03,103,67.03,6904.71,58706.29,False
ATM031,2024-07-04,116,70.92,8232.08,50474.21,False
ATM031,2024-07-05,140,72.48,10113.87,40360.34,False
ATM031,2024-07-06,167,70.55,11749.34,28610.99,False
ATM031,2024-07-07,125,71.4,8950.34,71049.66,True
ATM031,2024-07-08,105,69.6,7278.04,63771.62,False
ATM031,2024-07-09,115,68.46,7864.34,55907.28,False
ATM031,2024-07-10,105,69.82,7361.91,48545.37,False
ATM031,2024-07-11,110,72.59,7949.39,40595.98,False
ATM031,2024-07-12,145,71.26,10324.67,30271.31,False
ATM031,2024-07-13,171,68.65,11767.24,68232.76,True
ATM031,2024-07-14,129,71.49,9187.88,59044.88,False
ATM031,2024-07-15,96,72.32,6916.33,52128.54,False
ATM031,2024-07-16,92,69.94,6457.76,45670.78,False
ATM031,2024-07-17,95,71.58,6780.53,38890.25,False
ATM031,2024-07-18,104,71.59,7446.08,31444.17,False
ATM031,2024-07-19,159,69.21,11000.7,68999.3,True
ATM031,2024-07-20,192,68.44,13128.83,55870.47,False
ATM031,2024-07-21,106,71.8,7623.14,48247.34,False
ATM031,2024-07-22,84,73.13,6133.99,42113.35,False
ATM031,2024-07-23,103,67.0,6893.68,35219.67,False
ATM031,2024-07-24,98,66.57,6538.51,28681.16,False
ATM031,2024-07-25,118,67.21,7909.52,72090.48,True
ATM031,2024-07-26,158,69.36,10929.8,61160.68,False
ATM031,2024-07-27,157,71.07,11172.49,49988.19,False
ATM031,2024-07-28,121,72.41,8788.68,41199.51,False
ATM031,2024-07-29,98,69.94,6820.55,34378.96,False
ATM031,2024-07-30,93,70.34,6547.02,27831.95,False
ATM031,2024-07-31,96,69.11,6616.86,73383.14,True
ATM031,2024-08-01,106,70.62,7477.77,65905.36,False
ATM031,2024-08-02,149,71.06,10554.51,55350.85,False
ATM031,2024-08-03,167,68.78,11464.33,43886.52,False
ATM031,2024-08-04,125,68.07,8526.75,35359.77,False
ATM031,2024-08-05,107,69.4,7419.75,27940.02,False
ATM031,2024-08-06,99,70.46,6943.45,73056.55,True
ATM031,2024-08-07,110,70.8,7816.29,65240.26,False
ATM031,2024-08-08,113,68.55,7739.91,57500.35,False
ATM031,2024-08-09,161,69.43,11161.98,46338.37,False
ATM031,2024-08-10,149,69.59,10380.68,35957.69,False
ATM031,2024-08-11,125,68.28,8526.88,27430.81,False
ATM031,2024-08-12,101,69.85,7071.21,72928.79,True
ATM031,2024-08-13,94,72.59,6818.02,66110.77,False
ATM031,2024-08-14,86,74.27,6374.42,59736.36,False
ATM031,2024-08-15,108,71.22,7682.67,52053.69,False
ATM031,2024-08-16,160,66.38,10647.18,41406.51,False
ATM031,2024-08-17,156,68.9,10727.06,30679.45,False
ATM031,2024-08-18,134,67.09,9019.41,70980.59,True
ATM031,2024-08-19,95,70.35,6715.39,64265.19,False
ATM031,2024-08-20,100,70.93,7075.1,57190.09,False
ATM031,2024-08-21,98,66.64,6522.26,50667.83,False
ATM031,2024-08-22,110,73.01,7996.46,42671.36,False
ATM031,2024-08-23,152,67.6,10300.32,32371.04,False
ATM031,2024-08-24,158,70.83,11208.12,68791.88,True
ATM031,2024-08-25,113,72.96,8277.15,60514.73,False
ATM031,2024-08-26,108,70.39,7606.87,52907.85,False
ATM031,2024-08-27,87,68.55,5969.6,46938.26,False
ATM031,2024-08-28,98,68.43,6724.38,40213.87,False
ATM031,2024-08-29,111,70.44,7803.89,32409.98,False
ATM031,2024-08-30,131,71.69,9385.45,70614.55,True
ATM031,2024-08-31,163,70.75,11563.56,59050.98,False
ATM031,2024-09-01,130,68.39,8863.63,50187.35,False
ATM031,2024-09-02,112,69.7,7786.78,42400.57,False
ATM031,2024-09-03,112,68.12,7609.22,34791.35,False
ATM031,2024-09-04,113,68.1,7727.45,27063.9,False
ATM031,2024-09-05,135,68.0,9204.38,70795.62,True
ATM031,2024-09-06,164,69.24,11362.37,59433.24,False
ATM031,2024-09-07,174,69.91,12143.35,47289.89,False
ATM031,2024-09-08,122,64.13,7794.61,39495.28,False
ATM031,2024-09-09,121,70.15,8498.04,30997.24,False
ATM031,2024-09-10,79,70.64,5570.22,25427.02,False
ATM031,2024-09-11,107,68.5,7332.91,72667.09,True
ATM031,2024-09-12,105,69.96,7327.84,65339.25,False
ATM031,2024-09-13,163,70.21,11479.1,53860.15,False
ATM031,2024-09-14,177,72.38,12796.3,41063.85,False
ATM031,2024-09-15,124,66.7,8279.68,32784.18,False
ATM031,2024-09-16,99,71.11,7017.71,25766.46,False
ATM031,2024-09-17,96,71.33,6873.51,73126.49,True
ATM031,2024-09-18,104,71.11,7422.69,65703.8,False
ATM031,2024-09-19,106,71.09,7553.36,58150.45,False
ATM031,2024-09-20,185,66.87,12339.81,45810.64,False
ATM031,2024-09-21,162,73.85,11951.31,33859.34,False
ATM031,2024-09-22,107,72.1,7749.26,26110.08,False
ATM031,2024-09-23,115,66.9,7719.38,72280.62,True
ATM031,2024-09-24,104,69.43,7194.72,65085.9,False
ATM031,2024-09-25,100,69.32,6957.85,58128.05,False
ATM031,2024-09-26,121,69.76,8441.45,49686.6,False
ATM031,2024-09-27,148,69.06,10215.58,39471.02,False
ATM031,2024-09-28,167,67.73,11278.08,28192.94,False
ATM031,2024-09-29,116,70.25,8139.83,71860.17,True
ATM031,2024-09-30,101,72.53,7334.66,64525.51,False
ATM031,2024-10-01,101,69.0,6961.19,57564.32,False
ATM031,2024-10-02,92,70.62,6509.93,51054.39,False
ATM031,2024-10-03,109,69.82,7637.34,43417.05,False
ATM031,2024-10-04,151,71.09,10748.04,32669.01,False
ATM031,2024-10-05,169,69.64,11770.68,68229.32,True
ATM031,2024-10-06,116,68.71,7954.37,60274.94,False
ATM031,2024-10-07,109,69.11,7566.14,52708.81,False
ATM031,2024-10-08,86,72.44,6229.27,46479.54,False
ATM031,2024-10-09,93,70.07,6541.29,39938.24,False
ATM031,2024-10-10,114,70.01,7969.7,31968.54,False
ATM031,2024-10-11,125,70.82,8871.79,71128.21,True
ATM031,2024-10-12,177,71.65,12674.38,58453.83,False
ATM031,2024-10-13,97,74.47,7251.0,51202.83,False
ATM031,2024-10-14,96,67.74,6498.0,44704.83,False
ATM031,2024-10-15,102,70.95,7229.82,37475.01,False
ATM031,2024-10-16,102,68.8,7026.75,30448.26,False
ATM031,2024-10-17,121,69.92,8452.19,71547.81,True
ATM031,2024-10-18,130,72.59,9456.85,62090.96,False
ATM031,2024-10-19,162,72.34,11729.19,50361.78,False
ATM031,2024-10-20,117,75.02,8757.38,41604.39,False
ATM031,2024-10-21,100,70.03,6976.91,34627.48,False
ATM031,2024-10-22,104,69.36,7198.48,27429.0,False
ATM031,2024-10-23,116,63.81,7391.17,72608.83,True
ATM031,2024-10-24,110,69.78,7661.21,64947.61,False
ATM031,2024-10-25,153,68.16,10449.99,54497.62,False
ATM031,2024-10-26,179,68.94,12306.89,42190.74,False
ATM031,2024-10-27,122,69.92,8532.12,33658.62,False
ATM031,2024-10-28,101,73.01,7384.11,26274.51,False
ATM031,2024-10-29,97,71.77,6938.87,73061.13,True
ATM031,2024-10-30,102,68.94,7058.57,66002.56,False
ATM031,2024-10-31,110,69.4,7624.42,58378.14,False
ATM031,2024-11-01,185,70.22,12956.95,45421.19,False
ATM031,2024-11-02,185,69.53,12892.51,32528.68,False
ATM031,2024-11-03,128,69.61,8921.99,23606.69,False
ATM031,2024-11-04,114,73.8,8414.11,71585.89,True
ATM031,2024-11-05,131,67.83,8876.33,62709.56,False
ATM031,2024-11-06,119,70.46,8362.35,54347.21,False
ATM031,2024-11-07,128,69.65,8941.01,45406.19,False
ATM031,2024-11-08,164,73.93,12147.03,33259.17,False
ATM031,2024-11-09,187,70.72,13238.27,20020.89,False
ATM031,2024-11-10,116,71.73,8317.0,71683.0,True
ATM031,2024-11-11,135,67.79,9140.51,62542.49,False
ATM031,2024-11-12,110,70.95,7792.52,54749.97,False
ATM031,2024-11-13,116,70.98,8256.31,46493.66,False
ATM031,2024-11-14,120,73.91,8905.53,37588.12,False
ATM031,2024-11-15,157,75.65,11881.46,25706.66,False
ATM031,2024-11-16,207,71.75,14867.53,65132.47,True
ATM031,2024-11-17,128,71.91,9230.38,55902.1,False
ATM031,2024-11-18,134,65.55,8776.65,47125.45,False
ATM031,2024-11-19,103,70.75,7320.47,39804.98,False
ATM031,2024-11-20,119,68.92,8168.5,31636.48,False
ATM031,2024-11-21,144,68.14,9799.25,21837.23,False
ATM031,2024-11-22,176,68.64,12061.2,67938.8,True
ATM031,2024-11-23,213,66.39,14125.15,53813.65,False
ATM031,2024-11-24,144,66.38,9587.84,44225.81,False
ATM031,2024-11-25,115,71.52,8231.08,35994.72,False
ATM031,2024-11-26,124,68.47,8506.75,27487.98,False
ATM031,2024-11-27,123,69.61,8558.7,18929.28,False
ATM031,2024-11-28,143,69.73,9994.71,70005.29,True
ATM031,2024-11-29,141,71.88,10112.25,59893.04,False
ATM031,2024-11-30,190,69.42,13198.56,46694.48,False
ATM031,2024-12-01,152,67.01,10163.96,36530.53,False
ATM031,2024-12-02,119,71.12,8457.42,28073.1,False
ATM031,2024-12-03,121,68.74,8285.29,19787.82,False
ATM031,2024-12-04,130,67.91,8837.92,71162.08,True
ATM031,2024-12-05,125,69.71,8697.13,62464.95,False
ATM031,2024-12-06,183,69.32,12711.96,49752.99,False
ATM031,2024-12-07,210,70.62,14853.65,34899.33,False
ATM031,2024-12-08,141,70.55,9980.46,24918.87,False
ATM031,2024-12-09,126,70.51,8856.24,16062.64,False
ATM031,2024-12-10,98,72.29,7115.89,72884.11,True
ATM031,2024-12-11,116,71.44,8314.44,64569.67,False
ATM031,2024-12-12,133,66.16,8831.84,55737.83,False
ATM031,2024-12-13,156,68.02,10615.73,45122.1,False
ATM031,2024-12-14,194,72.73,14132.19,30989.9,False
ATM031,2024-12-15,150,67.79,10139.83,20850.08,False
ATM031,2024-12-16,109,72.86,7963.99,72036.01,True
ATM031,2024-12-17,99,74.41,7368.71,64667.31,False
ATM031,2024-12-18,126,74.48,9402.15,55265.15,False
ATM031,2024-12-19,135,69.28,9331.81,45933.35,False
ATM031,2024-12-20,178,71.91,12766.25,33167.09,False
ATM031,2024-12-21,192,67.69,13022.65,20144.44,False
ATM031,2024-12-22,142,68.38,9732.37,70267.63,True
ATM031,2024-12-23,134,68.71,9176.82,61090.81,False
ATM031,2024-12-24,113,72.06,8131.06,52959.75,False
ATM031,2024-12-25,128,70.44,9017.84,43941.91,False
ATM031,2024-12-26,138,67.86,9334.16,34607.75,False
ATM031,2024-12-27,184,72.65,13376.17,21231.58,False
ATM031,2024-12-28,162,73.7,11957.04,68042.96,True
ATM031,2024-12-29,133,71.25,9452.57,58590.39,False
ATM031,2024-12-30,121,69.87,8459.14,50131.24,False
ATM031,2024-12-31,117,67.92,7960.89,42170.36,False
ATM032,2024-01-01,87,82.36,7200.26,77799.74,True
ATM032,2024-01-02,83,83.66,6920.47,70879.26,False
ATM032,2024-01-03,96,83.19,8000.72,62878.54,False
ATM032,2024-01-04,108,84.7,9125.01,53753.53,False
ATM032,2024-01-05,135,85.04,11445.09,42308.44,False
ATM032,2024-01-06,173,81.5,14095.62,70904.38,True
ATM032,2024-01-07,120,87.45,10456.64,60447.73,False
ATM032,2024-01-08,90,88.02,7879.48,52568.26,False
ATM032,2024-01-09,86,85.73,7406.68,45161.58,False
ATM032,2024-01-10,85,87.46,7445.99,37715.59,False
ATM032,2024-01-11,96,84.87,8111.08,76888.92,True
ATM032,2024-01-12,140,87.67,12247.96,64640.97,False
ATM032,2024-01-13,139,86.92,12070.0,52570.97,False
ATM032,2024-01-14,109,79.52,8693.3,43877.67,False
ATM032,2024-01-15,86,87.13,7488.83,36388.84,False
ATM032,2024-01-16,91,83.64,7569.3,77430.7,True
ATM032,2024-01-17,91,85.06,7763.69,69667.01,False
ATM032,2024-01-18,110,80.89,8901.96,60765.05,False
ATM032,2024-01-19,136,85.32,11595.94,49169.12,False
ATM032,2024-01-20,143,81.48,11618.84,37550.28,False
ATM032,2024-01-21,107,85.02,9077.17,75922.83,True
ATM032,2024-01-22,94,83.58,7898.09,68024.75,False
ATM032,2024-01-23,87,83.99,7265.53,60759.21,False
ATM032,2024-01-24,90,88.17,7896.91,52862.3,False
ATM032,2024-01-25,84,86.59,7295.89,45566.42,False
ATM032,2024-01-26,134,86.34,11588.8,73411.2,True
ATM032,2024-01-27,167,83.07,13890.31,59520.89,False
ATM032,2024-01-28,122,81.8,9948.21,49572.68,False
ATM032,2024-01-29,94,84.38,7962.23,41610.45,False
ATM032,2024-01-30,92,82.48,7600.35,34010.09,False
ATM032,2024-01-31,90,89.05,7973.76,77026.24,True
ATM032,2024-02-01,85,85.48,7238.39,69787.85,False
ATM032,2024-02-02,134,84.24,11273.11,58514.74,False
ATM032,2024-02-03,152,83.9,12783.06,45731.68,False
ATM032,2024-02-04,102,82.47,8396.72,37334.96,False
ATM032,2024-02-05,85,85.01,7237.88,77762.12,True
ATM032,2024-02-06,86,83.38,7200.56,70561.56,False
ATM032,2024-02-07,78,86.18,6702.8,63858.77,False
ATM032,2024-02-08,99,86.6,8544.02,55314.75,False
ATM032,2024-02-09,140,86.42,12083.35,43231.4,False
ATM032,2024-02-10,139,86.73,12052.16,72947.84,True
ATM032,2024-02-11,107,88.16,9394.77,63553.07,False
ATM032,2024-02-12,76,87.04,6649.39,56903.67,False
ATM032,2024-02-13,83,84.51,7016.19,49887.49,False
ATM032,2024-02-14,77,81.07,6209.99,43677.49,False
ATM032,2024-02-15,117,81.27,9516.5,75483.5,True
ATM032,2024-02-16,150,86.82,13060.05,62423.45,False
ATM032,2024-02-17,165,85.21,14060.06,48363.39,False
ATM032,2024-02-18,115,85.76,9896.65,75103.35,True
ATM032,2024-02-19,115,81.37,9366.58,65736.76,False
ATM032,2024-02-20,101,81.77,8232.79,57503.97,False
ATM032,2024-02-21,107,85.42,9179.94,75820.06,True
ATM032,2024-02-22,115,84.67,9728.5,66091.55,False
ATM032,2024-02-23,159,85.87,13683.89,52407.66,False
ATM032,2024-02-24,170,83.38,14144.34,70855.66,True
ATM032,2024-02-25,126,84.52,10622.39,60233.27,False
ATM032,2024-02-26,124,84.02,10441.9,49791.37,False
ATM032,2024-02-27,103,86.19,8855.45,76144.55,True
ATM032,2024-02-28,118,82.93,9770.94,66373.6,False
ATM032,2024-02-29,127,84.62,10722.19,55651.42,False
ATM032,2024-03-01,185,85.92,15938.14,69061.86,True
ATM032,2024-03-02,159,84.5,13436.57,55625.29,False
ATM032,2024-03-03,137,85.21,11712.21,43913.08,False
ATM032,2024-03-04,104,86.83,9001.62,75998.38,True
ATM032,2024-03-05,100,84.46,8470.65,67527.73,False
ATM032,2024-03-06,93,89.41,8291.65,59236.08,False
ATM032,2024-03-07,105,85.43,8961.67,76038.33,True
ATM032,2024-03-08,163,84.97,13835.16,62203.17,False
ATM032,2024-03-09,163,82.45,13413.14,48790.03,False
ATM032,2024-03-10,133,83.01,11063.7,73936.3,True
ATM032,2024-03-11,91,85.99,7818.85,66117.45,False
ATM032,2024-03-12,94,86.61,8163.58,57953.87,False
ATM032,2024-03-13,104,84.36,8734.34,76265.66,True
ATM032,2024-03-14,119,82.1,9798.18,66467.48,False
ATM032,2024-03-15,150,84.34,12627.02,53840.45,False
ATM032,2024-03-16,124,86.82,10727.27,74272.73,True
ATM032,2024-03-17,102,81.3,8285.15,65987.58,False
ATM032,2024-03-18,81,85.26,6898.71,59088.86,False
ATM032,2024-03-19,78,86.02,6675.33,52413.53,False
ATM032,2024-03-20,80,91.12,7318.8,45094.72,False
ATM032,2024-03-21,104,80.83,8397.83,76602.17,True
ATM032,2024-03-22,123,84.32,10353.17,66249.0,False
ATM032,2024-03-23,146,82.62,12099.31,54149.69,False
ATM032,2024-03-24,100,81.83,8156.33,45993.36,False
ATM032,2024-03-25,82,83.56,6877.87,39115.5,False
ATM032,2024-03-26,82,81.97,6737.81,78262.19,True
ATM032,2024-03-27,87,86.2,7530.84,70731.35,False
ATM032,2024-03-28,82,85.07,7000.7,63730.65,False
ATM032,2024-03-29,108,88.42,9515.68,54214.97,False
ATM032,2024-03-30,153,84.86,13012.12,41202.85,False
ATM032,2024-03-31,96,83.31,7974.88,77025.12,True
ATM032,2024-04-01,90,84.73,7644.72,69380.4,False
ATM032,2024-04-02,95,87.44,8338.54,61041.86,False
ATM032,2024-04-03,97,85.43,8277.53,52764.33,False
ATM032,2024-04-04,95,83.04,7861.56,44902.76,False
ATM032,2024-04-05,143,81.94,11729.06,73270.94,True
ATM032,2024-04-06,150,87.05,13059.06,60211.87,False
ATM032,2024-04-07,112,86.29,9674.23,50537.64,False
ATM032,2024-04-08,78,88.4,6925.0,43612.64,False
ATM032,2024-04-09,80,84.61,6788.56,36824.09,False
ATM032,2024-04-10,94,85.91,8075.81,76924.19,True
ATM032,2024-04-11,95,82.2,7793.5,69130.7,False
ATM032,2024-04-12,138,86.3,11916.39,57214.31,False
ATM032,2024-04-13,138,86.0,11830.72,45383.59,False
ATM032,2024-04-14,97,86.59,8374.76,37008.83,False
ATM032,2024-04-15,87,85.21,7417.99,77582.01,True
ATM032,2024-04-16,86,87.96,7529.57,70052.44,False
ATM032,2024-04-17,94,83.47,7865.8,62186.65,False
ATM032,2024-04-18,97,90.46,8740.0,53446.65,False
ATM032,2024-04-19,145,84.85,12300.35,41146.29,False
ATM032,2024-04-20,145,83.43,12059.47,72940.53,True
ATM032,2024-04-21,118,82.74,9765.85,63174.68,False
ATM032,2024-04-22,89,88.67,7892.92,55281.76,False
ATM032,2024-04-23,93,82.25,7655.95,47625.82,False
ATM032,2024-04-24,101,89.49,9007.2,38618.62,False
ATM032,2024-04-25,100,88.25,8827.05,76172.95,True
ATM032,2024-04-26,132,86.85,11463.07,64709.88,False
ATM032,2024-04-27,152,81.54,12410.66,52299.22,False
ATM032,2024-04-28,137,81.41,11164.36,41134.86,False
ATM032,2024-04-29,94,85.73,8057.52,33077.34,False
ATM032,2024-04-30,93,84.77,7854.41,77145.59,True
ATM032,2024-05-01,82,85.35,6991.65,70153.93,False
ATM032,2024-05-02,94,85.0,8012.63,62141.3,False
ATM032,2024-05-03,129,81.63,10566.87,51574.43,False
ATM032,2024-05-04,155,86.37,13381.2,38193.23,False
ATM032,2024-05-05,103,83.41,8590.05,76409.95,True
ATM032,2024-05-06,77,87.19,6687.33,69722.62,False
ATM032,2024-05-07,79,86.58,6810.43,62912.19,False
ATM032,2024-05-08,72,88.94,6395.62,56516.57,False
ATM032,2024-05-09,97,84.79,8252.57,48264.0,False
ATM032,2024-05-10,126,86.89,10970.86,74029.14,True
ATM032,2024-05-11,119,89.28,10583.59,63445.55,False
ATM032,2024-05-12,105,83.2,8756.62,54688.93,False
ATM032,2024-05-13,76,87.52,6643.94,48044.98,False
ATM032,2024-05-14,81,86.23,6989.62,41055.36,False
ATM032,2024-05-15,85,82.44,7043.68,77956.32,True
ATM032,2024-05-16,95,84.5,8028.77,69927.55,False
ATM032,2024-05-17,116,91.06,10601.45,59326.1,False
ATM032,2024-05-18,141,87.36,12350.89,46975.21,False
ATM032,2024-05-19,119,85.98,10241.19,36734.01,False
ATM032,2024-05-20,87,83.27,7234.39,77765.61,True
ATM032,2024-05-21,84,79.78,6672.31,71093.29,False
ATM032,2024-05-22,91,81.77,7430.51,63662.79,False
ATM032,2024-05-23,97,84.89,8253.35,55409.43,False
ATM032,2024-05-24,126,84.89,10713.16,44696.27,False
ATM032,2024-05-25,145,88.08,12806.06,72193.94,True
ATM032,2024-05-26,102,82.71,8448.25,63745.69,False
ATM032,2024-05-27,93,82.51,7653.32,56092.37,False
ATM032,2024-05-28,72,86.27,6176.83,49915.54,False
ATM032,2024-05-29,91,83.97,7656.53,42259.01,False
ATM032,2024-05-30,95,83.94,7970.48,77029.52,True
ATM032,2024-05-31,127,87.79,11167.96,65861.56,False
ATM032,2024-06-01,139,82.38,11410.03,54451.53,False
ATM032,2024-06-02,88,87.36,7644.52,46807.01,False
ATM032,2024-06-03,77,85.95,6625.38,40181.63,False
ATM032,2024-06-04,87,83.72,7272.23,77727.77,True
ATM032,2024-06-05,79,87.55,6949.22,70778.54,False
ATM032,2024-06-06,89,82.68,7321.79,63456.75,False
ATM032,2024-06-07,118,88.26,10444.78,53011.98,False
ATM032,2024-06-08,154,84.75,13009.04,40002.94,False
ATM032,2024-06-09,92,87.71,8053.71,76946.29,True
ATM032,2024-06-10,75,85.63,6382.86,70563.43,False
ATM032,2024-06-11,78,88.3,6865.93,63697.5,False
ATM032,2024-06-12,94,82.6,7751.73,55945.77,False
ATM032,2024-06-13,94,83.54,7839.43,48106.34,False
ATM032,2024-06-14,120,86.57,10401.77,74598.23,True
ATM032,2024-06-15,133,85.49,11352.64,63245.58,False
ATM032,2024-06-16,102,88.86,9052.04,54193.54,False
ATM032,2024-06-17,86,85.3,7320.47,46873.07,False
ATM032,2024-06-18,72,89.04,6373.41,40499.65,False
ATM032,2024-06-19,85,85.35,7278.78,77721.22,True
ATM032,2024-06-20,91,85.92,7794.21,69927.0,False
ATM032,2024-06-21,128,87.28,11206.96,58720.05,False
ATM032,2024-06-22,152,85.62,13009.1,45710.94,False
ATM032,2024-06-23,109,87.7,9571.36,36139.58,False
ATM032,2024-06-24,88,80.75,7143.89,77856.11,True
ATM032,2024-06-25,78,88.97,6928.44,70927.67,False
ATM032,2024-06-26,78,85.21,6659.18,64268.49,False
ATM032,2024-06-27,90,87.4,7838.08,56430.41,False
ATM032,2024-06-28,125,82.78,10333.2,46097.21,False
ATM032,2024-06-29,146,83.1,12095.02,72904.98,True
ATM032,2024-06-30,83,89.69,7444.65,65460.33,False
ATM032,2024-07-01,85,89.8,7655.0,57805.33,False
ATM032,2024-07-02,84,86.73,7321.58,50483.75,False
ATM032,2024-07-03,85,84.53,7214.78,43268.97,False
ATM032,2024-07-04,96,83.59,8030.73,76969.27,True
ATM032,2024-07-05,117,84.15,9851.89,67117.38,False
ATM032,2024-07-06,155,81.86,12721.55,54395.82,False
ATM032,2024-07-07,90,86.51,7774.32,46621.51,False
ATM032,2024-07-08,81,86.24,6968.58,39652.93,False
ATM032,2024-07-09,86,86.18,7381.19,77618.81,True
ATM032,2024-07-10,76,88.27,6726.18,70892.63,False
ATM032,2024-07-11,96,85.07,8161.08,62731.55,False
ATM032,2024-07-12,123,85.95,10601.53,52130.01,False
ATM032,2024-07-13,141,80.84,11370.87,40759.15,False
ATM032,2024-07-14,103,86.76,8921.75,76078.25,True
ATM032,2024-07-15,71,86.3,6106.74,69971.51,False
ATM032,2024-07-16,95,82.12,7788.12,62183.39,False
ATM032,2024-07-17,83,84.54,6994.57,55188.82,False
ATM032,2024-07-18,99,87.86,8702.91,46485.92,False
ATM032,2024-07-19,116,85.87,9984.36,75015.64,True
ATM032,2024-07-20,164,83.41,13654.65,61360.98,False
ATM032,2024-07-21,98,86.31,8458.75,52902.24,False
ATM032,2024-07-22,77,89.5,6874.12,46028.12,False
ATM032,2024-07-23,82,81.46,6662.92,39365.2,False
ATM032,2024-07-24,78,86.67,6776.87,78223.13,True
ATM032,2024-07-25,85,85.77,7326.93,70896.2,False
ATM032,2024-07-26,135,81.92,11044.01,59852.2,False
ATM032,2024-07-27,130,85.89,11172.26,48679.93,False
ATM032,2024-07-28,106,83.63,8891.99,39787.95,False
ATM032,2024-07-29,86,84.28,7250.65,77749.35,True
ATM032,2024-07-30,84,86.32,7247.05,70502.3,False
ATM032,2024-07-31,79,86.22,6849.12,63653.17,False
ATM032,2024-08-01,87,86.17,7527.37,56125.8,False
ATM032,2024-08-02,121,91.05,10973.68,45152.12,False
ATM032,2024-08-03,134,84.64,11351.56,73648.44,True
ATM032,2024-08-04,98,82.37,8090.38,65558.07,False
ATM032,2024-08-05,80,86.7,6948.42,58609.64,False
ATM032,2024-08-06,85,85.75,7251.93,51357.71,False
ATM032,2024-08-07,82,83.74,6886.49,44471.23,False
ATM032,2024-08-08,87,83.58,7266.32,77733.68,True
ATM032,2024-08-09,110,88.46,9697.33,68036.35,False
ATM032,2024-08-10,165,80.06,13216.87,54819.48,False
ATM032,2024-08-11,101,85.7,8638.51,46180.97,False
ATM032,2024-08-12,87,83.49,7279.66,38901.32,False
ATM032,2024-08-13,86,86.05,7398.08,77601.92,True
ATM032,2024-08-14,91,83.12,7558.35,70043.56,False
ATM032,2024-08-15,82,86.11,7032.94,63010.62,False
ATM032,2024-08-16,113,87.69,9925.46,53085.16,False
ATM032,2024-08-17,119,83.81,10014.46,43070.7,False
ATM032,2024-08-18,96,84.15,8108.13,76891.87,True
ATM032,2024-08-19,85,86.01,7306.35,69585.52,False
ATM032,2024-08-20,83,86.93,7202.49,62383.03,False
ATM032,2024-08-21,77,90.38,6946.64,55436.39,False
ATM032,2024-08-22,101,84.2,8537.98,46898.41,False
ATM032,2024-08-23,125,84.15,10516.32,74483.68,True
ATM032,2024-08-24,144,82.52,11921.27,62562.41,False
ATM032,2024-08-25,101,79.47,8010.19,54552.23,False
ATM032,2024-08-26,80,87.72,6976.59,47575.63,False
ATM032,2024-08-27,80,84.75,6814.13,40761.5,False
ATM032,2024-08-28,87,82.44,7168.78,77831.22,True
ATM032,2024-08-29,89,87.27,7761.68,70069.54,False
ATM032,2024-08-30,124,87.49,10847.87,59221.67,False
ATM032,2024-08-31,146,86.69,12697.21,46524.46,False
ATM032,2024-09-01,96,84.12,8053.01,38471.45,False
ATM032,2024-09-02,96,85.8,8212.61,76787.39,True
ATM032,2024-09-03,84,82.81,6974.86,69812.53,False
ATM032,2024-09-04,80,86.83,6985.68,62826.85,False
ATM032,2024-09-05,93,83.68,7756.01,55070.84,False
ATM032,2024-09-06,118,88.04,10406.1,44664.74,False
ATM032,2024-09-07,141,86.36,12178.08,72821.92,True
ATM032,2024-09-08,106,81.98,8730.68,64091.23,False
ATM032,2024-09-09,83,87.72,7312.11,56779.13,False
ATM032,2024-09-10,77,87.49,6762.42,50016.71,False
ATM032,2024-09-11,84,87.11,7304.06,42712.65,False
ATM032,2024-09-12,89,87.26,7775.62,77224.38,True
ATM032,2024-09-13,113,85.08,9582.91,67641.46,False
ATM032,2024-09-14,142,85.76,12216.71,55424.76,False
ATM032,2024-09-15,108,84.6,9140.14,46284.62,False
ATM032,2024-09-16,85,80.82,6904.31,39380.32,False
ATM032,2024-09-17,78,86.32,6756.72,78243.28,True
ATM032,2024-09-18,91,81.43,7415.22,70828.06,False
ATM032,2024-09-19,102,82.52,8412.35,62415.71,False
ATM032,2024-09-20,126,83.55,10527.9,51887.81,False
ATM032,2024-09-21,140,85.24,11966.38,39921.43,False
ATM032,2024-09-22,99,89.7,8876.78,76123.22,True
ATM032,2024-09-23,88,83.53,7376.63,68746.59,False
ATM032,2024-09-24,79,89.96,7112.97,61633.61,False
ATM032,2024-09-25,84,87.41,7361.09,54272.52,False
ATM032,2024-09-26,81,85.99,6930.13,47342.4,False
ATM032,2024-09-27,125,83.27,10420.22,74579.78,True
ATM032,2024-09-28,136,85.28,11603.78,62976.0,False
ATM032,2024-09-29,95,85.48,8103.32,54872.68,False
ATM032,2024-09-30,82,86.79,7087.43,47785.24,False
ATM032,2024-10-01,81,85.96,6997.66,40787.59,False
ATM032,2024-10-02,87,86.42,7529.45,77470.55,True
ATM032,2024-10-03,97,79.68,7744.65,69725.9,False
ATM032,2024-10-04,133,82.67,11006.33,58719.58,False
ATM032,2024-10-05,134,85.95,11551.98,47167.6,False
ATM032,2024-10-06,104,89.7,9293.3,37874.3,False
ATM032,2024-10-07,82,81.64,6726.01,78273.99,True
ATM032,2024-10-08,82,85.62,7045.9,71228.1,False
ATM032,2024-10-09,76,84.96,6463.26,64764.84,False
ATM032,2024-10-10,99,81.86,8078.9,56685.94,False
ATM032,2024-10-11,119,83.36,9903.5,46782.44,False
ATM032,2024-10-12,132,86.77,11450.52,73549.48,True
ATM032,2024-10-13,97,85.14,8274.08,65275.4,False
ATM032,2024-10-14,102,82.56,8395.53,56879.87,False
ATM032,2024-10-15,76,86.73,6579.35,50300.52,False
ATM032,2024-10-16,88,86.06,7534.01,42766.51,False
ATM032,2024-10-17,102,85.81,8793.88,76206.12,True
ATM032,2024-10-18,108,85.25,9245.92,66960.2,False
ATM032,2024-10-19,126,88.53,11166.57,55793.63,False
ATM032,2024-10-20,112,80.95,9056.7,46736.93,False
ATM032,2024-10-21,90,87.4,7885.21,38851.72,False
ATM032,2024-10-22,79,84.8,6732.41,78267.59,True
ATM032,2024-10-23,97,79.97,7750.19,70517.41,False
ATM032,2024-10-24,91,87.79,7993.32,62524.09,False
ATM032,2024-10-25,122,86.65,10551.83,51972.26,False
ATM032,2024-10-26,141,83.0,11706.15,40266.11,False
ATM032,2024-10-27,92,86.82,7999.26,77000.74,True
ATM032,2024-10-28,85,81.11,6861.79,70138.95,False
ATM032,2024-10-29,83,83.69,6946.33,63192.62,False
ATM032,2024-10-30,76,85.18,6464.51,56728.12,False
ATM032,2024-10-31,96,85.05,8175.46,48552.65,False
ATM032,2024-11-01,135,86.23,11627.66,73372.34,True
ATM032,2024-11-02,163,90.64,14744.48,58627.86,False
ATM032,2024-11-03,134,82.44,11049.94,47577.92,False
ATM032,2024-11-04,105,85.65,8989.41,38588.51,False
ATM032,2024-11-05,87,85.72,7497.07,31091.43,False
ATM032,2024-11-06,108,88.05,9488.55,75511.45,True
ATM032,2024-11-07,100,85.03,8516.46,66994.98,False
ATM032,2024-11-08,161,80.59,12967.43,54027.55,False
ATM032,2024-11-09,143,85.39,12179.17,41848.38,False
ATM032,2024-11-10,126,80.31,10107.05,31741.33,False
ATM032,2024-11-11,99,87.77,8698.41,76301.59,True
ATM032,2024-11-12,94,85.15,8003.5,68298.1,False
ATM032,2024-11-13,100,86.12,8634.6,59663.5,False
ATM032,2024-11-14,98,82.69,8134.7,51528.79,False
ATM032,2024-11-15,147,82.8,12186.32,39342.47,False
ATM032,2024-11-16,175,86.62,15196.96,69803.04,True
ATM032,2024-11-17,109,84.45,9242.53,60560.51,False
ATM032,2024-11-18,110,83.35,9162.41,51398.1,False
ATM032,2024-11-19,97,88.53,8625.91,42772.19,False
ATM032,2024-11-20,106,85.46,9033.22,33738.97,False
ATM032,2024-11-21,119,83.67,9979.31,75020.69,True
ATM032,2024-11-22,174,85.61,14910.05,60110.64,False
ATM032,2024-11-23,177,84.08,14860.15,45250.48,False
ATM032,2024-11-24,120,86.39,10344.5,34905.98,False
ATM032,2024-11-25,96,82.56,7932.46,26973.52,False
ATM032,2024-11-26,91,87.82,8011.23,76988.77,True
ATM032,2024-11-27,87,84.07,7297.84,69690.93,False
ATM032,2024-11-28,122,81.86,10020.51,59670.42,False
ATM032,2024-11-29,167,82.12,13678.11,45992.31,False
ATM032,2024-11-30,152,84.62,12861.65,33130.66,False
ATM032,2024-12-01,137,83.37,11388.89,73611.11,True
ATM032,2024-12-02,92,81.43,7498.28,66112.83,False
ATM032,2024-12-03,106,81.55,8674.57,57438.26,False
ATM032,2024-12-04,106,85.18,9015.42,48422.84,False
ATM032,2024-12-05,106,85.76,9121.95,39300.89,False
ATM032,2024-12-06,139,85.35,11845.63,73154.37,True
ATM032,2024-12-07,143,88.44,12615.08,60539.29,False
ATM032,2024-12-08,108,86.12,9296.01,51243.28,False
ATM032,2024-12-09,94,83.64,7873.87,43369.41,False
ATM032,2024-12-10,85,92.6,7916.83,35452.58,False
ATM032,2024-12-11,100,82.91,8287.66,76712.34,True
ATM032,2024-12-12,109,81.16,8862.45,67849.89,False
ATM032,2024-12-13,138,89.72,12386.77,55463.12,False
ATM032,2024-12-14,161,87.3,14040.28,41422.84,False
ATM032,2024-12-15,111,84.48,9372.69,32050.15,False
ATM032,2024-12-16,103,83.15,8587.05,76412.95,True
ATM032,2024-12-17,97,86.57,8357.51,68055.45,False
ATM032,2024-12-18,102,84.61,8617.36,59438.09,False
ATM032,2024-12-19,117,84.34,9868.09,49570.0,False
ATM032,2024-12-20,138,88.68,12226.51,37343.5,False
ATM032,2024-12-21,157,80.66,12691.34,72308.66,True
ATM032,2024-12-22,109,85.99,9400.37,62908.29,False
ATM032,2024-12-23,111,83.32,9261.19,53647.09,False
ATM032,2024-12-24,108,85.07,9227.59,44419.5,False
ATM032,2024-12-25,99,82.83,8229.22,36190.28,False
ATM032,2024-12-26,124,84.62,10480.72,74519.28,True
ATM032,2024-12-27,125,91.27,11413.36,63105.92,False
ATM032,2024-12-28,162,87.04,14097.04,49008.88,False
ATM032,2024-12-29,130,86.57,11236.93,37771.96,False
ATM032,2024-12-30,106,85.14,9063.21,28708.74,False
ATM032,2024-12-31,101,84.91,8555.04,76444.96,True
ATM033,2024-01-01,209,71.06,14819.47,85180.53,False
ATM033,2024-01-02,211,71.72,15150.39,70030.15,False
ATM033,2024-01-03,210,74.2,15615.88,84384.12,True
ATM033,2024-01-04,255,69.56,17714.15,66669.96,False
ATM033,2024-01-05,319,72.97,23277.24,43392.73,False
ATM033,2024-01-06,311,74.23,23095.71,76904.29,True
ATM033,2024-01-07,237,71.89,17030.55,59873.74,False
ATM033,2024-01-08,218,69.89,15243.92,44629.82,False
ATM033,2024-01-09,186,71.91,13352.36,86647.64,True
ATM033,2024-01-10,204,66.97,13644.43,73003.22,False
ATM033,2024-01-11,242,73.76,17847.42,55155.79,False
ATM033,2024-01-12,298,72.11,21521.53,78478.47,True
ATM033,2024-01-13,374,69.81,26099.13,52379.35,False
ATM033,2024-01-14,283,69.66,19741.84,32637.5,False
ATM033,2024-01-15,235,67.37,15798.99,84201.01,True
ATM033,2024-01-16,185,72.45,13438.51,70762.49,False
ATM033,2024-01-17,223,69.7,15519.55,55242.94,False
ATM033,2024-01-18,254,73.98,18807.0,81193.0,True
ATM033,2024-01-19,347,66.94,23254.59,57938.41,False
ATM033,2024-01-20,359,68.25,24491.67,33446.74,False
ATM033,2024-01-21,266,68.03,18092.53,81907.47,True
ATM033,2024-01-22,215,65.25,14012.97,67894.5,False
ATM033,2024-01-23,227,65.17,14799.67,53094.83,False
ATM033,2024-01-24,204,71.46,14601.14,85398.86,True
ATM033,2024-01-25,231,67.72,15644.72,69754.15,False
ATM033,2024-01-26,329,68.26,22443.74,47310.41,False
ATM033,2024-01-27,369,67.83,25006.63,74993.37,True
ATM033,2024-01-28,258,69.27,17848.49,57144.88,False
ATM033,2024-01-29,207,73.43,15224.6,41920.29,False
ATM033,2024-01-30,209,71.06,14833.43,85166.57,True
ATM033,2024-01-31,203,70.47,14293.15,70873.41,False
ATM033,2024-02-01,105,70.06,7337.41,63536.0,False
ATM033,2024-02-02,156,68.95,10726.63,89273.37,True
ATM033,2024-02-03,158,68.98,10911.58,78361.79,False
ATM033,2024-02-04,112,70.36,7888.26,70473.53,False
ATM033,2024-02-05,92,73.15,6751.62,63721.91,False
ATM033,2024-02-06,117,68.81,8020.34,55701.57,False
ATM033,2024-02-07,96,72.18,6928.47,93071.53,True
ATM033,2024-02-08,108,67.91,7342.06,85729.47,False
ATM033,2024-02-09,162,71.44,11576.48,74152.98,False
ATM033,2024-02-10,157,73.05,11472.99,62679.99,False
ATM033,2024-02-11,123,69.9,8625.24,54054.75,False
ATM033,2024-02-12,94,68.96,6468.2,93531.8,True
ATM033,2024-02-13,101,71.43,7233.89,86297.91,False
ATM033,2024-02-14,91,73.71,6699.23,79598.69,False
ATM033,2024-02-15,878,72.07,63253.36,36746.64,True
ATM033,2024-02-16,1202,74.06,89000.11,10999.89,True
ATM033,2024-02-17,1427,70.1,100000.0,0.0,True
ATM033,2024-02-18,986,69.97,69005.84,30994.16,True
ATM033,2024-02-19,838,67.13,56284.26,43715.74,True
ATM033,2024-02-20,843,68.88,58089.34,41910.66,True
ATM033,2024-02-21,801,69.81,55894.04,44105.96,True
ATM033,2024-02-22,917,70.02,64187.56,35812.44,True
ATM033,2024-02-23,1386,71.39,98979.77,1020.23,True
ATM033,2024-02-24,1448,69.08,100000.0,0.0,True
ATM033,2024-02-25,1067,69.19,73815.42,26184.58,True
ATM033,2024-02-26,764,74.51,56935.19,43064.81,True
ATM033,2024-02-27,825,65.31,53871.44,46128.56,True
ATM033,2024-02-28,840,65.78,55225.99,44774.01,True
ATM033,2024-02-29,877,68.2,59833.22,40166.78,True
ATM033,2024-03-01,1337,65.7,87856.48,12143.52,True
ATM033,2024-03-02,1514,66.06,100000.0,0.0,True
ATM033,2024-03-03,999,69.32,69252.87,30747.13,True
ATM033,2024-03-04,887,70.74,62738.0,37262.0,True
ATM033,2024-03-05,892,69.24,61772.1,38227.9,True
ATM033,2024-03-06,793,70.87,56174.21,43825.79,True
ATM033,2024-03-07,958,71.73,68730.84,31269.16,True
ATM033,2024-03-08,1272,70.49,89636.43,10363.57,True
ATM033,2024-03-09,1350,70.86,95686.64,4313.36,True
ATM033,2024-03-10,1159,69.49,80572.11,19427.89,True
ATM033,2024-03-11,836,69.07,57724.31,42275.69,True
ATM033,2024-03-12,891,65.54,58418.16,41581.84,True
ATM033,2024-03-13,800,71.85,57485.67,42514.33,True
ATM033,2024-03-14,876,70.39,61640.41,38359.59,True
ATM033,2024-03-15,1414,70.7,100000.0,0.0,True
ATM033,2024-03-16,0,67.04,0.0,0.0,False
ATM033,2024-03-17,0,68.31,0.0,0.0,False
ATM033,2024-03-18,101,69.38,6976.16,93023.84,True
ATM033,2024-03-19,107,67.71,7214.3,85809.55,False
ATM033,2024-03-20,95,70.46,6689.46,79120.08,False
ATM033,2024-03-21,109,70.31,7660.69,71459.39,False
ATM033,2024-03-22,123,70.17,8658.27,62801.13,False
ATM033,2024-03-23,155,71.81,11102.11,88897.89,True
ATM033,2024-03-24,122,70.51,8596.75,80301.15,False
ATM033,2024-03-25,97,72.84,7079.36,73221.79,False
ATM033,2024-03-26,102,70.58,7206.33,66015.46,False
ATM033,2024-03-27,115,68.68,7887.18,58128.28,False
ATM033,2024-03-28,98,69.98,6884.29,93115.71,True
ATM033,2024-03-29,154,64.82,9985.53,83130.19,False
ATM033,2024-03-30,152,70.72,10719.03,72411.15,False
ATM033,2024-03-31,119,68.37,8139.38,64271.77,False
ATM033,2024-04-01,218,70.26,15282.09,48989.68,False
ATM033,2024-04-02,224,68.65,15378.22,84621.78,True
ATM033,2024-04-03,234,67.71,15874.06,68747.73,False
ATM033,2024-04-04,216,73.57,15886.08,52861.64,False
ATM033,2024-04-05,306,68.62,20990.91,79009.09,True
ATM033,2024-04-06,331,68.26,22610.79,56398.3,False
ATM033,2024-04-07,254,71.48,18154.5,38243.8,False
ATM033,2024-04-08,220,69.32,15217.01,84782.99,True
ATM033,2024-04-09,196,68.47,13408.69,71374.3,False
ATM033,2024-04-10,187,71.55,13400.52,57973.78,False
ATM033,2024-04-11,249,69.92,17411.05,82588.95,True
ATM033,2024-04-12,324,71.84,23258.31,59330.64,False
ATM033,2024-04-13,341,72.93,24859.24,34471.4,False
ATM033,2024-04-14,242,69.27,16736.1,83263.9,True
ATM033,2024-04-15,207,71.36,14746.07,68517.83,False
ATM033,2024-04-16,181,73.04,13230.26,55287.57,False
ATM033,2024-04-17,211,73.68,15531.04,84468.96,True
ATM033,2024-04-18,238,68.84,16409.16,68059.8,False
ATM033,2024-04-19,327,72.16,23612.08,44447.72,False
ATM033,2024-04-20,357,65.81,23479.68,76520.32,True
ATM033,2024-04-21,224,70.55,15821.89,60698.42,False
ATM033,2024-04-22,252,67.27,16971.44,43726.98,False
ATM033,2024-04-23,207,69.27,14351.17,85648.83,True
ATM033,2024-04-24,229,74.74,17080.77,68568.06,False
ATM033,2024-04-25,236,71.89,16952.1,51615.96,False
ATM033,2024-04-26,356,67.31,23966.93,76033.07,True
ATM033,2024-04-27,382,67.86,25920.69,50112.38,False
ATM033,2024-04-28,245,72.39,17764.92,32347.46,False
ATM033,2024-04-29,212,72.32,15323.45,84676.55,True
ATM033,2024-04-30,242,66.31,16020.12,68656.43,False
ATM033,2024-05-01,80,72.44,5827.69,62828.75,False
ATM033,2024-05-02,115,70.54,8136.75,91863.25,True
ATM033,2024-05-03,147,71.88,10535.59,81327.66,False
ATM033,2024-05-04,172,69.36,11928.09,69399.57,False
ATM033,2024-05-05,126,69.27,8738.04,60661.53,False
ATM033,2024-05-06,100,70.42,7044.94,53616.59,False
ATM033,2024-05-07,91,68.44,6260.62,93739.38,True
ATM033,2024-05-08,116,68.13,7936.29,85803.09,False
ATM033,2024-05-09,108,71.22,7676.16,78126.93,False
ATM033,2024-05-10,143,71.41,10211.44,67915.49,False
ATM033,2024-05-11,168,68.17,11481.26,56434.23,False
ATM033,2024-05-12,123,68.86,8485.45,91514.55,True
ATM033,2024-05-13,110,70.9,7823.31,83691.23,False
ATM033,2024-05-14,90,70.72,6330.81,77360.42,False
ATM033,2024-05-15,90,70.54,6361.85,70998.57,False
ATM033,2024-05-16,108,68.26,7362.68,63635.89,False
ATM033,2024-05-17,129,75.11,9665.31,90334.69,True
ATM033,2024-05-18,163,69.09,11291.89,79042.8,False
ATM033,2024-05-19,110,70.99,7833.67,71209.13,False
ATM033,2024-05-20,98,67.7,6623.12,64586.01,False
ATM033,2024-05-21,95,69.92,6633.75,57952.25,False
ATM033,2024-05-22,97,68.13,6592.06,93407.94,True
ATM033,2024-05-23,105,69.01,7277.99,86129.95,False
ATM033,2024-05-24,139,70.58,9822.92,76307.03,False
ATM033,2024-05-25,180,72.8,13111.94,63195.09,False
ATM033,2024-05-26,136,68.81,9362.48,53832.61,False
ATM033,2024-05-27,110,70.48,7787.26,92212.74,True
ATM033,2024-05-28,100,70.96,7124.11,85088.62,False
ATM033,2024-05-29,93,71.51,6626.19,78462.43,False
ATM033,2024-05-30,117,66.29,7738.19,70724.24,False
ATM033,2024-05-31,141,71.83,10161.59,60562.66,False
ATM033,2024-06-01,161,70.99,11439.9,88560.1,True
ATM033,2024-06-02,110,70.54,7753.75,80806.35,False
ATM033,2024-06-03,99,69.57,6879.3,73927.05,False
ATM033,2024-06-04,88,71.92,6340.08,67586.97,False
ATM033,2024-06-05,99,70.51,6953.48,60633.49,False
ATM033,2024-06-06,122,70.99,8634.6,91365.4,True
ATM033,2024-06-07,158,70.57,11148.87,80216.53,False
ATM033,2024-06-08,162,67.78,10945.91,69270.61,False
ATM033,2024-06-09,129,64.41,8311.78,60958.84,False
ATM033,2024-06-10,100,70.66,7059.22,53899.62,False
ATM033,2024-06-11,94,69.81,6548.33,93451.67,True
ATM033,2024-06-12,85,72.91,6218.18,87233.49,False
ATM033,2024-06-13,107,67.96,7305.41,79928.09,False
ATM033,2024-06-14,152,70.23,10648.62,69279.47,False
ATM033,2024-06-15,159,69.03,10941.95,58337.52,False
ATM033,2024-06-16,112,72.83,8169.28,91830.72,True
ATM033,2024-06-17,102,69.93,7157.28,84673.44,False
ATM033,2024-06-18,101,70.06,7057.63,77615.8,False
ATM033,2024-06-19,99,70.32,6980.83,70634.98,False
ATM033,2024-06-20,113,69.07,7795.19,62839.79,False
ATM033,2024-06-21,132,71.9,9464.52,90535.48,True
ATM033,2024-06-22,184,67.71,12466.35,78069.14,False
ATM033,2024-06-23,120,69.06,8275.72,69793.42,False
ATM033,2024-06-24,104,70.52,7367.64,62425.77,False
ATM033,2024-06-25,121,69.37,8392.7,54033.07,False
ATM033,2024-06-26,103,73.43,7558.47,92441.53,True
ATM033,2024-06-27,111,70.08,7764.6,84676.93,False
ATM033,2024-06-28,147,70.02,10318.54,74358.39,False
ATM033,2024-06-29,178,68.17,12146.23,62212.16,False
ATM033,2024-06-30,116,69.41,8080.93,54131.23,False
ATM033,2024-07-01,85,71.8,6137.56,93862.44,True
ATM033,2024-07-02,104,68.67,7162.39,86700.05,False
ATM033,2024-07-03,109,66.67,7294.85,79405.2,False
ATM033,2024-07-04,107,69.73,7492.48,71912.72,False
ATM033,2024-07-05,147,70.17,10313.42,61599.3,False
ATM033,2024-07-06,161,69.19,11159.54,88840.46,True
ATM033,2024-07-07,111,72.86,8110.56,80729.9,False
ATM033,2024-07-08,89,74.74,6650.89,74079.01,False
ATM033,2024-07-09,90,70.5,6359.68,67719.33,False
ATM033,2024-07-10,102,69.39,7064.22,60655.11,False
ATM033,2024-07-11,116,71.14,8239.9,91760.1,True
ATM033,2024-07-12,139,72.88,10104.29,81655.81,False
ATM033,2024-07-13,152,68.81,10450.01,71205.8,False
ATM033,2024-07-14,119,71.68,8500.76,62705.03,False
ATM033,2024-07-15,102,69.73,7084.04,55620.99,False
ATM033,2024-07-16,90,72.38,6532.82,93467.18,True
ATM033,2024-07-17,101,68.17,6902.52,86564.66,False
ATM033,2024-07-18,96,73.18,7008.54,79556.12,False
ATM033,2024-07-19,138,70.57,9747.3,69808.82,False
ATM033,2024-07-20,173,71.14,12332.66,57476.16,False
ATM033,2024-07-21,114,67.87,7750.37,92249.63,True
ATM033,2024-07-22,116,67.81,7894.4,84355.23,False
ATM033,2024-07-23,90,70.78,6396.24,77958.98,False
ATM033,2024-07-24,94,71.2,6684.14,71274.85,False
ATM033,2024-07-25,97,69.56,6749.57,64525.28,False
ATM033,2024-07-26,150,71.43,10748.24,89251.76,True
ATM033,2024-07-27,159,67.85,10779.17,78472.59,False
ATM033,2024-07-28,123,67.24,8295.69,70176.9,False
ATM033,2024-07-29,108,70.33,7577.33,62599.57,False
ATM033,2024-07-30,93,67.79,6332.29,56267.28,False
ATM033,2024-07-31,97,66.72,6493.13,93506.87,True
ATM033,2024-08-01,113,68.31,7743.53,85763.34,False
ATM033,2024-08-02,148,71.13,10541.09,75222.26,False
ATM033,2024-08-03,170,70.53,12004.81,63217.45,False
ATM033,2024-08-04,121,72.91,8842.26,54375.19,False
ATM033,2024-08-05,100,70.67,7052.18,92947.82,True
ATM033,2024-08-06,94,67.93,6394.36,86553.46,False
ATM033,2024-08-07,104,71.27,7424.64,79128.82,False
ATM033,2024-08-08,114,68.76,7848.33,71280.5,False
ATM033,2024-08-09,165,69.52,11484.27,59796.23,False
ATM033,2024-08-10,154,68.8,10607.47,89392.53,True
ATM033,2024-08-11,135,67.67,9122.64,80269.89,False
ATM033,2024-08-12,86,76.09,6571.11,73698.77,False
ATM033,2024-08-13,104,68.46,7101.54,66597.23,False
ATM033,2024-08-14,95,66.49,6292.49,60304.74,False
ATM033,2024-08-15,105,71.53,7530.94,92469.06,True
ATM033,2024-08-16,173,66.02,11400.07,81068.99,False
ATM033,2024-08-17,147,69.75,10225.77,70843.22,False
ATM033,2024-08-18,138,71.86,9933.5,60909.72,False
ATM033,2024-08-19,105,67.43,7108.97,53800.75,False
ATM033,2024-08-20,82,70.08,5731.86,94268.14,True
ATM033,2024-08-21,97,69.44,6740.29,87527.85,False
ATM033,2024-08-22,106,68.43,7283.36,80244.49,False
ATM033,2024-08-23,131,72.92,9572.25,70672.24,False
ATM033,2024-08-24,152,69.42,10544.78,60127.46,False
ATM033,2024-08-25,114,71.48,8150.18,91849.82,True
ATM033,2024-08-26,91,72.05,6524.95,85324.87,False
ATM033,2024-08-27,92,69.66,6384.43,78940.43,False
ATM033,2024-08-28,112,67.96,7614.66,71325.77,False
ATM033,2024-08-29,109,72.11,7867.07,63458.7,False
ATM033,2024-08-30,150,69.75,10475.05,89524.95,True
ATM033,2024-08-31,186,69.97,13020.0,76504.94,False
ATM033,2024-09-01,120,69.29,8290.09,68214.85,False
ATM033,2024-09-02,97,72.02,6999.49,61215.36,False
ATM033,2024-09-03,99,65.57,6521.92,54693.45,False
ATM033,2024-09-04,104,67.74,7035.78,92964.22,True
ATM033,2024-09-05,113,70.0,7878.63,85085.59,False
ATM033,2024-09-06,161,68.01,10949.8,74135.79,False
ATM033,2024-09-07,156,69.29,10807.3,63328.49,False
ATM033,2024-09-08,102,72.33,7367.04,55961.45,False
ATM033,2024-09-09,85,72.3,6181.01,93818.99,True
ATM033,2024-09-10,98,69.58,6849.31,86969.68,False
ATM033,2024-09-11,98,70.67,6953.3,80016.38,False
ATM033,2024-09-12,103,70.63,7273.17,72743.21,False
ATM033,2024-09-13,159,68.02,10788.56,61954.65,False
ATM033,2024-09-14,178,64.48,11495.1,88504.9,True
ATM033,2024-09-15,100,71.19,7139.94,81364.96,False
ATM033,2024-09-16,99,68.21,6726.22,74638.74,False
ATM033,2024-09-17,96,69.17,6624.19,68014.55,False
ATM033,2024-09-18,95,66.56,6333.52,61681.03,False
ATM033,2024-09-19,91,71.55,6517.24,93482.76,True
ATM033,2024-09-20,138,72.04,9951.55,83531.2,False
ATM033,2024-09-21,154,70.75,10885.18,72646.02,False
ATM033,2024-09-22,116,70.09,8101.08,64544.94,False
ATM033,2024-09-23,101,69.06,6971.11,57573.84,False
ATM033,2024-09-24,85,71.61,6100.47,93899.53,True
ATM033,2024-09-25,103,73.48,7588.3,86311.23,False
ATM033,2024-09-26,105,68.46,7195.77,79115.46,False
ATM033,2024-09-27,142,69.63,9860.17,69255.29,False
ATM033,2024-09-28,165,67.9,11178.76,58076.53,False
ATM033,2024-09-29,105,70.1,7368.35,92631.65,True
ATM033,2024-09-30,78,69.79,5409.37,87222.27,False
ATM033,2024-10-01,87,71.64,6223.34,80998.93,False
ATM033,2024-10-02,101,72.25,7303.79,73695.14,False
ATM033,2024-10-03,108,67.62,7300.71,66394.44,False
ATM033,2024-10-04,137,70.6,9682.13,90317.87,True
ATM033,2024-10-05,137,72.93,9998.92,80318.95,False
ATM033,2024-10-06,112,71.05,7985.54,72333.41,False
ATM033,2024-10-07,90,68.06,6113.88,66219.53,False
ATM033,2024-10-08,81,72.14,5818.5,60401.04,False
ATM033,2024-10-09,94,71.2,6711.65,93288.35,True
ATM033,2024-10-10,106,70.98,7513.2,85775.15,False
ATM033,2024-10-11,144,69.57,10010.98,75764.17,False
ATM033,2024-10-12,157,70.85,11148.07,64616.1,False
ATM033,2024-10-13,111,75.9,8423.49,56192.61,False
ATM033,2024-10-14,118,66.26,7791.03,92208.97,True
ATM033,2024-10-15,95,69.15,6582.55,85626.42,False
ATM033,2024-10-16,107,69.34,7423.63,78202.79,False
ATM033,2024-10-17,119,65.09,7727.02,70475.77,False
ATM033,2024-10-18,124,74.39,9219.78,61255.99,False
ATM033,2024-10-19,166,67.9,11259.42,88740.58,True
ATM033,2024-10-20,123,67.79,8312.64,80427.95,False
ATM033,2024-10-21,101,66.95,6789.83,73638.12,False
ATM033,2024-10-22,91,69.13,6291.69,67346.44,False
ATM033,2024-10-23,103,70.97,7341.24,60005.2,False
ATM033,2024-10-24,112,69.95,7821.84,92178.16,True
ATM033,2024-10-25,159,68.17,10858.01,81320.16,False
ATM033,2024-10-26,150,70.86,10658.93,70661.22,False
ATM033,2024-10-27,115,69.97,8014.37,62646.86,False
ATM033,2024-10-28,94,72.63,6846.74,55800.12,False
ATM033,2024-10-29,106,68.69,7285.08,92714.92,True
ATM033,2024-10-30,88,68.51,6000.65,86714.27,False
ATM033,2024-10-31,98,71.75,7024.72,79689.55,False
ATM033,2024-11-01,190,67.83,12900.33,66789.22,False
ATM033,2024-11-02,188,66.89,12558.36,54230.86,False
ATM033,2024-11-03,139,69.91,9734.7,90265.3,True
ATM033,2024-11-04,122,71.04,8636.65,81628.65,False
ATM033,2024-11-05,123,66.76,8187.99,73440.66,False
ATM033,2024-11-06,106,71.99,7665.5,65775.16,False
ATM033,2024-11-07,128,66.58,8499.75,57275.41,False
ATM033,2024-11-08,186,68.79,12799.13,87200.87,True
ATM033,2024-11-09,204,69.96,14261.83,72939.04,False
ATM033,2024-11-10,130,72.86,9458.23,63480.81,False
ATM033,2024-11-11,102,73.01,7460.26,56020.55,False
ATM033,2024-11-12,107,70.34,7502.22,48518.33,False
ATM033,2024-11-13,117,69.1,8105.97,91894.03,True
ATM033,2024-11-14,121,69.22,8367.78,83526.25,False
ATM033,2024-11-15,152,74.12,11266.1,72260.14,False
ATM033,2024-11-16,177,72.43,12801.0,59459.15,False
ATM033,2024-11-17,146,70.76,10362.49,49096.66,False
ATM033,2024-11-18,115,70.41,8095.26,91904.74,True
ATM033,2024-11-19,116,70.21,8166.22,83738.53,False
ATM033,2024-11-20,108,66.18,7177.14,76561.39,False
ATM033,2024-11-21,152,64.47,9809.65,66751.74,False
ATM033,2024-11-22,176,69.51,12262.13,54489.61,False
ATM033,2024-11-23,198,67.61,13389.33,86610.67,True
ATM033,2024-11-24,140,70.43,9883.21,76727.46,False
ATM033,2024-11-25,141,70.27,9914.98,66812.48,False
ATM033,2024-11-26,129,66.85,8622.11,58190.36,False
ATM033,2024-11-27,122,70.48,8601.87,49588.49,False
ATM033,2024-11-28,127,70.6,8994.55,91005.45,True
ATM033,2024-11-29,193,70.54,13629.84,77375.61,False
ATM033,2024-11-30,182,68.71,12532.35,64843.26,False
ATM033,2024-12-01,144,70.94,10211.24,54632.01,False
ATM033,2024-12-02,103,71.08,7342.23,47289.78,False
ATM033,2024-12-03,103,70.92,7273.15,92726.85,True
ATM033,2024-12-04,109,69.41,7569.93,85156.91,False
ATM033,2024-12-05,116,73.19,8496.04,76660.87,False
ATM033,2024-12-06,171,72.65,12440.38,64220.49,False
ATM033,2024-12-07,231,70.1,16213.87,48006.63,False
ATM033,2024-12-08,156,68.53,10712.7,89287.3,True
ATM033,2024-12-09,131,68.3,8922.87,80364.44,False
ATM033,2024-12-10,110,71.13,7835.5,72528.93,False
ATM033,2024-12-11,125,67.33,8407.88,64121.05,False
ATM033,2024-12-12,117,71.28,8306.56,55814.49,False
ATM033,2024-12-13,176,67.07,11787.95,88212.05,True
ATM033,2024-12-14,189,69.75,13173.85,75038.2,False
ATM033,2024-12-15,137,71.11,9763.73,65274.47,False
ATM033,2024-12-16,123,68.39,8443.29,56831.19,False
ATM033,2024-12-17,106,71.95,7623.2,49207.99,False
ATM033,2024-12-18,111,69.17,7710.25,92289.75,True
ATM033,2024-12-19,114,69.94,7944.17,84345.58,False
ATM033,2024-12-20,188,65.85,12391.2,71954.38,False
ATM033,2024-12-21,183,67.01,12283.84,59670.54,False
ATM033,2024-12-22,154,65.98,10190.69,49479.84,False
ATM033,2024-12-23,114,71.51,8127.62,91872.38,True
ATM033,2024-12-24,115,69.08,7949.44,83922.94,False
ATM033,2024-12-25,114,72.18,8205.68,75717.27,False
ATM033,2024-12-26,134,65.3,8760.07,66957.19,False
ATM033,2024-12-27,185,70.84,13107.17,53850.03,False
ATM033,2024-12-28,201,65.84,13208.85,86791.15,True
ATM033,2024-12-29,139,68.16,9444.28,77346.88,False
ATM033,2024-12-30,108,69.71,7505.5,69841.38,False
ATM033,2024-12-31,109,69.01,7556.71,62284.66,False
ATM034,2024-01-01,110,68.69,7570.86,72429.14,False
ATM034,2024-01-02,105,69.48,7288.74,65140.4,False
ATM034,2024-01-03,118,67.81,8001.86,57138.54,False
ATM034,2024-01-04,132,71.23,9374.98,47763.56,False
ATM034,2024-01-05,136,70.18,9577.15,70422.85,True
ATM034,2024-01-06,193,70.82,13657.25,56765.6,False
ATM034,2024-01-07,129,69.87,8985.78,47779.82,False
ATM034,2024-01-08,111,71.62,7936.52,39843.3,False
ATM034,2024-01-09,99,68.73,6814.92,33028.38,False
ATM034,2024-01-10,123,70.07,8614.88,71385.12,True
ATM034,2024-01-11,124,76.27,9420.68,61964.45,False
ATM034,2024-01-12,166,67.49,11207.6,50756.84,False
ATM034,2024-01-13,172,72.31,12463.84,38293.0,False
ATM034,2024-01-14,135,74.77,10086.82,28206.18,False
ATM034,2024-01-15,110,71.02,7817.9,72182.1,True
ATM034,2024-01-16,111,64.74,7158.83,65023.26,False
ATM034,2024-01-17,113,67.58,7660.02,57363.24,False
ATM034,2024-01-18,134,66.05,8855.06,48508.19,False
ATM034,2024-01-19,156,70.56,11015.26,37492.93,False
ATM034,2024-01-20,186,69.9,13033.0,66967.0,True
ATM034,2024-01-21,144,73.3,10540.46,56426.54,False
ATM034,2024-01-22,102,73.38,7471.46,48955.08,False
ATM034,2024-01-23,122,69.74,8512.41,40442.68,False
ATM034,2024-01-24,110,69.89,7705.76,32736.91,False
ATM034,2024-01-25,118,68.85,8091.42,71908.58,True
ATM034,2024-01-26,179,70.92,12722.7,59185.89,False
ATM034,2024-01-27,179,68.06,12214.52,46971.36,False
ATM034,2024-01-28,126,69.66,8770.9,38200.46,False
ATM034,2024-01-29,123,68.19,8355.46,29845.01,False
ATM034,2024-01-30,114,70.41,8014.8,71985.2,True
ATM034,2024-01-31,108,72.15,7758.5,64226.7,False
ATM034,2024-02-01,112,67.05,7483.25,56743.45,False
ATM034,2024-02-02,129,69.52,8960.56,47782.89,False
ATM034,2024-02-03,149,72.87,10848.38,36934.51,False
ATM034,2024-02-04,105,73.58,7742.62,72257.38,True
ATM034,2024-02-05,90,68.87,6216.48,66040.9,False
ATM034,2024-02-06,90,68.28,6137.71,59903.19,False
ATM034,2024-02-07,108,64.18,6942.26,52960.93,False
ATM034,2024-02-08,94,72.41,6809.93,46151.0,False
ATM034,2024-02-09,131,72.25,9457.91,70542.09,True
ATM034,2024-02-10,176,70.17,12341.1,58200.99,False
ATM034,2024-02-11,111,75.08,8364.62,49836.37,False
ATM034,2024-02-12,96,69.9,6718.18,43118.19,False
ATM034,2024-02-13,92,72.49,6679.36,36438.83,False
ATM034,2024-02-14,93,68.98,6383.72,73616.28,True
ATM034,2024-02-15,174,69.43,12092.2,61524.08,False
ATM034,2024-02-16,226,70.55,15974.36,64025.64,True
ATM034,2024-02-17,268,68.22,18277.95,45747.7,False
ATM034,2024-02-18,154,71.79,11037.82,34709.88,False
ATM034,2024-02-19,131,70.24,9172.94,70827.06,True
ATM034,2024-02-20,160,66.25,10622.22,60204.84,False
ATM034,2024-02-21,138,72.54,10007.44,50197.4,False
ATM034,2024-02-22,157,68.05,10703.05,69296.95,True
ATM034,2024-02-23,211,68.24,14426.13,54870.82,False
ATM034,2024-02-24,233,69.42,16161.77,38709.04,False
ATM034,2024-02-25,159,70.98,11301.87,68698.13,True
ATM034,2024-02-26,157,70.69,11088.62,57609.51,False
ATM034,2024-02-27,143,73.32,10471.07,47138.44,False
ATM034,2024-02-28,132,70.58,9338.21,70661.79,True
ATM034,2024-02-29,156,66.89,10408.22,60253.57,False
ATM034,2024-03-01,222,67.79,15064.29,45189.28,False
ATM034,2024-03-02,249,66.73,16638.33,63361.67,True
ATM034,2024-03-03,178,66.7,11856.37,51505.3,False
ATM034,2024-03-04,150,69.17,10407.76,41097.53,False
ATM034,2024-03-05,127,72.37,9209.85,70790.15,True
ATM034,2024-03-06,135,70.23,9513.09,61277.05,False
ATM034,2024-03-07,149,71.07,10574.44,50702.62,False
ATM034,2024-03-08,220,71.75,15806.64,64193.36,True
ATM034,2024-03-09,215,72.54,15566.81,48626.56,False
ATM034,2024-03-10,161,68.44,10987.43,37639.13,False
ATM034,2024-03-11,136,72.2,9839.8,70160.2,True
ATM034,2024-03-12,122,71.87,8781.52,61378.68,False
ATM034,2024-03-13,140,69.09,9692.44,51686.24,False
ATM034,2024-03-14,169,68.31,11578.95,68421.05,True
ATM034,2024-03-15,248,69.63,17243.25,51177.79,False
ATM034,2024-03-16,146,73.24,10692.97,40484.82,False
ATM034,2024-03-17,108,72.5,7802.94,32681.88,False
ATM034,2024-03-18,82,69.07,5697.06,26984.82,False
ATM034,2024-03-19,89,72.27,6447.04,20537.79,False
ATM034,2024-03-20,95,71.42,6755.43,73244.57,True
ATM034,2024-03-21,107,71.0,7598.16,65646.4,False
ATM034,2024-03-22,114,73.03,8320.23,57326.17,False
ATM034,2024-03-23,141,70.66,9978.78,47347.39,False
ATM034,2024-03-24,111,70.1,7805.71,39541.67,False
ATM034,2024-03-25,92,65.93,6045.1,73954.9,True
ATM034,2024-03-26,81,71.74,5845.56,68109.34,False
ATM034,2024-03-27,85,68.15,5784.63,62324.7,False
ATM034,2024-03-28,107,67.84,7263.75,55060.96,False
ATM034,2024-03-29,133,70.17,9306.38,45754.58,False
ATM034,2024-03-30,159,67.8,10792.83,69207.17,True
ATM034,2024-03-31,110,70.84,7783.86,61423.31,False
ATM034,2024-04-01,102,70.45,7169.74,54253.58,False
ATM034,2024-04-02,102,70.26,7156.42,47097.15,False
ATM034,2024-04-03,116,69.63,8080.11,39017.04,False
ATM034,2024-04-04,126,71.66,9024.05,70975.95,True
ATM034,2024-04-05,174,70.85,12361.45,58614.5,False
ATM034,2024-04-06,194,70.81,13714.76,44899.74,False
ATM034,2024-04-07,120,68.34,8230.11,36669.63,False
ATM034,2024-04-08,111,69.82,7723.02,28946.62,False
ATM034,2024-04-09,113,68.31,7715.36,72284.64,True
ATM034,2024-04-10,127,69.78,8841.0,63443.65,False
ATM034,2024-04-11,123,68.59,8460.56,54983.08,False
ATM034,2024-04-12,155,69.73,10813.53,44169.55,False
ATM034,2024-04-13,182,69.82,12722.19,31447.36,False
ATM034,2024-04-14,149,69.73,10385.06,69614.94,True
ATM034,2024-04-15,109,71.71,7791.07,61823.87,False
ATM034,2024-04-16,105,71.13,7434.98,54388.89,False
ATM034,2024-04-17,104,67.33,7023.47,47365.42,False
ATM034,2024-04-18,123,69.51,8537.75,38827.67,False
ATM034,2024-04-19,156,70.26,10961.65,69038.35,True
ATM034,2024-04-20,188,68.51,12884.9,56153.45,False
ATM034,2024-04-21,127,70.45,8919.07,47234.38,False
ATM034,2024-04-22,106,68.73,7297.39,39936.98,False
ATM034,2024-04-23,112,69.95,7811.1,32125.88,False
ATM034,2024-04-24,109,68.1,7428.96,72571.04,True
ATM034,2024-04-25,113,69.72,7885.53,64685.51,False
ATM034,2024-04-26,188,71.19,13367.71,51317.81,False
ATM034,2024-04-27,162,71.49,11566.56,39751.24,False
ATM034,2024-04-28,125,69.99,8770.42,30980.82,False
ATM034,2024-04-29,101,74.25,7521.55,72478.45,True
ATM034,2024-04-30,98,70.66,6950.29,65528.16,False
ATM034,2024-05-01,85,71.55,6101.26,59426.89,False
ATM034,2024-05-02,99,72.63,7200.67,52226.22,False
ATM034,2024-05-03,148,68.54,10165.32,42060.91,False
ATM034,2024-05-04,182,71.17,12977.69,67022.31,True
ATM034,2024-05-05,105,70.43,7416.0,59606.31,False
ATM034,2024-05-06,96,71.24,6826.62,52779.7,False
ATM034,2024-05-07,90,72.03,6492.0,46287.69,False
ATM034,2024-05-08,100,68.22,6802.16,39485.53,False
ATM034,2024-05-09,110,74.13,8175.94,71824.06,True
ATM034,2024-05-10,146,70.08,10224.44,61599.62,False
ATM034,2024-05-11,153,69.32,10622.87,50976.74,False
ATM034,2024-05-12,116,65.41,7603.27,43373.47,False
ATM034,2024-05-13,100,72.47,7270.24,36103.23,False
ATM034,2024-05-14,78,71.87,5576.05,74423.95,True
ATM034,2024-05-15,92,69.58,6397.64,68026.31,False
ATM034,2024-05-16,110,66.34,7301.88,60724.44,False
ATM034,2024-05-17,138,70.17,9659.35,51065.09,False
ATM034,2024-05-18,159,67.13,10641.15,40423.94,False
ATM034,2024-05-19,110,72.23,7952.37,72047.63,True
ATM034,2024-05-20,97,69.52,6720.65,65326.98,False
ATM034,2024-05-21,111,68.06,7569.16,57757.82,False
ATM034,2024-05-22,96,70.51,6757.21,51000.61,False
ATM034,2024-05-23,115,70.81,8121.33,42879.28,False
ATM034,2024-05-24,142,71.06,10082.43,69917.57,True
ATM034,2024-05-25,144,68.18,9825.83,60091.74,False
ATM034,2024-05-26,105,72.01,7560.13,52531.6,False
ATM034,2024-05-27,95,69.57,6639.18,45892.43,False
ATM034,2024-05-28,105,65.84,6902.64,38989.79,False
ATM034,2024-05-29,90,64.76,5846.02,74153.98,True
ATM034,2024-05-30,110,69.8,7676.89,66477.09,False
ATM034,2024-05-31,148,69.77,10343.45,56133.64,False
ATM034,2024-06-01,163,69.73,11367.07,44766.57,False
ATM034,2024-06-02,112,70.55,7931.8,36834.78,False
ATM034,2024-06-03,91,73.54,6687.97,73312.03,True
ATM034,2024-06-04,80,69.86,5596.49,67715.54,False
ATM034,2024-06-05,93,70.1,6490.42,61225.11,False
ATM034,2024-06-06,100,68.88,6860.5,54364.61,False
ATM034,2024-06-07,154,69.85,10759.77,43604.84,False
ATM034,2024-06-08,176,71.11,12550.41,67449.59,True
ATM034,2024-06-09,106,71.16,7552.74,59896.85,False
ATM034,2024-06-10,90,72.82,6581.72,53315.13,False
ATM034,2024-06-11,87,66.22,5778.3,47536.83,False
ATM034,2024-06-12,91,71.75,6564.9,40971.93,False
ATM034,2024-06-13,101,71.41,7196.87,72803.13,True
ATM034,2024-06-14,150,66.89,10029.13,62774.0,False
ATM034,2024-06-15,148,72.77,10791.77,51982.23,False
ATM034,2024-06-16,116,67.25,7800.67,44181.56,False
ATM034,2024-06-17,90,71.17,6380.85,37800.71,False
ATM034,2024-06-18,108,65.89,7110.29,72889.71,True
ATM034,2024-06-19,96,68.04,6565.02,66324.69,False
ATM034,2024-06-20,103,71.23,7309.49,59015.2,False
ATM034,2024-06-21,133,71.33,9510.47,49504.74,False
ATM034,2024-06-22,165,69.65,11460.31,38044.42,False
ATM034,2024-06-23,96,72.99,7018.75,72981.25,True
ATM034,2024-06-24,97,71.18,6921.83,66059.43,False
ATM034,2024-06-25,83,72.07,5974.39,60085.04,False
ATM034,2024-06-26,106,69.75,7384.91,52700.13,False
ATM034,2024-06-27,105,67.76,7101.08,45599.05,False
ATM034,2024-06-28,136,67.74,9192.11,70807.89,True
ATM034,2024-06-29,154,69.28,10678.74,60129.15,False
ATM034,2024-06-30,116,68.13,7911.22,52217.93,False
ATM034,2024-07-01,95,68.0,6455.56,45762.37,False
ATM034,2024-07-02,95,66.57,6353.33,39409.04,False
ATM034,2024-07-03,93,69.41,6469.37,73530.63,True
ATM034,2024-07-04,107,66.53,7144.19,66386.44,False
ATM034,2024-07-05,146,69.37,10120.3,56266.13,False
ATM034,2024-07-06,163,66.07,10743.44,45522.69,False
ATM034,2024-07-07,102,69.18,7065.29,38457.4,False
ATM034,2024-07-08,101,71.11,7191.91,72808.09,True
ATM034,2024-07-09,93,68.06,6327.72,66480.37,False
ATM034,2024-07-10,84,70.58,5924.11,60556.26,False
ATM034,2024-07-11,105,70.44,7408.89,53147.37,False
ATM034,2024-07-12,159,68.57,10895.85,42251.52,False
ATM034,2024-07-13,161,66.44,10715.09,69284.91,True
ATM034,2024-07-14,107,73.09,7822.15,61462.76,False
ATM034,2024-07-15,85,71.77,6072.47,55390.29,False
ATM034,2024-07-16,101,68.55,6935.98,48454.31,False
ATM034,2024-07-17,90,73.32,6613.77,41840.54,False
ATM034,2024-07-18,100,71.65,7169.0,72831.0,True
ATM034,2024-07-19,120,71.25,8538.09,64292.92,False
ATM034,2024-07-20,163,67.21,10971.53,53321.38,False
ATM034,2024-07-21,101,71.27,7204.33,46117.05,False
ATM034,2024-07-22,88,72.34,6394.78,39722.27,False
ATM034,2024-07-23,91,70.12,6408.34,73591.66,True
ATM034,2024-07-24,90,70.61,6325.17,67266.49,False
ATM034,2024-07-25,105,71.12,7462.11,59804.38,False
ATM034,2024-07-26,129,72.6,9384.91,50419.48,False
ATM034,2024-07-27,156,70.81,11079.94,39339.54,False
ATM034,2024-07-28,109,71.05,7757.07,72242.93,True
ATM034,2024-07-29,81,70.51,5745.71,66497.22,False
ATM034,2024-07-30,100,70.46,7033.34,59463.88,False
ATM034,2024-07-31,94,68.75,6438.61,53025.27,False
ATM034,2024-08-01,105,69.59,7301.82,45723.45,False
ATM034,2024-08-02,155,68.19,10594.81,69405.19,True
ATM034,2024-08-03,149,68.74,10251.62,59153.57,False
ATM034,2024-08-04,126,69.6,8763.6,50389.97,False
ATM034,2024-08-05,96,65.61,6285.88,44104.09,False
ATM034,2024-08-06,83,71.11,5882.92,38221.17,False
ATM034,2024-08-07,97,68.63,6640.19,73359.81,True
ATM034,2024-08-08,92,73.91,6766.18,66593.64,False
ATM034,2024-08-09,161,72.41,11675.12,54918.52,False
ATM034,2024-08-10,160,73.72,11801.74,43116.78,False
ATM034,2024-08-11,130,69.37,8999.83,34116.95,False
ATM034,2024-08-12,83,73.85,6142.26,73857.74,True
ATM034,2024-08-13,86,67.84,5861.17,67996.57,False
ATM034,2024-08-14,86,69.72,5965.98,62030.59,False
ATM034,2024-08-15,92,66.99,6139.39,55891.2,False
ATM034,2024-08-16,137,67.49,9254.87,46636.33,False
ATM034,2024-08-17,163,70.01,11398.32,68601.68,True
ATM034,2024-08-18,113,70.98,8025.13,60576.55,False
ATM034,2024-08-19,89,72.08,6437.87,54138.69,False
ATM034,2024-08-20,93,69.33,6472.09,47666.59,False
ATM034,2024-08-21,80,71.09,5689.34,41977.25,False
ATM034,2024-08-22,91,70.8,6458.14,73541.86,True
ATM034,2024-08-23,145,67.14,9720.49,63821.38,False
ATM034,2024-08-24,153,70.4,10774.53,53046.84,False
ATM034,2024-08-25,111,70.31,7813.34,45233.51,False
ATM034,2024-08-26,88,71.24,6240.15,38993.36,False
ATM034,2024-08-27,88,67.74,5975.77,74024.23,True
ATM034,2024-08-28,93,71.97,6710.63,67313.6,False
ATM034,2024-08-29,106,69.56,7360.05,59953.55,False
ATM034,2024-08-30,115,73.11,8439.73,51513.82,False
ATM034,2024-08-31,130,71.23,9227.98,42285.83,False
ATM034,2024-09-01,127,70.31,8934.34,71065.66,True
ATM034,2024-09-02,94,70.8,6666.25,64399.41,False
ATM034,2024-09-03,85,74.94,6358.05,58041.36,False
ATM034,2024-09-04,89,67.97,6034.22,52007.14,False
ATM034,2024-09-05,94,73.66,6894.38,45112.76,False
ATM034,2024-09-06,131,70.9,9284.37,70715.63,True
ATM034,2024-09-07,159,71.64,11405.18,59310.45,False
ATM034,2024-09-08,113,72.98,8276.75,51033.69,False
ATM034,2024-09-09,97,69.04,6674.19,44359.51,False
ATM034,2024-09-10,91,69.29,6335.41,38024.1,False
ATM034,2024-09-11,111,68.88,7636.79,72363.21,True
ATM034,2024-09-12,109,66.85,7296.92,65066.29,False
ATM034,2024-09-13,141,69.4,9757.25,55309.04,False
ATM034,2024-09-14,155,71.47,11093.9,44215.14,False
ATM034,2024-09-15,117,72.81,8511.14,35704.0,False
ATM034,2024-09-16,96,68.02,6501.48,73498.52,True
ATM034,2024-09-17,84,70.64,5917.72,67580.8,False
ATM034,2024-09-18,92,70.54,6472.18,61108.61,False
ATM034,2024-09-19,93,73.02,6794.92,54313.7,False
ATM034,2024-09-20,127,68.76,8720.05,45593.64,False
ATM034,2024-09-21,141,69.56,9812.92,70187.08,True
ATM034,2024-09-22,121,69.4,8410.2,61776.88,False
ATM034,2024-09-23,92,71.39,6578.29,55198.59,False
ATM034,2024-09-24,87,70.8,6124.99,49073.6,False
ATM034,2024-09-25,96,67.63,6514.44,42559.16,False
ATM034,2024-09-26,97,70.74,6828.67,73171.33,True
ATM034,2024-09-27,145,72.69,10574.73,62596.6,False
ATM034,2024-09-28,173,71.02,12253.13,50343.47,False
ATM034,2024-09-29,107,69.87,7487.64,42855.83,False
ATM034,2024-09-30,94,69.14,6479.92,36375.91,False
ATM034,2024-10-01,91,70.9,6440.82,73559.18,True
ATM034,2024-10-02,82,72.29,5896.19,67662.99,False
ATM034,2024-10-03,89,69.53,6203.14,61459.85,False
ATM034,2024-10-04,147,71.28,10476.82,50983.03,False
ATM034,2024-10-05,139,74.13,10320.26,40662.76,False
ATM034,2024-10-06,114,65.8,7473.63,72526.37,True
ATM034,2024-10-07,102,66.27,6742.04,65784.33,False
ATM034,2024-10-08,83,71.31,5915.93,59868.4,False
ATM034,2024-10-09,87,71.22,6197.89,53670.52,False
ATM034,2024-10-10,91,71.8,6504.96,47165.55,False
ATM034,2024-10-11,118,72.77,8587.84,71412.16,True
ATM034,2024-10-12,140,73.22,10235.09,61177.07,False
ATM034,2024-10-13,98,74.04,7267.05,53910.02,False
ATM034,2024-10-14,92,66.23,6108.22,47801.8,False
ATM034,2024-10-15,87,72.59,6289.41,41512.4,False
ATM034,2024-10-16,93,72.44,6765.42,73234.58,True
ATM034,2024-10-17,109,68.28,7466.07,65768.51,False
ATM034,2024-10-18,145,70.19,10199.74,55568.77,False
ATM034,2024-10-19,143,70.38,10068.55,45500.23,False
ATM034,2024-10-20,105,72.97,7677.11,37823.12,False
ATM034,2024-10-21,92,68.82,6300.51,73699.49,True
ATM034,2024-10-22,81,73.98,5971.18,67728.31,False
ATM034,2024-10-23,84,72.72,6119.5,61608.81,False
ATM034,2024-10-24,92,71.06,6562.92,55045.9,False
ATM034,2024-10-25,136,72.59,9846.23,45199.66,False
ATM034,2024-10-26,163,70.17,11419.06,68580.94,True
ATM034,2024-10-27,101,73.41,7423.05,61157.89,False
ATM034,2024-10-28,96,65.24,6246.9,54910.99,False
ATM034,2024-10-29,83,66.61,5505.51,49405.48,False
ATM034,2024-10-30,89,74.65,6673.65,42731.83,False
ATM034,2024-10-31,89,68.36,6115.55,73884.45,True
ATM034,2024-11-01,157,73.25,11478.32,62406.13,False
ATM034,2024-11-02,166,71.24,11816.02,50590.11,False
ATM034,2024-11-03,118,75.48,8936.95,41653.17,False
ATM034,2024-11-04,110,70.75,7785.82,33867.35,False
ATM034,2024-11-05,108,69.13,7442.91,72557.09,True
ATM034,2024-11-06,119,67.57,8072.59,64484.5,False
ATM034,2024-11-07,104,69.68,7235.57,57248.93,False
ATM034,2024-11-08,176,68.78,12077.17,45171.76,False
ATM034,2024-11-09,188,67.44,12650.11,32521.65,False
ATM034,2024-11-10,137,71.37,9797.1,70202.9,True
ATM034,2024-11-11,110,70.35,7718.09,62484.81,False
ATM034,2024-11-12,100,67.17,6711.44,55773.37,False
ATM034,2024-11-13,105,71.08,7489.06,48284.31,False
ATM034,2024-11-14,125,69.24,8659.47,39624.84,False
ATM034,2024-11-15,165,72.98,12017.99,67982.01,True
ATM034,2024-11-16,176,70.65,12408.79,55573.22,False
ATM034,2024-11-17,129,69.73,8963.41,46609.82,False
ATM034,2024-11-18,106,73.58,7799.47,38810.35,False
ATM034,2024-11-19,110,71.73,7888.71,30921.64,False
ATM034,2024-11-20,107,68.11,7317.15,72682.85,True
ATM034,2024-11-21,118,72.61,8554.13,64128.72,False
ATM034,2024-11-22,198,64.85,12869.58,51259.14,False
ATM034,2024-11-23,209,70.88,14818.24,36440.9,False
ATM034,2024-11-24,146,66.35,9692.24,26748.66,False
ATM034,2024-11-25,106,71.73,7580.68,72419.32,True
ATM034,2024-11-26,107,63.93,6815.04,65604.29,False
ATM034,2024-11-27,111,69.9,7732.78,57871.51,False
ATM034,2024-11-28,132,69.66,9207.7,48663.81,False
ATM034,2024-11-29,159,71.47,11337.97,37325.83,False
ATM034,2024-11-30,196,68.51,13422.85,66577.15,True
ATM034,2024-12-01,141,68.9,9716.4,56860.75,False
ATM034,2024-12-02,108,71.41,7716.36,49144.4,False
ATM034,2024-12-03,111,70.67,7850.08,41294.32,False
ATM034,2024-12-04,106,66.07,7003.04,34291.28,False
ATM034,2024-12-05,114,72.04,8215.23,71784.77,True
ATM034,2024-12-06,167,70.51,11771.8,60012.97,False
ATM034,2024-12-07,177,70.65,12479.91,47533.06,False
ATM034,2024-12-08,118,71.64,8483.42,39049.64,False
ATM034,2024-12-09,118,69.25,8177.83,30871.81,False
ATM034,2024-12-10,115,66.4,7628.98,72371.02,True
ATM034,2024-12-11,110,69.72,7649.09,64721.93,False
ATM034,2024-12-12,131,69.58,9091.07,55630.86,False
ATM034,2024-12-13,175,69.18,12122.15,43508.71,False
ATM034,2024-12-14,153,69.53,10639.62,32869.09,False
ATM034,2024-12-15,131,70.32,9220.9,70779.1,True
ATM034,2024-12-16,113,68.94,7797.49,62981.6,False
ATM034,2024-12-17,107,67.63,7233.35,55748.25,False
ATM034,2024-12-18,94,69.78,6568.07,49180.17,False
ATM034,2024-12-19,109,72.27,7900.95,41279.23,False
ATM034,2024-12-20,139,70.61,9791.25,70208.75,True
ATM034,2024-12-21,208,69.62,14485.03,55723.72,False
ATM034,2024-12-22,128,70.9,9093.03,46630.69,False
ATM034,2024-12-23,115,69.14,7984.5,38646.19,False
ATM034,2024-12-24,97,71.37,6894.91,31751.29,False
ATM034,2024-12-25,92,71.75,6608.91,73391.09,True
ATM034,2024-12-26,116,70.01,8098.84,65292.25,False
ATM034,2024-12-27,151,73.0,10994.94,54297.31,False
ATM034,2024-12-28,183,69.32,12705.6,41591.71,False
ATM034,2024-12-29,127,69.69,8874.72,32716.99,False
ATM034,2024-12-30,136,67.23,9115.46,70884.54,True
ATM034,2024-12-31,112,71.19,7981.81,62902.73,False
ATM035,2024-01-01,112,72.14,8053.02,71946.98,True
ATM035,2024-01-02,110,71.59,7854.39,64092.59,False
ATM035,2024-01-03,124,70.19,8719.69,55372.9,False
ATM035,2024-01-04,123,68.65,8440.7,46932.2,False
ATM035,2024-01-05,180,68.16,12297.44,34634.76,False
ATM035,2024-01-06,187,67.97,12727.32,67272.68,True
ATM035,2024-01-07,144,68.42,9844.47,57428.21,False
ATM035,2024-01-08,109,67.67,7357.64,50070.57,False
ATM035,2024-01-09,108,68.99,7426.19,42644.38,False
ATM035,2024-01-10,115,69.66,8030.21,34614.17,False
ATM035,2024-01-11,126,70.95,8923.55,71076.45,True
ATM035,2024-01-12,190,65.99,12549.59,58526.86,False
ATM035,2024-01-13,169,71.17,12053.22,46473.64,False
ATM035,2024-01-14,134,72.05,9641.96,36831.68,False
ATM035,2024-01-15,105,69.0,7226.32,29605.36,False
ATM035,2024-01-16,108,70.35,7570.37,72429.63,True
ATM035,2024-01-17,111,70.99,7909.94,64519.69,False
ATM035,2024-01-18,118,72.88,8625.7,55893.98,False
ATM035,2024-01-19,198,67.65,13413.18,42480.8,False
ATM035,2024-01-20,183,71.68,13084.07,29396.74,False
ATM035,2024-01-21,143,69.14,9897.66,70102.34,True
ATM035,2024-01-22,123,66.67,8196.05,61906.29,False
ATM035,2024-01-23,115,66.93,7718.73,54187.57,False
ATM035,2024-01-24,121,67.66,8175.71,46011.86,False
ATM035,2024-01-25,124,70.67,8795.01,37216.85,False
ATM035,2024-01-26,174,68.67,11979.1,68020.9,True
ATM035,2024-01-27,177,72.48,12852.16,55168.74,False
ATM035,2024-01-28,132,70.05,9222.1,45946.64,False
ATM035,2024-01-29,107,72.14,7743.36,38203.28,False
ATM035,2024-01-30,114,68.4,7771.3,30431.98,False
ATM035,2024-01-31,114,69.49,7894.03,72105.97,True
ATM035,2024-02-01,114,69.91,7987.93,64118.04,False
ATM035,2024-02-02,127,71.05,9013.64,55104.4,False
ATM035,2024-02-03,170,72.51,12316.53,42787.87,False
ATM035,2024-02-04,106,69.44,7328.7,35459.17,False
ATM035,2024-02-05,96,69.96,6694.87,73305.13,True
ATM035,2024-02-06,95,69.28,6614.97,66690.16,False
ATM035,2024-02-07,86,72.0,6166.88,60523.28,False
ATM035,2024-02-08,98,68.32,6697.95,53825.33,False
ATM035,2024-02-09,129,71.29,9174.68,44650.66,False
ATM035,2024-02-10,152,71.86,10950.32,69049.68,True
ATM035,2024-02-11,111,67.37,7493.53,61556.14,False
ATM035,2024-02-12,93,69.62,6503.99,55052.15,False
ATM035,2024-02-13,98,66.47,6535.86,48516.29,False
ATM035,2024-02-14,100,68.12,6799.15,41717.13,False
ATM035,2024-02-15,145,72.46,10525.93,69474.07,True
ATM035,2024-02-16,183,70.68,12954.18,56519.89,False
ATM035,2024-02-17,247,68.28,16893.64,39626.25,False
ATM035,2024-02-18,161,72.56,11663.03,68336.97,True
ATM035,2024-02-19,162,72.24,11700.18,56636.78,False
ATM035,2024-02-20,163,68.55,11171.76,45465.03,False
ATM035,2024-02-21,128,69.89,8947.65,71052.35,True
ATM035,2024-02-22,176,66.11,11652.27,59400.07,False
ATM035,2024-02-23,207,68.29,14145.41,45254.67,False
ATM035,2024-02-24,240,70.48,16938.44,63061.56,True
ATM035,2024-02-25,162,70.38,11398.17,51663.39,False
ATM035,2024-02-26,136,69.1,9412.74,42250.65,False
ATM035,2024-02-27,129,69.68,8960.65,71039.35,True
ATM035,2024-02-28,132,71.45,9449.51,61589.84,False
ATM035,2024-02-29,158,69.52,10993.76,50596.08,False
ATM035,2024-03-01,241,70.8,17081.75,62918.25,True
ATM035,2024-03-02,234,68.77,16100.58,46817.67,False
ATM035,2024-03-03,159,69.86,11078.79,35738.88,False
ATM035,2024-03-04,158,65.98,10420.06,69579.94,True
ATM035,2024-03-05,129,68.92,8898.65,60681.29,False
ATM035,2024-03-06,132,70.09,9254.64,51426.66,False
ATM035,2024-03-07,160,69.74,11155.27,68844.73,True
ATM035,2024-03-08,228,68.77,15685.78,53158.96,False
ATM035,2024-03-09,243,67.89,16467.9,36691.06,False
ATM035,2024-03-10,175,70.16,12275.9,67724.1,True
ATM035,2024-03-11,135,69.67,9377.4,58346.7,False
ATM035,2024-03-12,138,70.59,9764.28,48582.43,False
ATM035,2024-03-13,149,68.49,10219.17,69780.83,True
ATM035,2024-03-14,163,71.1,11618.7,58162.12,False
ATM035,2024-03-15,212,67.6,14346.72,43815.4,False
ATM035,2024-03-16,155,66.91,10386.9,69613.1,True
ATM035,2024-03-17,111,72.49,8033.05,61580.05,False
ATM035,2024-03-18,109,67.71,7411.24,54168.81,False
ATM035,2024-03-19,97,70.18,6805.59,47363.22,False
ATM035,2024-03-20,80,69.3,5559.85,41803.37,False
ATM035,2024-03-21,97,72.54,7024.42,72975.58,True
ATM035,2024-03-22,131,71.18,9342.42,63633.16,False
ATM035,2024-03-23,161,66.96,10787.84,52845.32,False
ATM035,2024-03-24,104,73.22,7616.76,45228.56,False
ATM035,2024-03-25,92,71.9,6628.34,38600.23,False
ATM035,2024-03-26,99,69.06,6836.26,73163.74,True
ATM035,2024-03-27,89,67.58,6010.14,67153.6,False
ATM035,2024-03-28,114,70.32,8021.03,59132.57,False
ATM035,2024-03-29,123,71.75,8794.83,50337.73,False
ATM035,2024-03-30,140,68.27,9591.11,40746.63,False
ATM035,2024-03-31,106,75.29,7962.12,72037.88,True
ATM035,2024-04-01,124,68.99,8524.39,63513.5,False
ATM035,2024-04-02,108,71.93,7744.41,55769.09,False
ATM035,2024-04-03,125,69.48,8715.81,47053.27,False
ATM035,2024-04-04,125,68.26,8563.16,38490.12,False
ATM035,2024-04-05,173,72.15,12483.58,67516.42,True
ATM035,2024-04-06,165,69.17,11387.65,56128.77,False
ATM035,2024-04-07,124,70.32,8726.67,47402.09,False
ATM035,2024-04-08,110,67.23,7382.81,40019.28,False
ATM035,2024-04-09,120,69.65,8361.48,31657.8,False
ATM035,2024-04-10,111,70.91,7857.08,72142.92,True
ATM035,2024-04-11,135,69.12,9306.65,62836.27,False
ATM035,2024-04-12,168,69.18,11589.64,51246.63,False
ATM035,2024-04-13,201,69.86,14068.57,37178.06,False
ATM035,2024-04-14,131,70.82,9308.69,27869.37,False
ATM035,2024-04-15,130,70.16,9152.24,70847.76,True
ATM035,2024-04-16,102,74.08,7584.66,63263.1,False
ATM035,2024-04-17,119,72.49,8659.83,54603.27,False
ATM035,2024-04-18,122,68.74,8395.74,46207.53,False
ATM035,2024-04-19,146,72.03,10479.93,35727.6,False
ATM035,2024-04-20,198,66.22,13113.3,66886.7,True
ATM035,2024-04-21,149,69.29,10334.16,56552.54,False
ATM035,2024-04-22,119,66.82,7931.37,48621.17,False
ATM035,2024-04-23,113,71.05,8000.01,40621.16,False
ATM035,2024-04-24,114,69.12,7863.64,32757.52,False
ATM035,2024-04-25,155,67.47,10450.24,69549.76,True
ATM035,2024-04-26,158,71.49,11328.85,58220.91,False
ATM035,2024-04-27,179,67.71,12148.75,46072.16,False
ATM035,2024-04-28,144,71.27,10283.41,35788.75,False
ATM035,2024-04-29,118,70.38,8328.65,27460.1,False
ATM035,2024-04-30,106,69.47,7363.52,72636.48,True
ATM035,2024-05-01,91,71.78,6538.79,66097.69,False
ATM035,2024-05-02,110,68.05,7465.26,58632.43,False
ATM035,2024-05-03,158,66.48,10493.96,48138.47,False
ATM035,2024-05-04,157,67.6,10627.94,37510.53,False
ATM035,2024-05-05,101,74.05,7455.91,72544.09,True
ATM035,2024-05-06,89,68.28,6052.93,66491.16,False
ATM035,2024-05-07,97,69.01,6675.18,59815.98,False
ATM035,2024-05-08,91,73.0,6647.07,53168.92,False
ATM035,2024-05-09,110,69.02,7585.77,45583.14,False
ATM035,2024-05-10,138,71.11,9837.2,70162.8,True
ATM035,2024-05-11,162,70.04,11363.03,58799.77,False
ATM035,2024-05-12,115,70.76,8119.32,50680.45,False
ATM035,2024-05-13,97,68.73,6666.09,44014.35,False
ATM035,2024-05-14,96,70.61,6784.56,37229.79,False
ATM035,2024-05-15,83,68.27,5683.79,74316.21,True
ATM035,2024-05-16,101,69.58,7006.26,67309.95,False
ATM035,2024-05-17,141,76.72,10802.83,56507.13,False
ATM035,2024-05-18,130,70.64,9150.41,47356.72,False
ATM035,2024-05-19,114,69.62,7955.59,39401.13,False
ATM035,2024-05-20,99,70.31,6969.16,73030.84,True
ATM035,2024-05-21,90,70.06,6279.98,66750.85,False
ATM035,2024-05-22,96,70.97,6836.3,59914.55,False
ATM035,2024-05-23,107,68.77,7342.32,52572.23,False
ATM035,2024-05-24,171,70.75,12095.96,40476.27,False
ATM035,2024-05-25,166,68.93,11464.88,68535.12,True
ATM035,2024-05-26,114,70.38,8022.69,60512.43,False
ATM035,2024-05-27,86,68.5,5868.82,54643.61,False
ATM035,2024-05-28,89,68.74,6117.83,48525.78,False
ATM035,2024-05-29,87,70.09,6100.67,42425.11,False
ATM035,2024-05-30,114,70.27,7990.6,72009.4,True
ATM035,2024-05-31,135,67.84,9141.67,62867.73,False
ATM035,2024-06-01,158,67.03,10585.89,52281.84,False
ATM035,2024-06-02,111,72.84,8087.47,44194.37,False
ATM035,2024-06-03,92,70.16,6444.17,37750.2,False
ATM035,2024-06-04,91,68.68,6250.37,73749.63,True
ATM035,2024-06-05,97,68.61,6662.92,67086.72,False
ATM035,2024-06-06,103,66.6,6847.36,60239.36,False
ATM035,2024-06-07,138,72.24,9974.71,50264.65,False
ATM035,2024-06-08,156,73.13,11420.7,38843.95,False
ATM035,2024-06-09,105,71.79,7551.82,72448.18,True
ATM035,2024-06-10,87,71.49,6210.9,66237.29,False
ATM035,2024-06-11,102,71.05,7226.54,59010.74,False
ATM035,2024-06-12,107,68.74,7386.2,51624.54,False
ATM035,2024-06-13,105,68.08,7178.24,44446.3,False
ATM035,2024-06-14,141,70.57,9953.93,70046.07,True
ATM035,2024-06-15,158,69.0,10888.84,59157.24,False
ATM035,2024-06-16,108,70.72,7649.6,51507.63,False
ATM035,2024-06-17,98,67.58,6634.87,44872.76,False
ATM035,2024-06-18,82,68.75,5639.85,39232.91,False
ATM035,2024-06-19,87,68.25,5968.69,74031.31,True
ATM035,2024-06-20,101,69.69,7034.45,66996.86,False
ATM035,2024-06-21,127,74.6,9477.41,57519.45,False
ATM035,2024-06-22,137,72.54,9950.66,47568.79,False
ATM035,2024-06-23,114,68.62,7827.35,39741.44,False
ATM035,2024-06-24,101,69.05,6990.97,73009.03,True
ATM035,2024-06-25,83,73.76,6087.15,66921.87,False
ATM035,2024-06-26,81,69.49,5638.82,61283.06,False
ATM035,2024-06-27,101,72.96,7343.06,53940.0,False
ATM035,2024-06-28,128,75.59,9656.6,44283.4,False
ATM035,2024-06-29,176,65.03,11462.19,68537.81,True
ATM035,2024-06-30,101,70.5,7150.96,61386.85,False
ATM035,2024-07-01,87,71.15,6193.0,55193.85,False
ATM035,2024-07-02,92,67.49,6239.54,48954.31,False
ATM035,2024-07-03,86,71.79,6145.78,42808.53,False
ATM035,2024-07-04,87,72.2,6289.26,73710.74,True
ATM035,2024-07-05,154,69.3,10705.41,63005.33,False
ATM035,2024-07-06,138,71.17,9851.31,53154.01,False
ATM035,2024-07-07,115,66.82,7651.94,45502.07,False
ATM035,2024-07-08,113,68.14,7668.56,37833.51,False
ATM035,2024-07-09,82,70.6,5810.21,74189.79,True
ATM035,2024-07-10,89,73.12,6543.93,67645.86,False
ATM035,2024-07-11,102,69.22,7055.55,60590.31,False
ATM035,2024-07-12,144,70.42,10165.48,50424.83,False
ATM035,2024-07-13,157,70.57,11045.45,39379.38,False
ATM035,2024-07-14,116,69.13,8008.69,71991.31,True
ATM035,2024-07-15,103,69.24,7111.95,64879.36,False
ATM035,2024-07-16,93,72.91,6813.95,58065.4,False
ATM035,2024-07-17,84,75.05,6270.52,51794.89,False
ATM035,2024-07-18,101,68.52,6893.42,44901.46,False
ATM035,2024-07-19,145,70.93,10312.24,69687.76,True
ATM035,2024-07-20,152,71.72,10923.79,58763.98,False
ATM035,2024-07-21,108,74.34,8058.18,50705.79,False
ATM035,2024-07-22,98,68.21,6684.32,44021.48,False
ATM035,2024-07-23,87,70.99,6196.89,37824.58,False
ATM035,2024-07-24,97,70.43,6802.59,73197.41,True
ATM035,2024-07-25,94,72.33,6827.68,66369.73,False
ATM035,2024-07-26,162,70.06,11371.62,54998.1,False
ATM035,2024-07-27,172,71.82,12337.68,42660.42,False
ATM035,2024-07-28,130,70.99,9247.12,33413.3,False
ATM035,2024-07-29,94,71.77,6773.73,73226.27,True
ATM035,2024-07-30,88,70.85,6248.35,66977.92,False
ATM035,2024-07-31,101,71.72,7216.98,59760.94,False
ATM035,2024-08-01,103,70.42,7230.32,52530.62,False
ATM035,2024-08-02,146,71.52,10470.58,42060.04,False
ATM035,2024-08-03,162,70.71,11454.93,68545.07,True
ATM035,2024-08-04,109,68.6,7472.92,61072.15,False
ATM035,2024-08-05,97,71.75,6929.39,54142.76,False
ATM035,2024-08-06,99,68.58,6765.28,47377.48,False
ATM035,2024-08-07,96,67.53,6505.87,40871.61,False
ATM035,2024-08-08,94,70.17,6573.53,73426.47,True
ATM035,2024-08-09,156,70.21,10920.07,62506.4,False
ATM035,2024-08-10,178,69.66,12422.2,50084.2,False
ATM035,2024-08-11,117,67.92,7934.25,42149.94,False
ATM035,2024-08-12,97,67.5,6548.15,35601.79,False
ATM035,2024-08-13,86,67.54,5780.52,74219.48,True
ATM035,2024-08-14,97,68.45,6614.45,67605.03,False
ATM035,2024-08-15,99,70.86,6996.85,60608.18,False
ATM035,2024-08-16,127,70.17,8909.48,51698.7,False
ATM035,2024-08-17,160,71.96,11533.79,40164.91,False
ATM035,2024-08-18,117,69.89,8208.45,71791.55,True
ATM035,2024-08-19,92,69.83,6422.63,65368.92,False
ATM035,2024-08-20,102,70.57,7231.24,58137.68,False
ATM035,2024-08-21,92,71.18,6526.07,51611.61,False
ATM035,2024-08-22,103,70.47,7271.27,44340.34,False
ATM035,2024-08-23,141,69.13,9759.7,70240.3,True
ATM035,2024-08-24,177,65.9,11653.84,58586.46,False
ATM035,2024-08-25,119,69.0,8186.66,50399.8,False
ATM035,2024-08-26,86,67.95,5871.59,44528.21,False
ATM035,2024-08-27,92,70.21,6424.66,38103.55,False
ATM035,2024-08-28,97,71.7,6924.65,73075.35,True
ATM035,2024-08-29,92,70.79,6502.46,66572.89,False
ATM035,2024-08-30,148,70.46,10449.25,56123.65,False
ATM035,2024-08-31,171,65.94,11258.09,44865.56,False
ATM035,2024-09-01,101,72.87,7386.76,37478.8,False
ATM035,2024-09-02,88,74.67,6579.18,73420.82,True
ATM035,2024-09-03,80,73.28,5889.54,67531.28,False
ATM035,2024-09-04,88,71.81,6299.92,61231.36,False
ATM035,2024-09-05,101,70.24,7097.72,54133.63,False
ATM035,2024-09-06,151,68.71,10352.41,43781.22,False
ATM035,2024-09-07,166,69.44,11495.93,68504.07,True
ATM035,2024-09-08,124,64.45,8016.22,60487.84,False
ATM035,2024-09-09,90,72.65,6552.69,53935.15,False
ATM035,2024-09-10,94,71.86,6761.84,47173.31,False
ATM035,2024-09-11,90,73.52,6599.67,40573.64,False
ATM035,2024-09-12,108,68.61,7393.8,72606.2,True
ATM035,2024-09-13,147,71.94,10542.26,62063.95,False
ATM035,2024-09-14,164,69.15,11358.74,50705.21,False
ATM035,2024-09-15,111,72.93,8074.47,42630.74,False
ATM035,2024-09-16,104,66.9,6937.34,35693.4,False
ATM035,2024-09-17,90,68.58,6163.56,73836.44,True
ATM035,2024-09-18,95,65.57,6236.91,67599.54,False
ATM035,2024-09-19,121,68.16,8271.3,59328.24,False
ATM035,2024-09-20,142,65.92,9386.34,49941.9,False
ATM035,2024-09-21,165,69.81,11548.62,38393.28,False
ATM035,2024-09-22,111,69.37,7724.83,72275.17,True
ATM035,2024-09-23,101,68.99,6991.09,65284.08,False
ATM035,2024-09-24,83,67.29,5603.8,59680.28,False
ATM035,2024-09-25,85,70.58,5984.93,53695.36,False
ATM035,2024-09-26,106,73.08,7733.43,45961.93,False
ATM035,2024-09-27,124,71.3,8855.95,71144.05,True
ATM035,2024-09-28,137,76.14,10410.98,60733.08,False
ATM035,2024-09-29,119,73.57,8722.04,52011.04,False
ATM035,2024-09-30,100,70.8,7096.92,44914.12,False
ATM035,2024-10-01,91,68.74,6261.92,38652.2,False
ATM035,2024-10-02,87,71.3,6216.95,73783.05,True
ATM035,2024-10-03,117,69.25,8082.32,65700.73,False
ATM035,2024-10-04,141,66.88,9440.11,56260.62,False
ATM035,2024-10-05,152,72.58,11056.78,45203.84,False
ATM035,2024-10-06,119,72.89,8658.63,36545.2,False
ATM035,2024-10-07,98,70.19,6907.23,73092.77,True
ATM035,2024-10-08,104,67.67,7045.75,66047.02,False
ATM035,2024-10-09,87,73.59,6375.28,59671.74,False
ATM035,2024-10-10,96,69.93,6720.94,52950.8,False
ATM035,2024-10-11,148,70.17,10378.38,42572.42,False
ATM035,2024-10-12,161,73.2,11779.67,68220.33,True
ATM035,2024-10-13,112,72.92,8187.27,60033.06,False
ATM035,2024-10-14,90,69.67,6286.99,53746.07,False
ATM035,2024-10-15,103,74.08,7621.94,46124.13,False
ATM035,2024-10-16,86,69.97,6012.86,40111.27,False
ATM035,2024-10-17,103,70.87,7315.36,72684.64,True
ATM035,2024-10-18,147,73.86,10855.97,61828.68,False
ATM035,2024-10-19,151,72.36,10897.52,50931.16,False
ATM035,2024-10-20,118,69.96,8284.43,42646.73,False
ATM035,2024-10-21,83,72.14,5957.31,36689.42,False
ATM035,2024-10-22,95,70.82,6719.62,73280.38,True
ATM035,2024-10-23,83,74.11,6138.61,67141.77,False
ATM035,2024-10-24,108,67.6,7323.76,59818.01,False
ATM035,2024-10-25,127,71.42,9064.53,50753.48,False
ATM035,2024-10-26,165,69.03,11420.65,39332.83,False
ATM035,2024-10-27,115,71.4,8177.51,71822.49,True
ATM035,2024-10-28,99,68.53,6775.31,65047.18,False
ATM035,2024-10-29,96,71.76,6889.25,58157.93,False
ATM035,2024-10-30,100,68.25,6841.62,51316.31,False
ATM035,2024-10-31,94,70.16,6601.38,44714.93,False
ATM035,2024-11-01,173,72.18,12504.84,67495.16,True
ATM035,2024-11-02,193,69.05,13360.96,54134.2,False
ATM035,2024-11-03,126,69.96,8830.61,45303.59,False
ATM035,2024-11-04,109,72.33,7912.84,37390.74,False
ATM035,2024-11-05,106,69.17,7349.28,30041.47,False
ATM035,2024-11-06,122,73.26,8958.93,71041.07,True
ATM035,2024-11-07,110,73.08,8037.92,63003.15,False
ATM035,2024-11-08,157,69.09,10832.11,52171.04,False
ATM035,2024-11-09,180,69.84,12541.12,39629.92,False
ATM035,2024-11-10,139,70.22,9756.19,29873.73,False
ATM035,2024-11-11,120,69.16,8265.04,71734.96,True
ATM035,2024-11-12,111,70.17,7801.98,63932.98,False
ATM035,2024-11-13,99,71.01,7040.07,56892.9,False
ATM035,2024-11-14,126,68.5,8607.97,48284.93,False
ATM035,2024-11-15,164,69.16,11373.74,36911.19,False
ATM035,2024-11-16,171,73.69,12607.43,67392.57,True
ATM035,2024-11-17,168,64.28,10813.94,56578.63,False
ATM035,2024-11-18,114,72.01,8192.15,48386.48,False
ATM035,2024-11-19,104,71.95,7486.17,40900.32,False
ATM035,2024-11-20,130,67.12,8711.06,32189.26,False
ATM035,2024-11-21,116,74.11,8630.72,71369.28,True
ATM035,2024-11-22,154,69.76,10744.59,60624.68,False
ATM035,2024-11-23,172,72.21,12429.12,48195.56,False
ATM035,2024-11-24,144,70.34,10154.39,38041.17,False
ATM035,2024-11-25,120,66.39,7934.8,30106.37,False
ATM035,2024-11-26,121,69.26,8396.31,71603.69,True
ATM035,2024-11-27,107,72.04,7681.68,63922.01,False
ATM035,2024-11-28,120,72.11,8669.38,55252.63,False
ATM035,2024-11-29,174,70.43,12222.58,43030.05,False
ATM035,2024-11-30,194,67.64,13107.19,29922.86,False
ATM035,2024-12-01,128,72.28,9245.07,70754.93,True
ATM035,2024-12-02,109,68.5,7434.26,63320.67,False
ATM035,2024-12-03,102,70.32,7146.4,56174.28,False
ATM035,2024-12-04,120,71.15,8558.96,47615.32,False
ATM035,2024-12-05,103,71.36,7341.75,40273.56,False
ATM035,2024-12-06,160,71.07,11360.02,68639.98,True
ATM035,2024-12-07,186,68.19,12691.92,55948.07,False
ATM035,2024-12-08,135,69.07,9295.36,46652.71,False
ATM035,2024-12-09,119,68.14,8089.32,38563.39,False
ATM035,2024-12-10,98,71.54,7024.81,31538.58,False
ATM035,2024-12-11,118,71.22,8384.8,71615.2,True
ATM035,2024-12-12,119,68.45,8170.67,63444.53,False
ATM035,2024-12-13,155,71.87,11170.45,52274.08,False
ATM035,2024-12-14,168,71.86,12105.7,40168.38,False
ATM035,2024-12-15,135,72.6,9767.9,30400.48,False
ATM035,2024-12-16,120,71.14,8528.6,71471.4,True
ATM035,2024-12-17,96,71.28,6857.72,64613.69,False
ATM035,2024-12-18,113,69.22,7821.56,56792.12,False
ATM035,2024-12-19,135,69.68,9405.75,47386.38,False
ATM035,2024-12-20,156,72.36,11290.76,36095.62,False
ATM035,2024-12-21,181,68.78,12466.86,67533.14,True
ATM035,2024-12-22,126,68.28,8633.22,58899.92,False
ATM035,2024-12-23,105,71.3,7520.23,51379.69,False
ATM035,2024-12-24,107,66.1,7076.98,44302.71,False
ATM035,2024-12-25,115,68.67,7925.04,36377.67,False
ATM035,2024-12-26,117,72.69,8540.56,71459.44,True
ATM035,2024-12-27,161,73.17,11775.89,59683.55,False
ATM035,2024-12-28,177,72.11,12764.4,46919.15,False
ATM035,2024-12-29,128,70.23,8990.77,37928.38,False
ATM035,2024-12-30,109,68.29,7416.42,30511.96,False
ATM035,2024-12-31,111,67.21,7481.67,72518.33,True
ATM036,2024-01-01,178,86.45,15372.52,104627.48,False
ATM036,2024-01-02,161,94.58,15248.18,89379.3,False
ATM036,2024-01-03,173,95.14,16444.9,103555.1,True
ATM036,2024-01-04,184,89.05,16380.51,87174.59,False
ATM036,2024-01-05,259,89.36,23157.85,64016.74,False
ATM036,2024-01-06,235,92.21,21687.94,42328.8,False
ATM036,2024-01-07,204,86.04,17553.74,102446.26,True
ATM036,2024-01-08,163,89.43,14593.57,87852.68,False
ATM036,2024-01-09,161,90.06,14529.3,73323.39,False
ATM036,2024-01-10,189,86.52,16310.18,57013.2,False
ATM036,2024-01-11,184,87.63,16158.91,103841.09,True
ATM036,2024-01-12,276,88.48,24437.89,79403.2,False
ATM036,2024-01-13,258,92.83,23915.31,55487.88,False
ATM036,2024-01-14,208,93.98,19578.06,35909.82,False
ATM036,2024-01-15,148,91.3,13479.14,106520.86,True
ATM036,2024-01-16,165,89.86,14794.38,91726.49,False
ATM036,2024-01-17,159,93.47,14888.93,76837.56,False
ATM036,2024-01-18,190,92.42,17563.51,59274.05,False
ATM036,2024-01-19,236,96.13,22707.31,97292.69,True
ATM036,2024-01-20,278,85.64,23820.43,73472.26,False
ATM036,2024-01-21,194,90.16,17515.89,55956.38,False
ATM036,2024-01-22,187,88.62,16566.52,39389.86,False
ATM036,2024-01-23,175,86.01,15025.14,104974.86,True
ATM036,2024-01-24,177,90.18,15985.11,88989.75,False
ATM036,2024-01-25,167,95.76,16014.32,72975.43,False
ATM036,2024-01-26,277,87.19,24121.33,48854.11,False
ATM036,2024-01-27,250,97.39,24311.02,95688.98,True
ATM036,2024-01-28,222,92.49,20495.24,75193.75,False
ATM036,2024-01-29,142,93.6,13288.08,61905.66,False
ATM036,2024-01-30,148,93.57,13885.93,48019.74,False
ATM036,2024-01-31,154,91.32,14088.68,105911.32,True
ATM036,2024-02-01,146,89.02,13013.41,92897.91,False
ATM036,2024-02-02,225,86.44,19480.91,73417.0,False
ATM036,2024-02-03,276,87.23,24102.96,49314.03,False
ATM036,2024-02-04,150,91.69,13784.34,106215.66,True
ATM036,2024-02-05,155,89.13,13794.57,92421.09,False
ATM036,2024-02-06,128,87.51,11223.55,81197.53,False
ATM036,2024-02-07,127,90.83,11490.67,69706.86,False
ATM036,2024-02-08,149,91.15,13543.43,106456.57,True
ATM036,2024-02-09,207,92.23,19133.15,87323.43,False
ATM036,2024-02-10,225,88.01,19837.41,67486.02,False
ATM036,2024-02-11,167,89.85,15033.7,52452.32,False
ATM036,2024-02-12,146,88.08,12826.92,107173.08,True
ATM036,2024-02-13,146,86.82,12653.99,94519.09,False
ATM036,2024-02-14,129,93.05,11974.86,82544.23,False
ATM036,2024-02-15,206,92.84,19112.04,63432.18,False
ATM036,2024-02-16,300,85.72,25686.22,94313.78,True
ATM036,2024-02-17,309,90.32,27949.67,66364.1,False
ATM036,2024-02-18,254,93.49,23786.92,96213.08,True
ATM036,2024-02-19,226,92.33,20852.02,75361.06,False
ATM036,2024-02-20,198,87.73,17348.44,102651.56,True
ATM036,2024-02-21,211,93.84,19835.88,82815.68,False
ATM036,2024-02-22,206,93.49,19246.53,100753.47,True
ATM036,2024-02-23,272,91.05,24783.25,75970.22,False
ATM036,2024-02-24,344,89.45,30806.0,89194.0,True
ATM036,2024-02-25,258,87.69,22652.11,66541.89,False
ATM036,2024-02-26,219,90.16,19762.28,100237.72,True
ATM036,2024-02-27,208,94.29,19632.76,80604.96,False
ATM036,2024-02-28,216,87.79,18939.15,101060.85,True
ATM036,2024-02-29,202,94.59,19103.24,81957.61,False
ATM036,2024-03-01,342,92.4,31643.03,88356.97,True
ATM036,2024-03-02,338,92.2,31160.95,57196.02,False
ATM036,2024-03-03,280,88.33,24763.65,95236.35,True
ATM036,2024-03-04,221,87.01,19194.72,76041.63,False
ATM036,2024-03-05,194,94.17,18223.16,101776.84,True
ATM036,2024-03-06,224,90.36,20243.73,81533.1,False
ATM036,2024-03-07,194,88.23,17132.62,102867.38,True
ATM036,2024-03-08,319,89.42,28552.95,74314.43,False
ATM036,2024-03-09,343,90.65,31101.93,88898.07,True
ATM036,2024-03-10,242,89.98,21773.78,67124.29,False
ATM036,2024-03-11,215,88.1,18955.4,101044.6,True
ATM036,2024-03-12,236,88.71,20925.56,80119.04,False
ATM036,2024-03-13,169,94.81,16031.45,103968.55,True
ATM036,2024-03-14,211,92.43,19497.21,84471.34,False
ATM036,2024-03-15,295,91.54,27029.52,92970.48,True
ATM036,2024-03-16,219,92.7,20346.22,72624.26,False
ATM036,2024-03-17,166,88.23,14649.33,57974.93,False
ATM036,2024-03-18,144,88.97,12830.57,45144.36,False
ATM036,2024-03-19,120,88.38,10569.53,109430.47,True
ATM036,2024-03-20,177,85.08,15096.31,94334.16,False
ATM036,2024-03-21,155,89.34,13841.54,80492.62,False
ATM036,2024-03-22,244,87.0,21209.11,59283.51,False
ATM036,2024-03-23,224,91.85,20560.19,99439.81,True
ATM036,2024-03-24,167,87.93,14684.66,84755.15,False
ATM036,2024-03-25,141,89.16,12582.23,72172.92,False
ATM036,2024-03-26,128,92.51,11836.12,60336.8,False
ATM036,2024-03-27,139,91.49,12703.06,107296.94,True
ATM036,2024-03-28,150,92.59,13928.28,93368.66,False
ATM036,2024-03-29,229,89.23,20433.58,72935.08,False
ATM036,2024-03-30,250,86.5,21620.21,51314.87,False
ATM036,2024-03-31,134,94.93,12700.48,107299.52,True
ATM036,2024-04-01,163,90.68,14773.36,92526.16,False
ATM036,2024-04-02,154,86.57,13324.09,79202.06,False
ATM036,2024-04-03,154,91.74,14098.27,65103.79,False
ATM036,2024-04-04,177,89.09,15751.95,104248.05,True
ATM036,2024-04-05,228,93.15,21244.27,83003.78,False
ATM036,2024-04-06,294,88.69,26033.5,56970.28,False
ATM036,2024-04-07,210,89.34,18719.46,38250.83,False
ATM036,2024-04-08,164,89.87,14769.03,105230.97,True
ATM036,2024-04-09,173,87.59,15185.87,90045.1,False
ATM036,2024-04-10,159,96.74,15350.16,74694.94,False
ATM036,2024-04-11,184,90.1,16542.63,58152.32,False
ATM036,2024-04-12,244,91.29,22249.32,97750.68,True
ATM036,2024-04-13,231,94.59,21886.25,75864.43,False
ATM036,2024-04-14,217,88.26,19112.8,56751.63,False
ATM036,2024-04-15,171,88.5,15155.59,41596.04,False
ATM036,2024-04-16,164,90.17,14824.56,105175.44,True
ATM036,2024-04-17,173,87.22,15058.8,90116.64,False
ATM036,2024-04-18,170,93.09,15790.59,74326.05,False
ATM036,2024-04-19,260,82.86,21559.95,52766.1,False
ATM036,2024-04-20,251,96.51,24240.94,95759.06,True
ATM036,2024-04-21,214,88.42,18936.6,76822.46,False
ATM036,2024-04-22,164,91.84,15068.69,61753.77,False
ATM036,2024-04-23,146,87.69,12837.89,48915.88,False
ATM036,2024-04-24,162,94.31,15238.76,104761.24,True
ATM036,2024-04-25,168,94.23,15837.32,88923.91,False
ATM036,2024-04-26,263,80.86,21229.68,67694.23,False
ATM036,2024-04-27,282,91.46,25807.21,41887.02,False
ATM036,2024-04-28,204,91.88,18787.81,101212.19,True
ATM036,2024-04-29,172,89.3,15326.5,85885.69,False
ATM036,2024-04-30,161,88.76,14294.73,71590.96,False
ATM036,2024-05-01,141,85.11,12008.43,59582.53,False
ATM036,2024-05-02,140,89.56,12500.88,107499.12,True
ATM036,2024-05-03,188,84.58,15943.01,91556.11,False
ATM036,2024-05-04,222,89.65,19942.75,71613.36,False
ATM036,2024-05-05,174,83.57,14547.5,57065.86,False
ATM036,2024-05-06,163,86.12,14048.38,105951.62,True
ATM036,2024-05-07,132,86.59,11424.34,94527.28,False
ATM036,2024-05-08,148,91.14,13525.39,81001.89,False
ATM036,2024-05-09,149,88.53,13166.47,67835.42,False
ATM036,2024-05-10,218,86.63,18886.61,101113.39,True
ATM036,2024-05-11,237,88.52,20966.32,80147.08,False
ATM036,2024-05-12,169,91.31,15420.97,64726.1,False
ATM036,2024-05-13,143,84.46,12088.89,52637.22,False
ATM036,2024-05-14,138,86.09,11890.5,108109.5,True
ATM036,2024-05-15,139,89.31,12417.93,95691.58,False
ATM036,2024-05-16,151,86.5,13061.13,82630.44,False
ATM036,2024-05-17,228,88.78,20266.24,62364.2,False
ATM036,2024-05-18,267,90.09,24070.81,95929.19,True
ATM036,2024-05-19,169,90.11,15240.63,80688.55,False
ATM036,2024-05-20,139,92.95,12906.74,67781.82,False
ATM036,2024-05-21,153,85.23,13069.92,54711.9,False
ATM036,2024-05-22,144,91.34,13111.92,106888.08,True
ATM036,2024-05-23,144,94.62,13644.18,93243.91,False
ATM036,2024-05-24,228,92.44,21085.28,72158.63,False
ATM036,2024-05-25,226,86.78,19652.77,52505.86,False
ATM036,2024-05-26,167,93.67,15676.48,104323.52,True
ATM036,2024-05-27,118,92.93,10933.52,93390.0,False
ATM036,2024-05-28,140,85.12,11883.81,81506.19,False
ATM036,2024-05-29,138,92.46,12762.29,68743.9,False
ATM036,2024-05-30,152,87.15,13279.29,106720.71,True
ATM036,2024-05-31,238,88.19,21025.33,85695.38,False
ATM036,2024-06-01,258,85.91,22140.94,63554.43,False
ATM036,2024-06-02,168,91.05,15309.51,48244.93,False
ATM036,2024-06-03,142,94.03,13396.3,106603.7,True
ATM036,2024-06-04,125,91.41,11427.96,95175.74,False
ATM036,2024-06-05,130,86.28,11223.13,83952.61,False
ATM036,2024-06-06,143,91.11,13069.97,70882.64,False
ATM036,2024-06-07,221,95.02,20973.55,99026.45,True
ATM036,2024-06-08,219,90.82,19914.0,79112.45,False
ATM036,2024-06-09,173,92.07,15884.82,63227.62,False
ATM036,2024-06-10,138,90.21,12453.2,50774.43,False
ATM036,2024-06-11,134,89.44,12004.78,107995.22,True
ATM036,2024-06-12,134,89.68,12058.12,95937.11,False
ATM036,2024-06-13,152,86.93,13228.76,82708.35,False
ATM036,2024-06-14,217,91.39,19811.49,62896.86,False
ATM036,2024-06-15,256,91.0,23280.76,96719.24,True
ATM036,2024-06-16,164,88.31,14442.37,82276.87,False
ATM036,2024-06-17,138,91.49,12643.65,69633.22,False
ATM036,2024-06-18,138,86.03,11892.26,57740.96,False
ATM036,2024-06-19,130,90.05,11727.14,108272.86,True
ATM036,2024-06-20,167,85.99,14333.8,93939.06,False
ATM036,2024-06-21,210,90.6,18999.97,74939.09,False
ATM036,2024-06-22,224,88.42,19779.68,55159.41,False
ATM036,2024-06-23,156,90.38,14123.09,105876.91,True
ATM036,2024-06-24,146,93.23,13636.05,92240.86,False
ATM036,2024-06-25,125,89.5,11182.37,81058.49,False
ATM036,2024-06-26,117,90.29,10591.91,70466.58,False
ATM036,2024-06-27,151,94.24,14191.39,105808.61,True
ATM036,2024-06-28,189,87.06,16458.29,89350.31,False
ATM036,2024-06-29,241,85.63,20621.93,68728.38,False
ATM036,2024-06-30,164,91.68,15050.46,53677.92,False
ATM036,2024-07-01,128,90.36,11520.74,108479.26,True
ATM036,2024-07-02,119,93.71,11113.52,97365.73,False
ATM036,2024-07-03,142,88.27,12529.7,84836.03,False
ATM036,2024-07-04,137,91.05,12480.04,72355.99,False
ATM036,2024-07-05,233,87.92,20510.5,99489.5,True
ATM036,2024-07-06,225,87.97,19796.21,79693.29,False
ATM036,2024-07-07,195,84.85,16580.68,63112.61,False
ATM036,2024-07-08,155,88.98,13788.44,49324.17,False
ATM036,2024-07-09,135,89.08,12037.23,107962.77,True
ATM036,2024-07-10,143,88.03,12558.64,95404.13,False
ATM036,2024-07-11,158,92.97,14656.55,80747.58,False
ATM036,2024-07-12,190,91.8,17409.97,63337.62,False
ATM036,2024-07-13,221,90.14,19911.77,100088.23,True
ATM036,2024-07-14,188,88.18,16545.5,83542.73,False
ATM036,2024-07-15,147,91.23,13446.22,70096.51,False
ATM036,2024-07-16,131,90.99,11934.52,58161.99,False
ATM036,2024-07-17,145,86.87,12566.39,107433.61,True
ATM036,2024-07-18,150,87.18,13044.02,94389.59,False
ATM036,2024-07-19,195,93.63,18292.99,76096.6,False
ATM036,2024-07-20,247,86.13,21262.34,54834.26,False
ATM036,2024-07-21,161,90.63,14588.27,105411.73,True
ATM036,2024-07-22,150,88.24,13275.57,92136.16,False
ATM036,2024-07-23,123,89.85,11093.92,81042.24,False
ATM036,2024-07-24,142,90.63,12851.61,68190.63,False
ATM036,2024-07-25,135,94.74,12792.68,107207.32,True
ATM036,2024-07-26,205,90.52,18522.1,88685.23,False
ATM036,2024-07-27,210,92.99,19490.51,69194.72,False
ATM036,2024-07-28,170,90.85,15477.43,53717.28,False
ATM036,2024-07-29,125,92.95,11625.76,108374.24,True
ATM036,2024-07-30,138,92.74,12755.98,95618.25,False
ATM036,2024-07-31,138,89.8,12381.81,83236.44,False
ATM036,2024-08-01,140,96.15,13437.56,69798.88,False
ATM036,2024-08-02,207,86.8,17955.75,102044.25,True
ATM036,2024-08-03,225,88.56,19888.42,82155.84,False
ATM036,2024-08-04,188,86.34,16241.07,65914.77,False
ATM036,2024-08-05,134,90.51,12116.27,53798.5,False
ATM036,2024-08-06,144,91.93,13220.89,106779.11,True
ATM036,2024-08-07,152,90.93,13831.77,92947.35,False
ATM036,2024-08-08,145,92.31,13417.33,79530.02,False
ATM036,2024-08-09,198,85.38,16948.51,62581.51,False
ATM036,2024-08-10,241,90.57,21858.81,98141.19,True
ATM036,2024-08-11,181,87.7,15908.19,82233.0,False
ATM036,2024-08-12,150,91.81,13787.66,68445.34,False
ATM036,2024-08-13,133,90.56,12071.4,56373.94,False
ATM036,2024-08-14,144,87.69,12653.34,107346.66,True
ATM036,2024-08-15,146,90.89,13248.04,94098.62,False
ATM036,2024-08-16,210,86.03,18103.8,75994.81,False
ATM036,2024-08-17,226,92.26,20840.7,55154.12,False
ATM036,2024-08-18,175,91.44,16025.02,103974.98,True
ATM036,2024-08-19,144,92.67,13344.72,90630.26,False
ATM036,2024-08-20,144,84.28,12165.37,78464.89,False
ATM036,2024-08-21,153,87.59,13394.19,65070.7,False
ATM036,2024-08-22,144,87.02,12574.1,107425.9,True
ATM036,2024-08-23,243,91.19,22193.55,85232.35,False
ATM036,2024-08-24,215,88.15,18979.37,66252.98,False
ATM036,2024-08-25,163,91.46,14869.36,51383.62,False
ATM036,2024-08-26,147,87.49,12850.59,107149.41,True
ATM036,2024-08-27,140,88.35,12369.3,94780.11,False
ATM036,2024-08-28,147,90.15,13288.79,81491.32,False
ATM036,2024-08-29,140,91.86,12905.42,68585.91,False
ATM036,2024-08-30,216,88.72,19157.77,100842.23,True
ATM036,2024-08-31,234,91.7,21485.36,79356.86,False
ATM036,2024-09-01,176,91.92,16175.23,63181.63,False
ATM036,2024-09-02,145,85.44,12414.47,50767.15,False
ATM036,2024-09-03,135,90.92,12256.82,107743.18,True
ATM036,2024-09-04,151,81.87,12394.1,95349.08,False
ATM036,2024-09-05,163,87.54,14272.27,81076.81,False
ATM036,2024-09-06,207,94.59,19567.73,61509.08,False
ATM036,2024-09-07,220,91.18,20056.83,99943.17,True
ATM036,2024-09-08,163,91.42,14904.28,85038.89,False
ATM036,2024-09-09,143,88.6,12693.38,72345.52,False
ATM036,2024-09-10,120,94.29,11355.15,60990.37,False
ATM036,2024-09-11,138,92.24,12734.76,107265.24,True
ATM036,2024-09-12,151,92.63,13995.49,93269.75,False
ATM036,2024-09-13,194,90.22,17516.86,75752.9,False
ATM036,2024-09-14,226,93.49,21150.2,54602.69,False
ATM036,2024-09-15,197,91.1,17929.89,102070.11,True
ATM036,2024-09-16,139,86.77,12031.91,90038.2,False
ATM036,2024-09-17,129,87.91,11355.25,78682.95,False
ATM036,2024-09-18,114,88.18,10080.08,68602.87,False
ATM036,2024-09-19,159,90.2,14310.2,105689.8,True
ATM036,2024-09-20,214,85.62,18316.05,87373.75,False
ATM036,2024-09-21,240,91.38,21972.56,65401.2,False
ATM036,2024-09-22,177,84.05,14856.66,50544.53,False
ATM036,2024-09-23,134,91.17,12176.22,107823.78,True
ATM036,2024-09-24,133,90.52,12073.56,95750.22,False
ATM036,2024-09-25,143,90.42,12956.76,82793.46,False
ATM036,2024-09-26,162,87.72,14243.17,68550.28,False
ATM036,2024-09-27,188,91.29,17120.69,102879.31,True
ATM036,2024-09-28,234,91.4,21413.77,81465.55,False
ATM036,2024-09-29,168,89.13,15007.72,66457.82,False
ATM036,2024-09-30,141,91.02,12789.29,53668.53,False
ATM036,2024-10-01,129,97.04,12475.52,107524.48,True
ATM036,2024-10-02,117,98.71,11578.85,95945.63,False
ATM036,2024-10-03,137,91.04,12463.73,83481.9,False
ATM036,2024-10-04,189,90.83,17154.19,66327.71,False
ATM036,2024-10-05,243,90.09,21867.78,98132.22,True
ATM036,2024-10-06,179,88.86,15918.3,82213.92,False
ATM036,2024-10-07,119,91.69,10917.3,71296.62,False
ATM036,2024-10-08,137,88.71,12123.7,59172.92,False
ATM036,2024-10-09,132,91.1,11999.89,108000.11,True
ATM036,2024-10-10,141,91.01,12855.65,95144.47,False
ATM036,2024-10-11,212,95.56,20268.87,74875.6,False
ATM036,2024-10-12,249,90.44,22524.02,52351.58,False
ATM036,2024-10-13,170,88.92,15140.76,104859.24,True
ATM036,2024-10-14,132,92.35,12197.66,92661.58,False
ATM036,2024-10-15,130,90.99,11840.09,80821.48,False
ATM036,2024-10-16,123,93.7,11545.1,69276.39,False
ATM036,2024-10-17,143,92.94,13306.18,106693.82,True
ATM036,2024-10-18,202,87.96,17754.05,88939.77,False
ATM036,2024-10-19,254,88.31,22403.74,66536.03,False
ATM036,2024-10-20,153,87.19,13324.45,53211.58,False
ATM036,2024-10-21,145,92.05,13380.64,106619.36,True
ATM036,2024-10-22,130,88.29,11468.94,95150.42,False
ATM036,2024-10-23,138,93.55,12945.49,82204.93,False
ATM036,2024-10-24,148,91.5,13544.55,68660.38,False
ATM036,2024-10-25,207,95.81,19826.55,100173.45,True
ATM036,2024-10-26,213,88.19,18828.38,81345.07,False
ATM036,2024-10-27,156,92.23,14352.16,66992.91,False
ATM036,2024-10-28,136,90.84,12381.52,54611.39,False
ATM036,2024-10-29,136,90.0,12201.35,107798.65,True
ATM036,2024-10-30,134,92.78,12442.95,95355.7,False
ATM036,2024-10-31,142,89.6,12715.98,82639.72,False
ATM036,2024-11-01,223,90.61,20213.01,62426.71,False
ATM036,2024-11-02,256,92.89,23762.12,96237.88,True
ATM036,2024-11-03,198,88.8,17540.82,78697.06,False
ATM036,2024-11-04,154,94.65,14615.52,64081.54,False
ATM036,2024-11-05,145,88.31,12789.52,51292.02,False
ATM036,2024-11-06,165,88.28,14609.49,105390.51,True
ATM036,2024-11-07,185,89.85,16620.93,88769.58,False
ATM036,2024-11-08,248,90.32,22405.69,66363.89,False
ATM036,2024-11-09,276,86.51,23916.46,42447.44,False
ATM036,2024-11-10,208,85.24,17764.37,102235.63,True
ATM036,2024-11-11,155,91.32,14186.86,88048.77,False
ATM036,2024-11-12,161,96.34,15515.04,72533.73,False
ATM036,2024-11-13,161,87.66,14142.34,58391.38,False
ATM036,2024-11-14,175,95.05,16657.74,103342.26,True
ATM036,2024-11-15,281,87.21,24500.36,78841.9,False
ATM036,2024-11-16,258,92.3,23853.82,54988.08,False
ATM036,2024-11-17,204,91.6,18713.55,36274.53,False
ATM036,2024-11-18,157,91.57,14410.27,105589.73,True
ATM036,2024-11-19,174,87.48,15234.86,90354.86,False
ATM036,2024-11-20,173,92.68,15994.86,74360.0,False
ATM036,2024-11-21,165,92.5,15246.92,59113.08,False
ATM036,2024-11-22,252,92.3,23296.75,96703.25,True
ATM036,2024-11-23,299,89.97,26899.24,69804.01,False
ATM036,2024-11-24,217,82.88,17958.7,51845.31,False
ATM036,2024-11-25,173,92.75,16078.15,35767.16,False
ATM036,2024-11-26,179,87.47,15696.76,104303.24,True
ATM036,2024-11-27,168,92.75,15587.89,88715.35,False
ATM036,2024-11-28,165,92.85,15344.4,73370.95,False
ATM036,2024-11-29,266,85.42,22732.8,50638.15,False
ATM036,2024-11-30,285,87.93,25095.63,94904.37,True
ATM036,2024-12-01,171,90.99,15604.4,79299.97,False
ATM036,2024-12-02,158,93.79,14802.27,64497.7,False
ATM036,2024-12-03,157,92.1,14458.06,50039.64,False
ATM036,2024-12-04,163,92.76,15101.1,104898.9,True
ATM036,2024-12-05,167,90.54,15093.53,89805.37,False
ATM036,2024-12-06,237,91.76,21792.03,68013.33,False
ATM036,2024-12-07,278,88.34,24524.85,43488.49,False
ATM036,2024-12-08,181,94.45,17136.54,102863.46,True
ATM036,2024-12-09,144,91.92,13207.03,89656.43,False
ATM036,2024-12-10,170,91.56,15571.36,74085.08,False
ATM036,2024-12-11,181,92.53,16728.63,57356.45,False
ATM036,2024-12-12,186,88.74,16497.41,103502.59,True
ATM036,2024-12-13,246,91.84,22636.93,80865.66,False
ATM036,2024-12-14,274,87.99,24095.5,56770.16,False
ATM036,2024-12-15,178,90.5,16128.25,40641.91,False
ATM036,2024-12-16,151,88.73,13406.39,106593.61,True
ATM036,2024-12-17,131,92.25,12040.91,94552.7,False
ATM036,2024-12-18,175,90.21,15798.81,78753.89,False
ATM036,2024-12-19,195,93.64,18256.42,60497.47,False
ATM036,2024-12-20,254,89.69,22759.46,97240.54,True
ATM036,2024-12-21,257,91.52,23507.56,73732.98,False
ATM036,2024-12-22,190,91.48,17374.13,56358.85,False
ATM036,2024-12-23,174,89.38,15532.36,40826.49,False
ATM036,2024-12-24,172,89.38,15413.39,104586.61,True
ATM036,2024-12-25,167,87.36,14594.5,89992.11,False
ATM036,2024-12-26,164,95.83,15758.37,74233.74,False
ATM036,2024-12-27,227,91.18,20663.5,53570.24,False
ATM036,2024-12-28,278,84.02,23335.26,96664.74,True
ATM036,2024-12-29,206,88.5,18246.92,78417.82,False
ATM036,2024-12-30,164,92.67,15205.95,63211.87,False
ATM036,2024-12-31,160,90.89,14511.68,48700.2,False
ATM037,2024-01-01,115,65.8,7579.6,72420.4,False
ATM037,2024-01-02,108,72.38,7813.27,72186.73,True
ATM037,2024-01-03,112,74.56,8349.6,63837.13,False
ATM037,2024-01-04,123,71.08,8756.94,55080.19,False
ATM037,2024-01-05,180,68.14,12270.39,42809.8,False
ATM037,2024-01-06,160,69.0,11068.76,31741.04,False
ATM037,2024-01-07,144,68.61,9911.14,21829.9,False
ATM037,2024-01-08,111,71.2,7935.38,13894.52,False
ATM037,2024-01-09,111,67.32,7500.84,72499.16,True
ATM037,2024-01-10,112,69.11,7710.05,64789.11,False
ATM037,2024-01-11,129,72.39,9345.54,55443.57,False
ATM037,2024-01-12,150,73.71,11064.48,44379.09,False
ATM037,2024-01-13,192,66.49,12746.09,31633.0,False
ATM037,2024-01-14,123,73.43,9013.93,22619.07,False
ATM037,2024-01-15,104,69.86,7252.52,15366.55,False
ATM037,2024-01-16,99,67.48,6704.15,73295.85,True
ATM037,2024-01-17,105,67.42,7100.31,66195.54,False
ATM037,2024-01-18,108,73.65,7944.03,58251.51,False
ATM037,2024-01-19,158,71.65,11339.08,46912.43,False
ATM037,2024-01-20,198,67.67,13431.12,33481.31,False
ATM037,2024-01-21,119,71.61,8550.99,24930.32,False
ATM037,2024-01-22,103,71.47,7347.34,17582.98,False
ATM037,2024-01-23,124,66.94,8292.31,71707.69,True
ATM037,2024-01-24,106,69.58,7341.55,64366.14,False
ATM037,2024-01-25,116,68.72,7995.3,56370.84,False
ATM037,2024-01-26,157,69.97,10982.82,45388.02,False
ATM037,2024-01-27,175,72.0,12587.53,32800.5,False
ATM037,2024-01-28,125,72.35,9047.55,23752.94,False
ATM037,2024-01-29,109,67.48,7369.22,16383.72,False
ATM037,2024-01-30,102,70.97,7218.04,72781.96,True
ATM037,2024-01-31,109,73.07,7994.62,64787.34,False
ATM037,2024-02-01,99,71.58,7054.68,57732.66,False
ATM037,2024-02-02,153,68.36,10425.69,47306.97,False
ATM037,2024-02-03,135,75.82,10217.82,37089.15,False
ATM037,2024-02-04,113,71.07,8019.52,29069.63,False
ATM037,2024-02-05,101,67.2,6813.97,22255.66,False
ATM037,2024-02-06,87,67.87,5872.71,74127.29,True
ATM037,2024-02-07,93,69.23,6459.27,67668.01,False
ATM037,2024-02-08,100,69.35,6959.13,60708.88,False
ATM037,2024-02-09,118,71.86,8453.75,52255.13,False
ATM037,2024-02-10,134,68.47,9165.89,43089.24,False
ATM037,2024-02-11,101,68.15,6888.46,36200.77,False
ATM037,2024-02-12,89,72.59,6491.85,29708.93,False
ATM037,2024-02-13,80,68.83,5508.68,74491.32,True
ATM037,2024-02-14,81,68.73,5549.91,68941.41,False
ATM037,2024-02-15,147,71.61,10560.5,69439.5,True
ATM037,2024-02-16,174,71.16,12414.56,57024.94,False
ATM037,2024-02-17,218,67.45,14723.85,42301.1,False
ATM037,2024-02-18,162,71.32,11534.77,30766.33,False
ATM037,2024-02-19,143,67.7,9660.98,70339.02,True
ATM037,2024-02-20,135,68.48,9274.2,61064.82,False
ATM037,2024-02-21,138,72.26,9946.36,51118.46,False
ATM037,2024-02-22,161,69.96,11278.41,39840.05,False
ATM037,2024-02-23,230,67.86,15576.38,64423.62,True
ATM037,2024-02-24,263,67.84,17856.25,46567.37,False
ATM037,2024-02-25,137,72.87,9959.56,36607.81,False
ATM037,2024-02-26,132,70.25,9257.35,27350.46,False
ATM037,2024-02-27,116,74.96,8689.79,71310.21,True
ATM037,2024-02-28,148,73.25,10831.42,60478.79,False
ATM037,2024-02-29,147,72.06,10572.68,49906.11,False
ATM037,2024-03-01,198,72.36,14345.78,35560.33,False
ATM037,2024-03-02,209,73.33,15314.66,64685.34,True
ATM037,2024-03-03,160,69.27,11115.94,53569.4,False
ATM037,2024-03-04,134,70.4,9416.56,44152.83,False
ATM037,2024-03-05,128,71.02,9089.6,35063.23,False
ATM037,2024-03-06,129,71.66,9218.9,70781.1,True
ATM037,2024-03-07,167,70.16,11685.79,59095.31,False
ATM037,2024-03-08,232,72.37,16818.04,42277.27,False
ATM037,2024-03-09,262,69.87,18306.02,23971.26,False
ATM037,2024-03-10,149,68.52,10219.93,69780.07,True
ATM037,2024-03-11,137,68.0,9326.29,60453.78,False
ATM037,2024-03-12,111,72.15,8009.21,52444.58,False
ATM037,2024-03-13,116,71.95,8370.58,44074.0,False
ATM037,2024-03-14,179,68.37,12244.5,67755.5,True
ATM037,2024-03-15,214,69.16,14795.14,52960.36,False
ATM037,2024-03-16,163,67.49,10987.28,41973.08,False
ATM037,2024-03-17,103,72.35,7483.54,34489.54,False
ATM037,2024-03-18,96,66.58,6378.9,28110.64,False
ATM037,2024-03-19,100,67.28,6702.7,73297.3,True
ATM037,2024-03-20,89,71.22,6307.41,66989.89,False
ATM037,2024-03-21,93,75.33,6971.06,60018.83,False
ATM037,2024-03-22,143,69.58,9972.44,50046.38,False
ATM037,2024-03-23,154,70.44,10816.03,39230.35,False
ATM037,2024-03-24,107,70.51,7576.39,31653.96,False
ATM037,2024-03-25,88,70.45,6209.19,25444.77,False
ATM037,2024-03-26,90,66.02,5931.1,74068.9,True
ATM037,2024-03-27,99,68.81,6793.92,67274.98,False
ATM037,2024-03-28,102,68.4,6981.58,60293.4,False
ATM037,2024-03-29,133,67.82,9001.06,51292.34,False
ATM037,2024-03-30,153,72.5,11080.91,40211.43,False
ATM037,2024-03-31,110,68.87,7566.62,32644.81,False
ATM037,2024-04-01,95,71.67,6822.48,25822.33,False
ATM037,2024-04-02,104,67.65,7032.61,72967.39,True
ATM037,2024-04-03,109,69.3,7542.73,65424.67,False
ATM037,2024-04-04,111,67.1,7459.11,57965.56,False
ATM037,2024-04-05,170,68.62,11638.73,46326.83,False
ATM037,2024-04-06,183,70.31,12895.55,33431.28,False
ATM037,2024-04-07,143,68.25,9753.06,23678.22,False
ATM037,2024-04-08,109,71.34,7807.06,15871.16,False
ATM037,2024-04-09,98,72.37,7057.43,72942.57,True
ATM037,2024-04-10,98,68.25,6698.58,66243.99,False
ATM037,2024-04-11,108,68.45,7362.81,58881.18,False
ATM037,2024-04-12,157,71.75,11245.4,47635.78,False
ATM037,2024-04-13,179,68.75,12308.55,35327.23,False
ATM037,2024-04-14,121,67.45,8132.0,27195.22,False
ATM037,2024-04-15,109,71.85,7849.52,19345.7,False
ATM037,2024-04-16,99,72.54,7160.44,72839.56,True
ATM037,2024-04-17,102,69.18,7043.05,65796.51,False
ATM037,2024-04-18,111,73.21,8119.5,57677.01,False
ATM037,2024-04-19,173,66.22,11474.61,46202.4,False
ATM037,2024-04-20,180,73.88,13300.22,32902.19,False
ATM037,2024-04-21,131,68.12,8906.41,23995.78,False
ATM037,2024-04-22,110,74.12,8159.94,15835.85,False
ATM037,2024-04-23,118,66.59,7825.03,72174.97,True
ATM037,2024-04-24,112,70.85,7935.63,64239.34,False
ATM037,2024-04-25,107,72.71,7759.17,56480.17,False
ATM037,2024-04-26,161,72.76,11721.97,44758.2,False
ATM037,2024-04-27,163,70.84,11552.03,33206.17,False
ATM037,2024-04-28,121,70.52,8513.01,24693.15,False
ATM037,2024-04-29,127,67.0,8517.68,16175.47,False
ATM037,2024-04-30,93,72.01,6699.86,73300.14,True
ATM037,2024-05-01,86,72.46,6266.55,67033.6,False
ATM037,2024-05-02,93,70.11,6533.01,60500.59,False
ATM037,2024-05-03,141,70.44,9940.6,50559.98,False
ATM037,2024-05-04,120,75.93,9148.87,41411.11,False
ATM037,2024-05-05,114,67.19,7665.99,33745.12,False
ATM037,2024-05-06,92,70.9,6543.1,27202.02,False
ATM037,2024-05-07,92,71.95,6587.47,73412.53,True
ATM037,2024-05-08,93,66.38,6179.55,67232.98,False
ATM037,2024-05-09,107,66.55,7139.72,60093.27,False
ATM037,2024-05-10,151,68.46,10314.24,49779.02,False
ATM037,2024-05-11,158,68.62,10840.51,38938.51,False
ATM037,2024-05-12,107,68.32,7297.19,31641.33,False
ATM037,2024-05-13,98,68.7,6729.78,24911.55,False
ATM037,2024-05-14,94,68.75,6484.35,73515.65,True
ATM037,2024-05-15,88,70.07,6171.95,67343.7,False
ATM037,2024-05-16,103,68.06,6987.66,60356.04,False
ATM037,2024-05-17,143,69.43,9951.52,50404.52,False
ATM037,2024-05-18,154,69.97,10771.63,39632.89,False
ATM037,2024-05-19,114,69.14,7869.41,31763.48,False
ATM037,2024-05-20,85,70.9,6056.58,25706.9,False
ATM037,2024-05-21,81,73.06,5935.99,74064.01,True
ATM037,2024-05-22,94,67.12,6302.52,67761.49,False
ATM037,2024-05-23,98,67.9,6635.24,61126.25,False
ATM037,2024-05-24,143,71.62,10212.0,50914.25,False
ATM037,2024-05-25,146,70.61,10325.02,40589.23,False
ATM037,2024-05-26,105,71.81,7506.68,33082.55,False
ATM037,2024-05-27,93,71.47,6637.96,26444.59,False
ATM037,2024-05-28,88,68.67,6062.76,73937.24,True
ATM037,2024-05-29,90,73.26,6571.67,67365.56,False
ATM037,2024-05-30,102,73.32,7469.28,59896.29,False
ATM037,2024-05-31,141,67.96,9581.18,50315.1,False
ATM037,2024-06-01,134,72.9,9748.95,40566.15,False
ATM037,2024-06-02,91,73.16,6629.94,33936.22,False
ATM037,2024-06-03,82,74.04,6057.41,27878.81,False
ATM037,2024-06-04,85,71.52,6114.44,73885.56,True
ATM037,2024-06-05,107,69.31,7412.5,66473.07,False
ATM037,2024-06-06,98,68.54,6746.96,59726.1,False
ATM037,2024-06-07,127,69.31,8831.58,50894.52,False
ATM037,2024-06-08,148,67.37,9974.22,40920.3,False
ATM037,2024-06-09,105,70.94,7442.43,33477.87,False
ATM037,2024-06-10,86,69.66,6011.67,27466.2,False
ATM037,2024-06-11,101,67.02,6780.49,73219.51,True
ATM037,2024-06-12,105,68.58,7180.94,66038.56,False
ATM037,2024-06-13,96,72.69,7010.72,59027.84,False
ATM037,2024-06-14,149,70.99,10584.2,48443.63,False
ATM037,2024-06-15,144,68.36,9877.18,38566.45,False
ATM037,2024-06-16,98,73.97,7254.98,31311.47,False
ATM037,2024-06-17,88,70.68,6231.37,25080.09,False
ATM037,2024-06-18,85,67.57,5711.79,74288.21,True
ATM037,2024-06-19,91,69.32,6284.34,68003.87,False
ATM037,2024-06-20,102,66.89,6792.09,61211.78,False
ATM037,2024-06-21,129,73.25,9424.52,51787.26,False
ATM037,2024-06-22,136,71.88,9768.18,42019.08,False
ATM037,2024-06-23,87,68.32,5926.45,36092.63,False
ATM037,2024-06-24,77,72.6,5599.57,30493.06,False
ATM037,2024-06-25,96,67.83,6534.59,73465.41,True
ATM037,2024-06-26,88,72.52,6401.06,67064.35,False
ATM037,2024-06-27,110,69.15,7601.77,59462.58,False
ATM037,2024-06-28,119,68.11,8116.01,51346.57,False
ATM037,2024-06-29,147,74.41,10940.52,40406.06,False
ATM037,2024-06-30,109,68.73,7524.23,32881.83,False
ATM037,2024-07-01,107,70.85,7571.35,25310.47,False
ATM037,2024-07-02,81,69.75,5638.69,74361.31,True
ATM037,2024-07-03,96,69.85,6727.54,67633.78,False
ATM037,2024-07-04,110,66.63,7308.1,60325.68,False
ATM037,2024-07-05,125,68.46,8568.28,51757.4,False
ATM037,2024-07-06,144,70.7,10166.41,41590.99,False
ATM037,2024-07-07,105,75.18,7897.17,33693.82,False
ATM037,2024-07-08,88,69.34,6078.26,27615.57,False
ATM037,2024-07-09,81,72.27,5846.53,74153.47,True
ATM037,2024-07-10,98,69.06,6790.95,67362.52,False
ATM037,2024-07-11,117,68.51,7988.32,59374.2,False
ATM037,2024-07-12,139,73.05,10181.3,49192.9,False
ATM037,2024-07-13,132,71.21,9426.57,39766.33,False
ATM037,2024-07-14,87,71.73,6241.23,33525.1,False
ATM037,2024-07-15,83,71.19,5925.73,27599.36,False
ATM037,2024-07-16,90,72.35,6478.21,73521.79,True
ATM037,2024-07-17,95,70.12,6676.07,66845.72,False
ATM037,2024-07-18,96,69.84,6731.14,60114.59,False
ATM037,2024-07-19,126,69.56,8761.25,51353.33,False
ATM037,2024-07-20,149,68.34,10160.36,41192.97,False
ATM037,2024-07-21,99,67.32,6686.21,34506.76,False
ATM037,2024-07-22,74,69.35,5134.12,29372.64,False
ATM037,2024-07-23,98,64.37,6301.76,73698.24,True
ATM037,2024-07-24,91,69.74,6377.55,67320.69,False
ATM037,2024-07-25,92,69.09,6366.21,60954.47,False
ATM037,2024-07-26,150,67.95,10196.2,50758.27,False
ATM037,2024-07-27,147,70.73,10426.62,40331.65,False
ATM037,2024-07-28,99,72.12,7130.47,33201.18,False
ATM037,2024-07-29,95,69.47,6584.28,26616.9,False
ATM037,2024-07-30,101,72.13,7250.15,72749.85,True
ATM037,2024-07-31,81,69.18,5574.39,67175.47,False
ATM037,2024-08-01,121,67.94,8215.67,58959.8,False
ATM037,2024-08-02,131,72.59,9517.21,49442.59,False
ATM037,2024-08-03,151,71.67,10853.69,38588.89,False
ATM037,2024-08-04,114,70.05,7953.11,30635.79,False
ATM037,2024-08-05,85,70.91,6055.43,24580.36,False
ATM037,2024-08-06,87,68.99,5973.9,74026.1,True
ATM037,2024-08-07,101,69.2,6958.66,67067.44,False
ATM037,2024-08-08,110,70.54,7789.74,59277.7,False
ATM037,2024-08-09,142,66.18,9368.18,49909.53,False
ATM037,2024-08-10,172,69.99,12027.95,37881.58,False
ATM037,2024-08-11,89,72.07,6442.89,31438.69,False
ATM037,2024-08-12,94,68.04,6378.31,25060.38,False
ATM037,2024-08-13,101,64.65,6558.6,73441.4,True
ATM037,2024-08-14,86,69.37,5966.9,67474.5,False
ATM037,2024-08-15,98,74.7,7337.74,60136.76,False
ATM037,2024-08-16,131,70.97,9312.2,50824.56,False
ATM037,2024-08-17,180,70.01,12568.96,38255.6,False
ATM037,2024-08-18,116,67.4,7804.54,30451.07,False
ATM037,2024-08-19,107,68.5,7341.61,23109.46,False
ATM037,2024-08-20,89,70.5,6261.34,73738.66,True
ATM037,2024-08-21,91,69.09,6310.33,67428.33,False
ATM037,2024-08-22,95,73.69,7030.59,60397.74,False
ATM037,2024-08-23,160,69.63,11113.1,49284.64,False
ATM037,2024-08-24,147,68.3,10048.07,39236.57,False
ATM037,2024-08-25,130,70.27,9115.36,30121.22,False
ATM037,2024-08-26,97,71.46,6920.37,23200.84,False
ATM037,2024-08-27,103,69.48,7171.99,72828.01,True
ATM037,2024-08-28,79,73.9,5805.0,67023.01,False
ATM037,2024-08-29,104,70.96,7364.04,59658.97,False
ATM037,2024-08-30,148,71.08,10547.85,49111.12,False
ATM037,2024-08-31,164,70.52,11573.71,37537.41,False
ATM037,2024-09-01,113,71.11,8045.14,29492.28,False
ATM037,2024-09-02,90,69.57,6256.66,23235.61,False
ATM037,2024-09-03,85,70.56,5978.05,74021.95,True
ATM037,2024-09-04,86,70.92,6075.76,67946.19,False
ATM037,2024-09-05,101,70.43,7110.06,60836.12,False
ATM037,2024-09-06,140,68.81,9621.84,51214.29,False
ATM037,2024-09-07,153,66.49,10166.57,41047.72,False
ATM037,2024-09-08,110,67.93,7489.79,33557.94,False
ATM037,2024-09-09,94,68.5,6445.66,27112.28,False
ATM037,2024-09-10,71,74.73,5323.06,74676.94,True
ATM037,2024-09-11,85,73.04,6171.94,68505.0,False
ATM037,2024-09-12,91,73.57,6662.46,61842.54,False
ATM037,2024-09-13,124,70.37,8739.39,53103.16,False
ATM037,2024-09-14,127,75.46,9605.95,43497.21,False
ATM037,2024-09-15,103,71.74,7422.25,36074.95,False
ATM037,2024-09-16,94,69.95,6605.86,29469.09,False
ATM037,2024-09-17,87,72.85,6371.5,73628.5,True
ATM037,2024-09-18,93,70.34,6573.12,67055.38,False
ATM037,2024-09-19,97,74.02,7168.74,59886.64,False
ATM037,2024-09-20,139,66.11,9200.72,50685.91,False
ATM037,2024-09-21,142,67.85,9603.12,41082.8,False
ATM037,2024-09-22,104,68.22,7101.04,33981.75,False
ATM037,2024-09-23,91,70.52,6390.19,27591.56,False
ATM037,2024-09-24,91,68.47,6247.38,73752.62,True
ATM037,2024-09-25,95,71.12,6724.7,67027.92,False
ATM037,2024-09-26,108,71.78,7721.97,59305.96,False
ATM037,2024-09-27,127,72.74,9244.16,50061.8,False
ATM037,2024-09-28,147,71.68,10569.73,39492.07,False
ATM037,2024-09-29,114,69.74,7943.56,31548.52,False
ATM037,2024-09-30,92,69.72,6447.2,25101.32,False
ATM037,2024-10-01,88,65.5,5788.59,74211.41,True
ATM037,2024-10-02,85,70.42,5975.38,68236.03,False
ATM037,2024-10-03,104,71.67,7458.61,60777.42,False
ATM037,2024-10-04,135,68.57,9289.51,51487.91,False
ATM037,2024-10-05,151,67.95,10239.49,41248.43,False
ATM037,2024-10-06,98,66.76,6513.4,34735.02,False
ATM037,2024-10-07,95,73.9,7047.33,27687.69,False
ATM037,2024-10-08,93,69.88,6477.73,73522.27,True
ATM037,2024-10-09,82,69.66,5689.97,67832.29,False
ATM037,2024-10-10,101,71.74,7215.32,60616.98,False
ATM037,2024-10-11,137,72.54,9941.08,50675.9,False
ATM037,2024-10-12,172,69.15,11879.92,38795.98,False
ATM037,2024-10-13,140,65.76,9191.72,29604.26,False
ATM037,2024-10-14,86,70.42,6061.36,23542.89,False
ATM037,2024-10-15,92,69.62,6385.48,73614.52,True
ATM037,2024-10-16,81,74.63,6058.79,67555.73,False
ATM037,2024-10-17,98,67.86,6654.75,60900.98,False
ATM037,2024-10-18,149,71.78,10663.39,50237.58,False
ATM037,2024-10-19,159,70.41,11195.07,39042.52,False
ATM037,2024-10-20,98,70.18,6859.35,32183.17,False
ATM037,2024-10-21,82,70.51,5757.24,26425.93,False
ATM037,2024-10-22,89,72.26,6432.3,73567.7,True
ATM037,2024-10-23,87,71.57,6232.31,67335.39,False
ATM037,2024-10-24,90,72.03,6489.0,60846.39,False
ATM037,2024-10-25,145,68.32,9931.18,50915.21,False
ATM037,2024-10-26,149,72.29,10761.43,40153.78,False
ATM037,2024-10-27,111,68.27,7594.59,32559.19,False
ATM037,2024-10-28,91,71.16,6480.9,26078.28,False
ATM037,2024-10-29,85,67.88,5797.89,74202.11,True
ATM037,2024-10-30,91,71.73,6506.02,67696.1,False
ATM037,2024-10-31,113,71.4,8035.43,59660.66,False
ATM037,2024-11-01,138,74.28,10271.13,49389.53,False
ATM037,2024-11-02,200,65.79,13173.49,36216.04,False
ATM037,2024-11-03,120,68.97,8292.28,27923.76,False
ATM037,2024-11-04,123,65.0,8009.26,19914.5,False
ATM037,2024-11-05,100,71.64,7190.58,72809.42,True
ATM037,2024-11-06,85,71.57,6069.89,66739.53,False
ATM037,2024-11-07,127,68.22,8667.48,58072.05,False
ATM037,2024-11-08,151,68.19,10311.33,47760.72,False
ATM037,2024-11-09,146,69.32,10148.34,37612.38,False
ATM037,2024-11-10,134,67.44,9050.48,28561.9,False
ATM037,2024-11-11,115,70.22,8084.71,20477.19,False
ATM037,2024-11-12,107,69.16,7383.96,72616.04,True
ATM037,2024-11-13,107,72.71,7797.02,64819.02,False
ATM037,2024-11-14,111,71.6,7927.72,56891.29,False
ATM037,2024-11-15,166,70.88,11799.0,45092.29,False
ATM037,2024-11-16,201,68.47,13759.8,31332.49,False
ATM037,2024-11-17,127,68.37,8653.27,22679.22,False
ATM037,2024-11-18,114,69.43,7946.11,14733.11,False
ATM037,2024-11-19,94,73.49,6906.11,73093.89,True
ATM037,2024-11-20,121,69.31,8401.36,64692.53,False
ATM037,2024-11-21,100,73.91,7412.54,57279.98,False
ATM037,2024-11-22,163,70.88,11552.76,45727.22,False
ATM037,2024-11-23,180,68.32,12325.96,33401.27,False
ATM037,2024-11-24,121,71.42,8658.28,24742.99,False
ATM037,2024-11-25,103,70.91,7319.94,17423.05,False
ATM037,2024-11-26,107,67.78,7257.57,72742.43,True
ATM037,2024-11-27,116,71.25,8291.31,64451.13,False
ATM037,2024-11-28,117,71.17,8348.13,56103.0,False
ATM037,2024-11-29,143,68.96,9859.85,46243.15,False
ATM037,2024-11-30,156,70.26,10995.06,35248.08,False
ATM037,2024-12-01,130,70.3,9118.08,26130.0,False
ATM037,2024-12-02,123,66.86,8202.45,17927.56,False
ATM037,2024-12-03,97,70.87,6856.26,73143.74,True
ATM037,2024-12-04,112,67.24,7539.86,65603.88,False
ATM037,2024-12-05,121,73.24,8869.77,56734.11,False
ATM037,2024-12-06,172,66.83,11516.31,45217.8,False
ATM037,2024-12-07,175,70.71,12373.26,32844.53,False
ATM037,2024-12-08,120,72.83,8744.43,24100.1,False
ATM037,2024-12-09,101,74.42,7491.85,16608.26,False
ATM037,2024-12-10,109,70.58,7659.35,72340.65,True
ATM037,2024-12-11,108,73.21,7894.44,64446.21,False
ATM037,2024-12-12,124,69.84,8686.98,55759.23,False
ATM037,2024-12-13,158,67.64,10673.66,45085.57,False
ATM037,2024-12-14,147,70.37,10314.05,34771.52,False
ATM037,2024-12-15,125,69.3,8673.82,26097.7,False
ATM037,2024-12-16,116,69.76,8116.92,17980.78,False
ATM037,2024-12-17,120,68.8,8279.37,71720.63,True
ATM037,2024-12-18,103,67.36,6915.48,64805.16,False
ATM037,2024-12-19,118,72.42,8580.44,56224.72,False
ATM037,2024-12-20,158,67.77,10722.73,45501.99,False
ATM037,2024-12-21,203,66.95,13619.15,31882.85,False
ATM037,2024-12-22,139,68.8,9565.48,22317.36,False
ATM037,2024-12-23,107,72.26,7765.79,14551.58,False
ATM037,2024-12-24,108,69.38,7496.58,72503.42,True
ATM037,2024-12-25,116,70.61,8161.72,64341.7,False
ATM037,2024-12-26,159,66.42,10555.72,53785.98,False
ATM037,2024-12-27,137,72.09,9910.34,43875.64,False
ATM037,2024-12-28,170,71.66,12208.53,31667.11,False
ATM037,2024-12-29,118,70.11,8252.85,23414.26,False
ATM037,2024-12-30,113,68.86,7798.59,15615.67,False
ATM037,2024-12-31,110,67.14,7369.41,72630.59,True
ATM038,2024-01-01,191,193.02,36816.26,198183.74,False
ATM038,2024-01-02,177,177.8,31412.94,166770.8,False
ATM038,2024-01-03,219,177.7,38923.44,196076.56,True
ATM038,2024-01-04,234,185.31,43350.4,152726.16,False
ATM038,2024-01-05,294,193.14,56707.21,96018.96,False
ATM038,2024-01-06,367,186.55,68540.81,27478.15,False
ATM038,2024-01-07,145,188.95,27478.15,0.0,False
ATM038,2024-01-08,181,183.77,33226.31,201773.69,True
ATM038,2024-01-09,175,195.53,34273.2,167500.49,False
ATM038,2024-01-10,199,177.1,35183.43,132317.07,False
ATM038,2024-01-11,240,189.03,45301.9,87015.17,False
ATM038,2024-01-12,319,193.26,61593.55,25421.62,False
ATM038,2024-01-13,402,180.05,72463.55,162536.45,True
ATM038,2024-01-14,238,189.68,45203.5,117332.95,False
ATM038,2024-01-15,191,184.05,35160.71,82172.24,False
ATM038,2024-01-16,168,188.24,31668.85,50503.39,False
ATM038,2024-01-17,200,184.14,36835.1,13668.29,False
ATM038,2024-01-18,193,191.71,37087.87,197912.13,True
ATM038,2024-01-19,311,191.2,59444.8,138467.33,False
ATM038,2024-01-20,299,185.32,55437.05,83030.28,False
ATM038,2024-01-21,256,185.2,47387.61,35642.67,False
ATM038,2024-01-22,191,187.05,35642.67,0.0,False
ATM038,2024-01-23,185,185.07,34299.09,200700.91,True
ATM038,2024-01-24,178,179.97,32108.43,168592.48,False
ATM038,2024-01-25,243,182.19,44210.57,124381.91,False
ATM038,2024-01-26,334,189.59,63242.6,61139.3,False
ATM038,2024-01-27,327,186.85,61139.3,0.0,False
ATM038,2024-01-28,262,184.16,48328.59,186671.41,True
ATM038,2024-01-29,216,173.2,37454.58,149216.83,False
ATM038,2024-01-30,205,182.22,37371.74,111845.09,False
ATM038,2024-01-31,193,184.57,35597.03,76248.06,False
ATM038,2024-02-01,201,177.71,35753.83,40494.24,False
ATM038,2024-02-02,275,188.3,51766.4,183233.6,True
ATM038,2024-02-03,275,177.78,48828.74,134404.86,False
ATM038,2024-02-04,246,188.94,46536.0,87868.86,False
ATM038,2024-02-05,177,181.21,32078.49,55790.37,False
ATM038,2024-02-06,177,178.32,31592.35,24198.02,False
ATM038,2024-02-07,175,177.75,31114.08,203885.92,True
ATM038,2024-02-08,198,179.28,35449.37,168436.55,False
ATM038,2024-02-09,288,187.4,54002.34,114434.22,False
ATM038,2024-02-10,283,191.05,54135.52,60298.7,False
ATM038,2024-02-11,221,184.8,40877.24,19421.46,False
ATM038,2024-02-12,159,189.12,30091.31,204908.69,True
ATM038,2024-02-13,164,192.23,31433.15,173475.54,False
ATM038,2024-02-14,187,168.57,31597.65,141877.89,False
ATM038,2024-02-15,245,193.69,47451.42,94426.48,False
ATM038,2024-02-16,392,174.36,68291.99,26134.49,False
ATM038,2024-02-17,422,187.91,79305.34,155694.66,True
ATM038,2024-02-18,309,183.63,56658.0,99036.66,False
ATM038,2024-02-19,215,187.9,40382.02,58654.64,False
ATM038,2024-02-20,230,178.53,41149.25,193850.75,True
ATM038,2024-02-21,237,180.93,42820.94,151029.81,False
ATM038,2024-02-22,285,189.96,54170.77,96859.04,False
ATM038,2024-02-23,374,185.45,69267.97,165732.03,True
ATM038,2024-02-24,448,184.04,82501.51,83230.52,False
ATM038,2024-02-25,325,193.2,62867.2,20363.32,False
ATM038,2024-02-26,213,194.14,41402.18,193597.82,True
ATM038,2024-02-27,242,186.38,45064.82,148533.0,False
ATM038,2024-02-28,223,186.31,41538.54,106994.46,False
ATM038,2024-02-29,266,180.6,48074.51,186925.49,True
ATM038,2024-03-01,404,179.32,72515.58,114409.91,False
ATM038,2024-03-02,410,183.19,75049.92,39359.99,False
ATM038,2024-03-03,287,188.65,54183.09,180816.91,True
ATM038,2024-03-04,219,192.21,42170.11,138646.79,False
ATM038,2024-03-05,220,182.74,40290.59,98356.21,False
ATM038,2024-03-06,217,185.22,40220.24,194779.76,True
ATM038,2024-03-07,259,189.12,49057.58,145722.18,False
ATM038,2024-03-08,357,196.62,70191.94,75530.24,False
ATM038,2024-03-09,442,179.52,79343.58,155656.42,True
ATM038,2024-03-10,294,187.97,55308.89,100347.53,False
ATM038,2024-03-11,212,188.3,39901.44,60446.09,False
ATM038,2024-03-12,230,190.1,43638.44,191361.56,True
ATM038,2024-03-13,212,190.11,40320.19,151041.37,False
ATM038,2024-03-14,275,181.63,50021.28,101020.1,False
ATM038,2024-03-15,368,187.62,69088.21,165911.79,True
ATM038,2024-03-16,288,186.68,53749.33,112162.47,False
ATM038,2024-03-17,254,190.35,48361.68,63800.79,False
ATM038,2024-03-18,170,186.3,31595.44,203404.56,True
ATM038,2024-03-19,159,182.17,28938.06,174466.5,False
ATM038,2024-03-20,151,186.39,28209.82,146256.68,False
ATM038,2024-03-21,204,184.61,37608.14,108648.54,False
ATM038,2024-03-22,260,185.37,48168.62,60479.92,False
ATM038,2024-03-23,326,189.98,61889.73,173110.27,True
ATM038,2024-03-24,222,196.36,43617.23,129493.04,False
ATM038,2024-03-25,208,182.34,37946.76,91546.28,False
ATM038,2024-03-26,156,188.85,29536.01,62010.27,False
ATM038,2024-03-27,155,189.71,29469.78,32540.49,False
ATM038,2024-03-28,193,187.06,36109.22,198890.78,True
ATM038,2024-03-29,272,180.63,49197.36,149693.42,False
ATM038,2024-03-30,254,193.24,49030.77,100662.64,False
ATM038,2024-03-31,247,188.74,46684.71,53977.93,False
ATM038,2024-04-01,213,172.21,36696.63,17281.3,False
ATM038,2024-04-02,177,183.58,32501.08,202498.92,True
ATM038,2024-04-03,189,175.6,33201.93,169297.0,False
ATM038,2024-04-04,206,185.27,38170.33,131126.67,False
ATM038,2024-04-05,308,190.04,58592.5,72534.17,False
ATM038,2024-04-06,384,188.81,72534.17,0.0,False
ATM038,2024-04-07,252,194.99,49217.8,185782.2,True
ATM038,2024-04-08,185,173.46,32058.63,153723.57,False
ATM038,2024-04-09,170,189.51,32193.99,121529.58,False
ATM038,2024-04-10,203,178.74,36237.75,85291.83,False
ATM038,2024-04-11,218,178.11,38844.92,46446.91,False
ATM038,2024-04-12,276,193.61,53530.05,181469.95,True
ATM038,2024-04-13,326,194.82,63587.6,117882.34,False
ATM038,2024-04-14,249,187.73,46816.83,71065.51,False
ATM038,2024-04-15,192,189.88,36386.5,34679.01,False
ATM038,2024-04-16,182,190.47,34679.01,0.0,False
ATM038,2024-04-17,208,178.94,37229.29,197770.71,True
ATM038,2024-04-18,233,184.43,43024.25,154746.46,False
ATM038,2024-04-19,293,188.85,55300.31,99446.15,False
ATM038,2024-04-20,376,182.32,68509.2,30936.95,False
ATM038,2024-04-21,174,177.3,30936.95,0.0,False
ATM038,2024-04-22,172,183.66,31562.55,203437.45,True
ATM038,2024-04-23,199,181.82,36208.51,167228.94,False
ATM038,2024-04-24,215,183.86,39576.98,127651.96,False
ATM038,2024-04-25,220,183.4,40302.09,87349.88,False
ATM038,2024-04-26,348,179.68,62543.37,24806.5,False
ATM038,2024-04-27,350,181.96,63652.07,171347.93,True
ATM038,2024-04-28,259,185.2,47905.68,123442.26,False
ATM038,2024-04-29,186,190.84,35529.72,87912.54,False
ATM038,2024-04-30,182,188.08,34229.78,53682.75,False
ATM038,2024-05-01,165,192.79,31796.83,21885.92,False
ATM038,2024-05-02,191,183.34,35102.72,199897.28,True
ATM038,2024-05-03,294,183.25,53961.63,145935.65,False
ATM038,2024-05-04,295,197.98,58341.76,87593.89,False
ATM038,2024-05-05,211,193.5,40812.52,46781.37,False
ATM038,2024-05-06,158,192.42,30350.69,16430.67,False
ATM038,2024-05-07,167,188.33,31527.03,203472.97,True
ATM038,2024-05-08,169,183.61,31084.41,172388.56,False
ATM038,2024-05-09,184,185.03,34086.63,138301.93,False
ATM038,2024-05-10,272,186.06,50564.35,87737.59,False
ATM038,2024-05-11,276,185.13,51043.84,36693.74,False
ATM038,2024-05-12,251,190.24,47746.28,187253.72,True
ATM038,2024-05-13,158,199.22,31465.26,155788.46,False
ATM038,2024-05-14,156,184.52,28858.58,126929.88,False
ATM038,2024-05-15,155,182.76,28381.51,98548.37,False
ATM038,2024-05-16,222,182.97,40633.49,57914.88,False
ATM038,2024-05-17,242,189.84,46024.43,188975.57,True
ATM038,2024-05-18,305,189.61,57897.57,131078.0,False
ATM038,2024-05-19,239,179.41,42807.87,88270.13,False
ATM038,2024-05-20,165,188.08,31013.43,57256.7,False
ATM038,2024-05-21,160,187.15,29897.03,27359.67,False
ATM038,2024-05-22,161,187.36,30256.06,204743.94,True
ATM038,2024-05-23,198,181.08,35846.1,168897.84,False
ATM038,2024-05-24,283,182.85,51723.75,117174.09,False
ATM038,2024-05-25,310,189.85,58828.84,58345.25,False
ATM038,2024-05-26,257,175.93,45269.03,13076.22,False
ATM038,2024-05-27,162,181.47,29363.13,205636.87,True
ATM038,2024-05-28,156,181.99,28419.63,177217.24,False
ATM038,2024-05-29,177,188.88,33516.61,143700.62,False
ATM038,2024-05-30,185,188.28,34805.52,108895.1,False
ATM038,2024-05-31,284,184.82,52412.21,56482.9,False
ATM038,2024-06-01,337,181.33,61056.92,173943.08,True
ATM038,2024-06-02,245,179.17,43869.03,130074.05,False
ATM038,2024-06-03,165,177.45,29284.8,100789.25,False
ATM038,2024-06-04,151,185.46,28045.05,72744.2,False
ATM038,2024-06-05,168,183.5,30756.46,41987.74,False
ATM038,2024-06-06,180,194.84,35110.64,199889.36,True
ATM038,2024-06-07,266,178.1,47300.36,152589.0,False
ATM038,2024-06-08,288,184.6,53103.94,99485.06,False
ATM038,2024-06-09,240,188.43,45310.99,54174.07,False
ATM038,2024-06-10,182,184.4,33562.14,20611.94,False
ATM038,2024-06-11,151,194.07,29226.61,205773.39,True
ATM038,2024-06-12,139,185.35,25851.77,179921.62,False
ATM038,2024-06-13,189,195.4,36949.28,142972.34,False
ATM038,2024-06-14,250,182.67,45598.78,97373.56,False
ATM038,2024-06-15,293,175.02,51233.73,46139.83,False
ATM038,2024-06-16,227,189.62,43086.03,191913.97,True
ATM038,2024-06-17,188,182.05,34181.74,157732.23,False
ATM038,2024-06-18,171,183.9,31483.98,126248.25,False
ATM038,2024-06-19,171,191.41,32662.71,93585.54,False
ATM038,2024-06-20,185,190.98,35369.49,58216.05,False
ATM038,2024-06-21,249,188.64,47049.9,187950.1,True
ATM038,2024-06-22,319,190.16,60569.28,127380.82,False
ATM038,2024-06-23,219,183.86,40228.03,87152.79,False
ATM038,2024-06-24,171,187.46,32086.2,55066.59,False
ATM038,2024-06-25,157,192.93,30293.51,24773.08,False
ATM038,2024-06-26,156,183.67,28690.86,206309.14,True
ATM038,2024-06-27,169,188.45,31858.42,174450.72,False
ATM038,2024-06-28,262,203.58,53247.13,121203.59,False
ATM038,2024-06-29,324,186.84,60538.28,60665.31,False
ATM038,2024-06-30,243,183.24,44494.17,16171.14,False
ATM038,2024-07-01,170,186.53,31702.89,203297.11,True
ATM038,2024-07-02,141,186.09,26187.68,177109.43,False
ATM038,2024-07-03,162,194.73,31637.54,145471.89,False
ATM038,2024-07-04,197,180.75,35524.71,109947.17,False
ATM038,2024-07-05,281,185.41,52191.4,57755.77,False
ATM038,2024-07-06,314,177.9,55828.73,179171.27,True
ATM038,2024-07-07,238,181.79,43232.57,135938.69,False
ATM038,2024-07-08,164,189.06,30942.17,104996.52,False
ATM038,2024-07-09,156,183.77,28662.97,76333.55,False
ATM038,2024-07-10,178,183.5,32627.59,43705.96,False
ATM038,2024-07-11,231,186.38,43038.22,191961.78,True
ATM038,2024-07-12,260,180.34,46954.91,145006.87,False
ATM038,2024-07-13,292,180.42,52753.77,92253.09,False
ATM038,2024-07-14,254,178.86,45381.48,46871.62,False
ATM038,2024-07-15,160,191.34,30694.68,16176.94,False
ATM038,2024-07-16,154,188.73,28975.13,206024.87,True
ATM038,2024-07-17,153,182.94,27923.42,178101.44,False
ATM038,2024-07-18,181,186.66,33697.69,144403.75,False
ATM038,2024-07-19,242,196.49,47640.64,96763.11,False
ATM038,2024-07-20,263,191.3,50233.08,46530.03,False
ATM038,2024-07-21,249,186.72,46478.74,188521.26,True
ATM038,2024-07-22,161,195.3,31534.56,156986.7,False
ATM038,2024-07-23,194,183.85,35722.81,121263.89,False
ATM038,2024-07-24,175,181.93,31763.5,89500.39,False
ATM038,2024-07-25,176,187.57,33035.92,56464.47,False
ATM038,2024-07-26,296,176.06,52122.36,182877.64,True
ATM038,2024-07-27,312,186.57,58168.9,124708.73,False
ATM038,2024-07-28,231,181.3,41905.97,82802.76,False
ATM038,2024-07-29,167,193.93,32360.5,50442.26,False
ATM038,2024-07-30,163,189.33,30898.57,19543.7,False
ATM038,2024-07-31,162,182.7,29636.9,205363.1,True
ATM038,2024-08-01,211,177.46,37412.57,167950.53,False
ATM038,2024-08-02,277,187.74,51967.82,115982.71,False
ATM038,2024-08-03,301,186.77,56189.69,59793.02,False
ATM038,2024-08-04,242,181.55,43884.58,15908.44,False
ATM038,2024-08-05,157,184.5,28927.9,206072.1,True
ATM038,2024-08-06,173,190.69,32921.88,173150.22,False
ATM038,2024-08-07,168,182.97,30664.35,142485.88,False
ATM038,2024-08-08,190,182.56,34766.9,107718.98,False
ATM038,2024-08-09,274,190.87,52261.66,55457.32,False
ATM038,2024-08-10,366,180.39,66011.4,168988.6,True
ATM038,2024-08-11,243,188.01,45745.72,123242.89,False
ATM038,2024-08-12,171,179.31,30697.82,92545.07,False
ATM038,2024-08-13,156,196.77,30633.62,61911.45,False
ATM038,2024-08-14,177,180.63,32011.88,29899.57,False
ATM038,2024-08-15,198,178.67,35461.12,199538.88,True
ATM038,2024-08-16,272,188.79,51285.92,148252.96,False
ATM038,2024-08-17,322,166.93,53675.07,94577.88,False
ATM038,2024-08-18,245,182.22,44562.7,50015.18,False
ATM038,2024-08-19,165,180.79,29806.51,20208.67,False
ATM038,2024-08-20,169,182.74,30902.58,204097.42,True
ATM038,2024-08-21,176,190.29,33528.81,170568.61,False
ATM038,2024-08-22,193,182.11,35180.83,135387.78,False
ATM038,2024-08-23,281,184.19,51679.45,83708.33,False
ATM038,2024-08-24,255,195.62,49836.86,33871.48,False
ATM038,2024-08-25,252,182.43,45948.4,189051.6,True
ATM038,2024-08-26,149,184.0,27470.89,161580.71,False
ATM038,2024-08-27,156,184.66,28837.13,132743.58,False
ATM038,2024-08-28,148,182.38,26999.08,105744.5,False
ATM038,2024-08-29,189,183.93,34836.06,70908.44,False
ATM038,2024-08-30,272,185.29,50379.58,184620.42,True
ATM038,2024-08-31,344,182.14,62671.9,121948.52,False
ATM038,2024-09-01,234,175.41,41006.66,80941.86,False
ATM038,2024-09-02,171,177.22,30310.56,50631.3,False
ATM038,2024-09-03,174,184.47,32137.67,18493.63,False
ATM038,2024-09-04,174,193.13,33549.98,201450.02,True
ATM038,2024-09-05,184,183.07,33747.0,167703.01,False
ATM038,2024-09-06,302,186.05,56223.71,111479.3,False
ATM038,2024-09-07,306,190.73,58436.25,53043.05,False
ATM038,2024-09-08,248,187.28,46538.11,6504.94,False
ATM038,2024-09-09,188,184.62,34640.35,200359.65,True
ATM038,2024-09-10,169,184.02,31161.43,169198.22,False
ATM038,2024-09-11,186,181.11,33740.96,135457.26,False
ATM038,2024-09-12,169,188.63,31869.38,103587.88,False
ATM038,2024-09-13,267,178.79,47689.48,55898.4,False
ATM038,2024-09-14,323,190.36,61557.75,173442.25,True
ATM038,2024-09-15,254,168.1,42671.89,130770.35,False
ATM038,2024-09-16,173,188.68,32609.4,98160.95,False
ATM038,2024-09-17,166,187.61,31155.75,67005.2,False
ATM038,2024-09-18,170,182.72,31018.28,35986.92,False
ATM038,2024-09-19,183,181.13,33182.22,201817.78,True
ATM038,2024-09-20,280,186.88,52385.22,149432.56,False
ATM038,2024-09-21,336,177.19,59544.17,89888.38,False
ATM038,2024-09-22,213,182.89,38914.61,50973.77,False
ATM038,2024-09-23,157,186.03,29249.94,21723.84,False
ATM038,2024-09-24,143,191.55,27416.11,207583.89,True
ATM038,2024-09-25,153,193.84,29657.93,177925.96,False
ATM038,2024-09-26,208,179.14,37193.97,140731.99,False
ATM038,2024-09-27,318,186.47,59308.5,81423.48,False
ATM038,2024-09-28,309,184.64,57000.45,24423.04,False
ATM038,2024-09-29,240,187.92,45158.31,189841.69,True
ATM038,2024-09-30,161,183.81,29568.97,160272.72,False
ATM038,2024-10-01,161,188.23,30293.14,129979.58,False
ATM038,2024-10-02,176,185.91,32761.44,97218.15,False
ATM038,2024-10-03,190,181.66,34498.75,62719.4,False
ATM038,2024-10-04,250,188.29,47120.89,187879.11,True
ATM038,2024-10-05,293,183.94,53963.74,133915.37,False
ATM038,2024-10-06,240,185.02,44440.78,89474.59,False
ATM038,2024-10-07,174,179.98,31402.3,58072.29,False
ATM038,2024-10-08,167,183.26,30619.67,27452.63,False
ATM038,2024-10-09,163,191.43,31225.21,203774.79,True
ATM038,2024-10-10,204,181.83,37144.58,166630.21,False
ATM038,2024-10-11,261,193.88,50688.37,115941.83,False
ATM038,2024-10-12,298,185.22,55142.13,60799.71,False
ATM038,2024-10-13,246,186.19,45787.25,15012.46,False
ATM038,2024-10-14,169,180.87,30605.4,204394.6,True
ATM038,2024-10-15,159,188.65,30027.55,174367.05,False
ATM038,2024-10-16,195,176.87,34457.85,139909.2,False
ATM038,2024-10-17,221,183.4,40562.36,99346.84,False
ATM038,2024-10-18,302,180.91,54645.04,44701.8,False
ATM038,2024-10-19,283,177.71,50333.56,184666.44,True
ATM038,2024-10-20,227,187.91,42706.39,141960.05,False
ATM038,2024-10-21,171,183.61,31483.3,110476.75,False
ATM038,2024-10-22,176,185.01,32494.92,77981.83,False
ATM038,2024-10-23,158,202.27,32035.95,45945.88,False
ATM038,2024-10-24,198,181.14,35833.49,199166.51,True
ATM038,2024-10-25,280,189.07,52973.29,146193.22,False
ATM038,2024-10-26,310,185.87,57541.11,88652.12,False
ATM038,2024-10-27,252,192.53,48485.84,40166.28,False
ATM038,2024-10-28,172,181.43,31158.18,9008.11,False
ATM038,2024-10-29,171,181.4,30965.27,204034.73,True
ATM038,2024-10-30,178,187.35,33422.69,170612.03,False
ATM038,2024-10-31,224,193.18,43221.92,127390.11,False
ATM038,2024-11-01,308,182.12,56043.22,71346.89,False
ATM038,2024-11-02,336,173.14,58146.67,176853.33,True
ATM038,2024-11-03,291,178.38,51987.22,124866.11,False
ATM038,2024-11-04,217,191.43,41582.16,83283.95,False
ATM038,2024-11-05,190,183.18,34790.07,48493.88,False
ATM038,2024-11-06,211,194.52,41131.09,193868.91,True
ATM038,2024-11-07,221,179.11,39633.64,154235.27,False
ATM038,2024-11-08,316,187.39,59178.52,95056.75,False
ATM038,2024-11-09,342,187.51,64134.87,30921.88,False
ATM038,2024-11-10,334,177.2,59118.91,175881.09,True
ATM038,2024-11-11,203,177.3,35930.66,139950.43,False
ATM038,2024-11-12,182,183.36,33440.76,106509.67,False
ATM038,2024-11-13,188,187.89,35229.49,71280.18,False
ATM038,2024-11-14,229,186.66,42756.75,192243.25,True
ATM038,2024-11-15,322,183.81,59155.3,133087.96,False
ATM038,2024-11-16,353,183.62,64870.75,68217.21,False
ATM038,2024-11-17,305,174.32,53109.75,15107.45,False
ATM038,2024-11-18,210,180.18,37824.01,197175.99,True
ATM038,2024-11-19,196,176.33,34626.4,162549.58,False
ATM038,2024-11-20,194,186.54,36150.16,126399.43,False
ATM038,2024-11-21,245,178.42,43682.87,82716.56,False
ATM038,2024-11-22,325,191.33,62193.7,172806.3,True
ATM038,2024-11-23,347,185.01,64224.64,108581.66,False
ATM038,2024-11-24,248,180.02,44622.21,63959.46,False
ATM038,2024-11-25,199,190.3,37777.92,26181.54,False
ATM038,2024-11-26,170,199.82,34000.9,200999.1,True
ATM038,2024-11-27,213,177.93,37892.78,163106.32,False
ATM038,2024-11-28,260,178.05,46296.34,116809.98,False
ATM038,2024-11-29,344,179.84,61844.61,54965.38,False
ATM038,2024-11-30,318,190.34,60456.54,174543.46,True
ATM038,2024-12-01,260,194.58,50645.26,123898.2,False
ATM038,2024-12-02,196,176.34,34519.79,89378.41,False
ATM038,2024-12-03,171,201.04,34286.78,55091.63,False
ATM038,2024-12-04,209,188.07,39297.56,195702.44,True
ATM038,2024-12-05,242,182.31,44081.75,151620.7,False
ATM038,2024-12-06,390,187.54,73162.98,78457.72,False
ATM038,2024-12-07,358,190.47,68200.19,10257.53,False
ATM038,2024-12-08,262,180.12,47176.83,187823.17,True
ATM038,2024-12-09,191,190.5,36437.64,151385.53,False
ATM038,2024-12-10,175,184.63,32377.79,119007.73,False
ATM038,2024-12-11,207,176.26,36531.28,82476.46,False
ATM038,2024-12-12,217,188.01,40826.64,194173.36,True
ATM038,2024-12-13,283,192.83,54478.5,139694.86,False
ATM038,2024-12-14,368,186.92,68697.19,70997.67,False
ATM038,2024-12-15,288,178.94,51604.2,19393.46,False
ATM038,2024-12-16,189,187.01,35421.16,199578.84,True
ATM038,2024-12-17,182,186.05,33876.47,165702.37,False
ATM038,2024-12-18,186,187.51,34808.67,130893.69,False
ATM038,2024-12-19,249,175.97,43894.35,86999.34,False
ATM038,2024-12-20,344,176.55,60724.46,174275.54,True
ATM038,2024-12-21,321,181.7,58362.43,115913.11,False
ATM038,2024-12-22,331,189.3,62728.39,53184.72,False
ATM038,2024-12-23,217,188.38,40863.43,12321.29,False
ATM038,2024-12-24,189,189.97,35971.16,199028.84,True
ATM038,2024-12-25,189,187.61,35446.28,163582.56,False
ATM038,2024-12-26,243,188.88,45940.95,117641.61,False
ATM038,2024-12-27,354,186.01,65932.37,51709.23,False
ATM038,2024-12-28,407,183.84,74842.87,160157.13,True
ATM038,2024-12-29,318,188.18,59815.72,100341.42,False
ATM038,2024-12-30,202,178.46,36086.25,64255.16,False
ATM038,2024-12-31,186,179.68,33507.76,30747.4,False
ATM039,2024-01-01,120,70.23,8457.61,71542.39,False
ATM039,2024-01-02,110,67.55,7453.34,64089.05,False
ATM039,2024-01-03,110,65.34,7174.54,56914.51,False
ATM039,2024-01-04,139,67.02,9344.43,70655.57,True
ATM039,2024-01-05,143,72.97,10409.12,60246.44,False
ATM039,2024-01-06,183,70.25,12860.1,47386.35,False
ATM039,2024-01-07,130,72.0,9336.27,38050.08,False
ATM039,2024-01-08,117,66.76,7780.07,30270.01,False
ATM039,2024-01-09,110,70.89,7807.42,72192.58,True
ATM039,2024-01-10,122,67.38,8218.43,63974.14,False
ATM039,2024-01-11,112,70.82,7928.63,56045.51,False
ATM039,2024-01-12,165,65.06,10702.74,45342.77,False
ATM039,2024-01-13,177,71.88,12689.98,32652.79,False
ATM039,2024-01-14,127,71.15,9034.61,70965.39,True
ATM039,2024-01-15,113,70.02,7947.12,63018.27,False
ATM039,2024-01-16,103,72.83,7487.75,55530.52,False
ATM039,2024-01-17,99,71.62,7077.16,48453.35,False
ATM039,2024-01-18,112,68.33,7681.95,40771.4,False
ATM039,2024-01-19,184,67.46,12432.7,67567.3,True
ATM039,2024-01-20,164,74.96,12306.02,55261.29,False
ATM039,2024-01-21,143,68.45,9795.04,45466.24,False
ATM039,2024-01-22,107,69.64,7425.84,38040.4,False
ATM039,2024-01-23,120,67.9,8130.22,29910.18,False
ATM039,2024-01-24,98,71.5,7028.82,72971.18,True
ATM039,2024-01-25,109,68.09,7417.6,65553.58,False
ATM039,2024-01-26,163,69.93,11366.37,54187.21,False
ATM039,2024-01-27,161,70.74,11375.66,42811.54,False
ATM039,2024-01-28,138,68.61,9476.85,33334.7,False
ATM039,2024-01-29,123,70.71,8678.31,71321.69,True
ATM039,2024-01-30,94,73.4,6913.05,64408.64,False
ATM039,2024-01-31,104,70.38,7299.01,57109.63,False
ATM039,2024-02-01,94,71.31,6720.34,50389.29,False
ATM039,2024-02-02,133,69.12,9212.74,41176.56,False
ATM039,2024-02-03,150,68.95,10313.77,69686.23,True
ATM039,2024-02-04,122,67.36,8189.01,61497.22,False
ATM039,2024-02-05,91,70.19,6421.5,55075.72,False
ATM039,2024-02-06,85,72.03,6127.0,48948.72,False
ATM039,2024-02-07,80,71.19,5678.99,43269.73,False
ATM039,2024-02-08,92,68.93,6372.98,73627.02,True
ATM039,2024-02-09,125,69.3,8670.75,64956.27,False
ATM039,2024-02-10,136,73.44,10016.2,54940.07,False
ATM039,2024-02-11,109,70.92,7726.55,47213.53,False
ATM039,2024-02-12,83,71.55,5957.95,41255.58,False
ATM039,2024-02-13,97,71.83,6931.71,73068.29,True
ATM039,2024-02-14,83,69.03,5755.8,67312.49,False
ATM039,2024-02-15,155,68.79,10649.55,69350.45,True
ATM039,2024-02-16,251,68.99,17293.21,52057.24,False
ATM039,2024-02-17,230,68.74,15805.44,36251.81,False
ATM039,2024-02-18,161,72.9,11736.39,68263.61,True
ATM039,2024-02-19,142,69.54,9865.09,58398.52,False
ATM039,2024-02-20,120,72.54,8714.31,49684.2,False
ATM039,2024-02-21,136,69.61,9494.39,70505.61,True
ATM039,2024-02-22,129,69.73,8972.8,61532.81,False
ATM039,2024-02-23,213,66.17,14082.42,47450.39,False
ATM039,2024-02-24,247,68.88,16990.62,63009.38,True
ATM039,2024-02-25,181,72.97,13186.14,49823.24,False
ATM039,2024-02-26,128,72.88,9305.16,40518.08,False
ATM039,2024-02-27,153,68.83,10515.79,69484.21,True
ATM039,2024-02-28,136,65.47,8921.58,60562.62,False
ATM039,2024-02-29,160,67.96,10854.22,49708.4,False
ATM039,2024-03-01,217,68.81,14905.63,65094.37,True
ATM039,2024-03-02,218,68.82,15011.36,50083.01,False
ATM039,2024-03-03,153,68.82,10543.29,39539.72,False
ATM039,2024-03-04,133,69.97,9294.28,70705.72,True
ATM039,2024-03-05,140,67.75,9463.46,61242.25,False
ATM039,2024-03-06,149,69.66,10358.59,50883.67,False
ATM039,2024-03-07,167,70.51,11741.08,68258.92,True
ATM039,2024-03-08,211,68.97,14553.65,53705.27,False
ATM039,2024-03-09,236,70.07,16550.68,37154.59,False
ATM039,2024-03-10,167,73.37,12262.79,67737.21,True
ATM039,2024-03-11,130,71.29,9300.63,58436.58,False
ATM039,2024-03-12,138,70.96,9787.43,48649.15,False
ATM039,2024-03-13,135,69.13,9303.92,70696.08,True
ATM039,2024-03-14,148,68.73,10145.72,60550.36,False
ATM039,2024-03-15,196,69.78,13656.23,46894.14,False
ATM039,2024-03-16,139,70.91,9891.06,37003.08,False
ATM039,2024-03-17,108,70.36,7627.45,29375.63,False
ATM039,2024-03-18,90,70.14,6316.14,23059.5,False
ATM039,2024-03-19,85,71.64,6074.61,73925.39,True
ATM039,2024-03-20,86,70.79,6117.06,67808.33,False
ATM039,2024-03-21,89,71.5,6345.63,61462.69,False
ATM039,2024-03-22,135,68.08,9162.75,52299.95,False
ATM039,2024-03-23,143,67.44,9630.76,42669.19,False
ATM039,2024-03-24,100,73.15,7345.32,72654.68,True
ATM039,2024-03-25,94,65.36,6154.72,66499.96,False
ATM039,2024-03-26,94,67.66,6340.85,60159.11,False
ATM039,2024-03-27,97,69.12,6679.79,53479.32,False
ATM039,2024-03-28,94,72.51,6821.18,46658.14,False
ATM039,2024-03-29,148,67.38,9949.63,70050.37,True
ATM039,2024-03-30,146,66.25,9657.45,60392.92,False
ATM039,2024-03-31,134,68.19,9115.64,51277.28,False
ATM039,2024-04-01,122,68.88,8385.13,42892.14,False
ATM039,2024-04-02,98,70.05,6876.86,36015.28,False
ATM039,2024-04-03,103,71.68,7400.18,72599.82,True
ATM039,2024-04-04,128,68.76,8833.41,63766.41,False
ATM039,2024-04-05,153,67.49,10337.92,53428.48,False
ATM039,2024-04-06,154,69.42,10667.78,42760.71,False
ATM039,2024-04-07,135,67.6,9108.99,33651.72,False
ATM039,2024-04-08,101,69.97,7071.82,72928.18,True
ATM039,2024-04-09,102,69.55,7095.88,65832.3,False
ATM039,2024-04-10,105,70.52,7379.2,58453.1,False
ATM039,2024-04-11,116,68.97,8020.21,50432.88,False
ATM039,2024-04-12,143,69.89,10023.07,40409.81,False
ATM039,2024-04-13,181,69.63,12593.84,67406.16,True
ATM039,2024-04-14,148,70.34,10421.97,56984.18,False
ATM039,2024-04-15,108,71.05,7641.7,49342.48,False
ATM039,2024-04-16,122,70.53,8599.05,40743.43,False
ATM039,2024-04-17,91,70.91,6480.04,34263.39,False
ATM039,2024-04-18,119,65.96,7845.88,72154.12,True
ATM039,2024-04-19,176,73.11,12877.03,59277.1,False
ATM039,2024-04-20,172,68.11,11747.46,47529.63,False
ATM039,2024-04-21,135,68.14,9219.31,38310.33,False
ATM039,2024-04-22,112,68.5,7653.16,30657.17,False
ATM039,2024-04-23,108,67.05,7211.83,72788.17,True
ATM039,2024-04-24,111,72.53,8022.53,64765.64,False
ATM039,2024-04-25,118,69.92,8285.61,56480.03,False
ATM039,2024-04-26,171,70.0,11949.11,44530.92,False
ATM039,2024-04-27,210,67.24,14126.74,30404.18,False
ATM039,2024-04-28,139,69.76,9682.83,70317.17,True
ATM039,2024-04-29,96,74.72,7142.68,63174.49,False
ATM039,2024-04-30,126,69.56,8764.55,54409.93,False
ATM039,2024-05-01,94,69.01,6508.96,47900.97,False
ATM039,2024-05-02,101,67.62,6803.88,41097.1,False
ATM039,2024-05-03,118,73.87,8711.78,71288.22,True
ATM039,2024-05-04,148,70.11,10401.65,60886.57,False
ATM039,2024-05-05,102,70.4,7178.07,53708.51,False
ATM039,2024-05-06,85,68.38,5794.95,47913.56,False
ATM039,2024-05-07,78,72.72,5682.81,42230.75,False
ATM039,2024-05-08,83,67.52,5620.48,74379.52,True
ATM039,2024-05-09,88,68.13,6024.79,68354.74,False
ATM039,2024-05-10,128,72.05,9226.94,59127.8,False
ATM039,2024-05-11,149,69.14,10269.09,48858.71,False
ATM039,2024-05-12,112,69.07,7758.28,41100.43,False
ATM039,2024-05-13,111,68.76,7621.29,72378.71,True
ATM039,2024-05-14,89,71.74,6362.3,66016.41,False
ATM039,2024-05-15,86,70.35,6041.6,59974.81,False
ATM039,2024-05-16,95,70.58,6713.72,53261.08,False
ATM039,2024-05-17,138,69.71,9596.12,43664.96,False
ATM039,2024-05-18,130,73.91,9619.47,70380.53,True
ATM039,2024-05-19,119,66.66,7915.43,62465.1,False
ATM039,2024-05-20,94,66.7,6251.53,56213.57,False
ATM039,2024-05-21,93,69.95,6519.36,49694.22,False
ATM039,2024-05-22,92,68.23,6311.26,43382.96,False
ATM039,2024-05-23,95,71.65,6801.37,73198.63,True
ATM039,2024-05-24,143,71.78,10259.48,62939.15,False
ATM039,2024-05-25,134,69.61,9356.08,53583.07,False
ATM039,2024-05-26,113,68.46,7733.01,45850.06,False
ATM039,2024-05-27,85,67.3,5732.32,40117.74,False
ATM039,2024-05-28,102,67.5,6864.85,73135.15,True
ATM039,2024-05-29,91,69.67,6330.5,66804.65,False
ATM039,2024-05-30,99,69.33,6878.83,59925.83,False
ATM039,2024-05-31,144,70.07,10069.73,49856.1,False
ATM039,2024-06-01,142,70.11,9982.99,39873.11,False
ATM039,2024-06-02,98,71.0,6947.2,73052.8,True
ATM039,2024-06-03,89,68.69,6138.52,66914.28,False
ATM039,2024-06-04,93,69.14,6406.69,60507.58,False
ATM039,2024-06-05,85,72.45,6156.31,54351.27,False
ATM039,2024-06-06,91,71.05,6495.37,47855.9,False
ATM039,2024-06-07,141,72.45,10183.42,69816.58,True
ATM039,2024-06-08,177,68.65,12146.42,57670.16,False
ATM039,2024-06-09,100,71.72,7149.27,50520.89,False
ATM039,2024-06-10,101,68.34,6876.22,43644.67,False
ATM039,2024-06-11,84,75.72,6394.04,37250.63,False
ATM039,2024-06-12,88,71.94,6355.85,73644.15,True
ATM039,2024-06-13,103,75.26,7764.68,65879.47,False
ATM039,2024-06-14,133,72.63,9693.86,56185.61,False
ATM039,2024-06-15,141,70.05,9869.84,46315.77,False
ATM039,2024-06-16,111,66.04,7363.35,38952.42,False
ATM039,2024-06-17,81,70.9,5754.83,74245.17,True
ATM039,2024-06-18,94,67.81,6378.34,67866.83,False
ATM039,2024-06-19,104,67.67,7036.19,60830.64,False
ATM039,2024-06-20,102,69.13,7079.63,53751.01,False
ATM039,2024-06-21,134,71.89,9600.17,44150.84,False
ATM039,2024-06-22,154,71.49,10997.77,69002.23,True
ATM039,2024-06-23,118,67.33,7911.97,61090.26,False
ATM039,2024-06-24,103,67.77,6970.38,54119.88,False
ATM039,2024-06-25,89,69.26,6134.99,47984.9,False
ATM039,2024-06-26,94,68.98,6466.0,41518.9,False
ATM039,2024-06-27,94,73.4,6876.55,73123.45,True
ATM039,2024-06-28,124,69.99,8702.64,64420.81,False
ATM039,2024-06-29,135,71.42,9647.41,54773.4,False
ATM039,2024-06-30,103,70.08,7220.29,47553.11,False
ATM039,2024-07-01,81,72.71,5868.07,41685.04,False
ATM039,2024-07-02,88,70.29,6212.26,73787.74,True
ATM039,2024-07-03,99,67.37,6686.45,67101.28,False
ATM039,2024-07-04,95,70.36,6660.28,60441.0,False
ATM039,2024-07-05,127,66.53,8422.91,52018.1,False
ATM039,2024-07-06,146,67.6,9847.23,42170.87,False
ATM039,2024-07-07,104,71.1,7416.42,72583.58,True
ATM039,2024-07-08,92,73.8,6785.2,65798.38,False
ATM039,2024-07-09,88,70.32,6170.91,59627.47,False
ATM039,2024-07-10,89,70.67,6298.48,53329.0,False
ATM039,2024-07-11,99,71.94,7149.9,46179.1,False
ATM039,2024-07-12,143,71.09,10161.12,69838.88,True
ATM039,2024-07-13,165,70.06,11592.87,58246.01,False
ATM039,2024-07-14,105,69.06,7278.73,50967.28,False
ATM039,2024-07-15,94,67.72,6390.7,44576.58,False
ATM039,2024-07-16,88,67.61,5920.93,38655.64,False
ATM039,2024-07-17,91,70.74,6463.21,73536.79,True
ATM039,2024-07-18,90,68.63,6143.47,67393.32,False
ATM039,2024-07-19,152,71.32,10827.15,56566.17,False
ATM039,2024-07-20,157,68.61,10766.95,45799.21,False
ATM039,2024-07-21,111,69.97,7751.42,38047.79,False
ATM039,2024-07-22,88,68.96,6088.98,73911.02,True
ATM039,2024-07-23,89,66.87,5980.13,67930.9,False
ATM039,2024-07-24,83,69.58,5751.15,62179.75,False
ATM039,2024-07-25,94,69.37,6552.54,55627.2,False
ATM039,2024-07-26,119,71.68,8515.59,47111.62,False
ATM039,2024-07-27,167,72.16,12065.04,67934.96,True
ATM039,2024-07-28,115,71.31,8222.74,59712.22,False
ATM039,2024-07-29,93,70.18,6559.03,53153.19,False
ATM039,2024-07-30,81,71.45,5797.42,47355.77,False
ATM039,2024-07-31,96,69.03,6594.26,40761.51,False
ATM039,2024-08-01,105,68.54,7214.07,72785.93,True
ATM039,2024-08-02,127,71.63,9117.32,63668.61,False
ATM039,2024-08-03,155,69.51,10749.03,52919.58,False
ATM039,2024-08-04,105,70.37,7414.44,45505.14,False
ATM039,2024-08-05,83,68.41,5661.98,39843.16,False
ATM039,2024-08-06,81,70.02,5656.88,74343.12,True
ATM039,2024-08-07,96,71.0,6809.05,67534.07,False
ATM039,2024-08-08,98,68.52,6708.72,60825.35,False
ATM039,2024-08-09,122,74.2,9038.77,51786.58,False
ATM039,2024-08-10,149,70.42,10479.73,41306.85,False
ATM039,2024-08-11,97,67.52,6553.42,73446.58,True
ATM039,2024-08-12,93,68.95,6418.34,67028.24,False
ATM039,2024-08-13,89,70.25,6238.53,60789.71,False
ATM039,2024-08-14,100,66.07,6580.3,54209.41,False
ATM039,2024-08-15,92,69.79,6435.61,47773.79,False
ATM039,2024-08-16,131,69.35,9106.39,70893.61,True
ATM039,2024-08-17,154,68.44,10509.82,60383.79,False
ATM039,2024-08-18,108,71.14,7700.04,52683.76,False
ATM039,2024-08-19,90,71.51,6467.62,46216.14,False
ATM039,2024-08-20,77,68.77,5308.58,40907.56,False
ATM039,2024-08-21,98,68.18,6716.13,73283.87,True
ATM039,2024-08-22,93,69.73,6483.17,66800.7,False
ATM039,2024-08-23,138,68.88,9517.02,57283.68,False
ATM039,2024-08-24,168,70.6,11866.61,45417.07,False
ATM039,2024-08-25,106,66.98,7131.81,38285.27,False
ATM039,2024-08-26,97,68.05,6623.62,73376.38,True
ATM039,2024-08-27,101,70.9,7185.85,66190.53,False
ATM039,2024-08-28,93,70.52,6561.68,59628.85,False
ATM039,2024-08-29,116,64.97,7521.18,52107.67,False
ATM039,2024-08-30,121,72.17,8758.86,43348.81,False
ATM039,2024-08-31,172,67.41,11585.09,68414.91,True
ATM039,2024-09-01,95,70.35,6688.99,61725.93,False
ATM039,2024-09-02,95,70.31,6660.74,55065.18,False
ATM039,2024-09-03,93,66.11,6154.95,48910.24,False
ATM039,2024-09-04,88,69.53,6145.98,42764.26,False
ATM039,2024-09-05,101,65.97,6691.49,73308.51,True
ATM039,2024-09-06,138,71.82,9926.68,63381.84,False
ATM039,2024-09-07,142,69.61,9865.59,53516.25,False
ATM039,2024-09-08,106,68.98,7337.39,46178.86,False
ATM039,2024-09-09,94,71.09,6664.36,39514.5,False
ATM039,2024-09-10,92,72.21,6663.63,73336.37,True
ATM039,2024-09-11,82,75.97,6234.03,67102.34,False
ATM039,2024-09-12,113,68.62,7750.13,59352.21,False
ATM039,2024-09-13,146,65.83,9613.38,49738.83,False
ATM039,2024-09-14,142,73.51,10449.84,39289.0,False
ATM039,2024-09-15,132,69.75,9229.99,70770.01,True
ATM039,2024-09-16,92,71.27,6590.93,64179.09,False
ATM039,2024-09-17,105,67.94,7099.39,57079.69,False
ATM039,2024-09-18,110,69.33,7598.38,49481.31,False
ATM039,2024-09-19,92,69.34,6406.43,43074.88,False
ATM039,2024-09-20,127,70.88,9003.58,70996.42,True
ATM039,2024-09-21,132,70.3,9290.67,61705.76,False
ATM039,2024-09-22,109,73.11,7958.53,53747.23,False
ATM039,2024-09-23,93,72.98,6752.38,46994.85,False
ATM039,2024-09-24,84,70.83,5924.13,41070.72,False
ATM039,2024-09-25,77,69.76,5397.86,74602.14,True
ATM039,2024-09-26,101,71.0,7144.09,67458.04,False
ATM039,2024-09-27,123,69.18,8534.43,58923.61,False
ATM039,2024-09-28,148,69.1,10248.43,48675.18,False
ATM039,2024-09-29,115,69.54,7992.61,40682.57,False
ATM039,2024-09-30,94,68.97,6483.14,73516.86,True
ATM039,2024-10-01,92,72.39,6658.99,66857.87,False
ATM039,2024-10-02,81,75.99,6174.73,60683.14,False
ATM039,2024-10-03,91,72.12,6590.04,54093.1,False
ATM039,2024-10-04,124,71.62,8914.9,45178.2,False
ATM039,2024-10-05,161,67.88,10949.88,69050.12,True
ATM039,2024-10-06,102,73.92,7527.96,61522.16,False
ATM039,2024-10-07,86,70.84,6081.5,55440.66,False
ATM039,2024-10-08,91,69.91,6327.55,49113.11,False
ATM039,2024-10-09,78,71.74,5589.39,43523.72,False
ATM039,2024-10-10,96,72.32,6958.93,73041.07,True
ATM039,2024-10-11,138,70.14,9684.41,63356.66,False
ATM039,2024-10-12,158,67.93,10705.48,52651.18,False
ATM039,2024-10-13,122,69.21,8472.57,44178.61,False
ATM039,2024-10-14,86,72.71,6276.88,37901.73,False
ATM039,2024-10-15,90,69.5,6288.63,73711.37,True
ATM039,2024-10-16,91,71.31,6494.9,67216.47,False
ATM039,2024-10-17,96,71.94,6895.92,60320.55,False
ATM039,2024-10-18,124,70.55,8717.7,51602.85,False
ATM039,2024-10-19,155,71.31,11030.86,40571.99,False
ATM039,2024-10-20,93,69.73,6494.09,73505.91,True
ATM039,2024-10-21,81,72.7,5913.69,67592.22,False
ATM039,2024-10-22,83,72.47,6013.96,61578.26,False
ATM039,2024-10-23,82,70.82,5794.19,55784.07,False
ATM039,2024-10-24,92,75.8,6957.14,48826.93,False
ATM039,2024-10-25,143,72.34,10347.54,69652.46,True
ATM039,2024-10-26,170,70.6,12020.63,57631.82,False
ATM039,2024-10-27,108,69.55,7544.37,50087.46,False
ATM039,2024-10-28,103,64.18,6587.67,43499.79,False
ATM039,2024-10-29,88,70.48,6181.7,37318.09,False
ATM039,2024-10-30,93,66.79,6241.0,73759.0,True
ATM039,2024-10-31,103,66.78,6880.73,66878.28,False
ATM039,2024-11-01,183,69.46,12730.13,54148.15,False
ATM039,2024-11-02,153,69.57,10652.59,43495.55,False
ATM039,2024-11-03,136,70.37,9544.44,33951.11,False
ATM039,2024-11-04,104,68.58,7126.33,72873.67,True
ATM039,2024-11-05,103,69.08,7148.23,65725.44,False
ATM039,2024-11-06,98,69.86,6816.83,58908.61,False
ATM039,2024-11-07,104,71.99,7473.52,51435.09,False
ATM039,2024-11-08,179,67.89,12119.14,39315.95,False
ATM039,2024-11-09,169,69.11,11705.13,68294.87,True
ATM039,2024-11-10,127,70.54,8944.82,59350.05,False
ATM039,2024-11-11,111,70.92,7847.38,51502.66,False
ATM039,2024-11-12,116,70.13,8131.25,43371.41,False
ATM039,2024-11-13,102,66.62,6796.38,36575.03,False
ATM039,2024-11-14,129,71.07,9200.27,70799.73,True
ATM039,2024-11-15,161,70.94,11407.38,59392.36,False
ATM039,2024-11-16,176,70.91,12446.15,46946.2,False
ATM039,2024-11-17,121,72.22,8733.79,38212.41,False
ATM039,2024-11-18,108,68.1,7323.04,30889.37,False
ATM039,2024-11-19,93,69.5,6479.12,73520.88,True
ATM039,2024-11-20,118,69.04,8135.92,65384.96,False
ATM039,2024-11-21,106,70.6,7450.11,57934.84,False
ATM039,2024-11-22,147,73.25,10742.78,47192.06,False
ATM039,2024-11-23,197,67.33,13268.79,33923.28,False
ATM039,2024-11-24,129,68.41,8856.12,71143.88,True
ATM039,2024-11-25,100,69.88,7004.35,64139.54,False
ATM039,2024-11-26,111,69.83,7723.14,56416.4,False
ATM039,2024-11-27,110,65.37,7180.96,49235.44,False
ATM039,2024-11-28,110,71.16,7831.24,41404.2,False
ATM039,2024-11-29,141,72.69,10235.61,69764.39,True
ATM039,2024-11-30,168,70.41,11814.62,57949.77,False
ATM039,2024-12-01,129,67.53,8717.58,49232.19,False
ATM039,2024-12-02,114,68.74,7834.89,41397.3,False
ATM039,2024-12-03,106,65.01,6880.09,34517.2,False
ATM039,2024-12-04,116,70.01,8155.98,71844.02,True
ATM039,2024-12-05,124,71.3,8865.68,62978.34,False
ATM039,2024-12-06,177,68.82,12149.15,50829.19,False
ATM039,2024-12-07,156,71.6,11179.94,39649.26,False
ATM039,2024-12-08,131,69.02,9046.65,30602.61,False
ATM039,2024-12-09,113,70.65,8002.52,71997.48,True
ATM039,2024-12-10,112,67.85,7626.81,64370.67,False
ATM039,2024-12-11,114,69.99,7972.49,56398.18,False
ATM039,2024-12-12,123,72.03,8852.22,47545.96,False
ATM039,2024-12-13,169,69.77,11797.05,35748.91,False
ATM039,2024-12-14,179,72.33,12934.04,67065.96,True
ATM039,2024-12-15,133,70.43,9353.51,57712.45,False
ATM039,2024-12-16,116,68.9,7985.25,49727.2,False
ATM039,2024-12-17,122,66.47,8108.59,41618.61,False
ATM039,2024-12-18,108,69.15,7463.11,34155.5,False
ATM039,2024-12-19,111,70.64,7844.91,72155.09,True
ATM039,2024-12-20,139,74.52,10391.89,61763.2,False
ATM039,2024-12-21,165,68.0,11195.87,50567.33,False
ATM039,2024-12-22,118,70.42,8331.83,42235.5,False
ATM039,2024-12-23,115,71.1,8156.25,34079.25,False
ATM039,2024-12-24,118,68.26,8084.98,71915.02,True
ATM039,2024-12-25,112,69.36,7796.49,64118.52,False
ATM039,2024-12-26,115,72.33,8336.91,55781.61,False
ATM039,2024-12-27,135,74.18,9987.65,45793.96,False
ATM039,2024-12-28,183,66.63,12182.8,33611.15,False
ATM039,2024-12-29,122,70.21,8540.18,71459.82,True
ATM039,2024-12-30,110,65.7,7237.32,64222.5,False
ATM039,2024-12-31,107,68.48,7342.8,56879.7,False
ATM040,2024-01-01,122,67.76,8269.96,71730.04,False
ATM040,2024-01-02,131,71.08,9305.4,70694.6,True
ATM040,2024-01-03,115,71.31,8220.92,62473.68,False
ATM040,2024-01-04,114,68.96,7866.12,54607.56,False
ATM040,2024-01-05,200,69.33,13873.26,40734.3,False
ATM040,2024-01-06,193,69.02,13344.95,27389.35,False
ATM040,2024-01-07,156,69.49,10817.22,69182.78,True
ATM040,2024-01-08,101,75.42,7579.76,61603.02,False
ATM040,2024-01-09,103,69.8,7214.09,54388.93,False
ATM040,2024-01-10,112,68.53,7644.46,46744.47,False
ATM040,2024-01-11,120,68.87,8296.9,38447.56,False
ATM040,2024-01-12,199,66.01,13118.64,66881.36,True
ATM040,2024-01-13,203,72.29,14640.51,52240.85,False
ATM040,2024-01-14,144,70.26,10117.42,42123.43,False
ATM040,2024-01-15,116,72.99,8435.71,33687.72,False
ATM040,2024-01-16,98,71.53,7029.27,26658.45,False
ATM040,2024-01-17,107,71.73,7695.8,72304.2,True
ATM040,2024-01-18,120,71.48,8560.16,63744.04,False
ATM040,2024-01-19,165,66.45,10987.49,52756.55,False
ATM040,2024-01-20,182,73.01,13298.1,39458.44,False
ATM040,2024-01-21,143,71.11,10136.72,29321.73,False
ATM040,2024-01-22,127,69.17,8787.44,71212.56,True
ATM040,2024-01-23,121,68.78,8289.92,62922.64,False
ATM040,2024-01-24,114,69.6,7932.16,54990.48,False
ATM040,2024-01-25,123,69.86,8601.05,46389.43,False
ATM040,2024-01-26,176,68.51,12029.15,34360.29,False
ATM040,2024-01-27,189,70.33,13272.49,66727.51,True
ATM040,2024-01-28,128,70.88,9039.77,57687.74,False
ATM040,2024-01-29,114,70.42,7992.89,49694.85,False
ATM040,2024-01-30,105,72.21,7581.54,42113.31,False
ATM040,2024-01-31,128,67.8,8669.71,33443.6,False
ATM040,2024-02-01,106,73.04,7725.29,72274.71,True
ATM040,2024-02-02,140,68.18,9549.2,62725.51,False
ATM040,2024-02-03,175,67.25,11759.58,50965.93,False
ATM040,2024-02-04,114,67.87,7705.06,43260.87,False
ATM040,2024-02-05,106,68.55,7265.32,35995.55,False
ATM040,2024-02-06,95,68.43,6488.58,73511.42,True
ATM040,2024-02-07,107,68.2,7322.72,66188.7,False
ATM040,2024-02-08,101,66.96,6747.8,59440.9,False
ATM040,2024-02-09,150,71.61,10712.23,48728.67,False
ATM040,2024-02-10,181,67.35,12189.97,36538.7,False
ATM040,2024-02-11,107,75.1,8005.41,71994.59,True
ATM040,2024-02-12,98,68.82,6750.56,65244.03,False
ATM040,2024-02-13,93,71.11,6609.42,58634.61,False
ATM040,2024-02-14,102,68.71,7004.21,51630.4,False
ATM040,2024-02-15,157,69.38,10864.57,40765.83,False
ATM040,2024-02-16,219,67.41,14738.08,65261.92,True
ATM040,2024-02-17,279,69.15,19268.68,45993.24,False
ATM040,2024-02-18,174,69.33,12067.26,33925.98,False
ATM040,2024-02-19,147,70.91,10421.41,69578.59,True
ATM040,2024-02-20,135,72.39,9738.75,59839.83,False
ATM040,2024-02-21,154,69.6,10709.62,49130.21,False
ATM040,2024-02-22,149,72.28,10802.99,69197.01,True
ATM040,2024-02-23,228,67.39,15335.92,53861.09,False
ATM040,2024-02-24,266,68.47,18236.03,35625.07,False
ATM040,2024-02-25,203,64.72,13141.93,66858.07,True
ATM040,2024-02-26,141,72.44,10213.31,56644.76,False
ATM040,2024-02-27,141,71.26,10064.71,46580.04,False
ATM040,2024-02-28,136,70.73,9642.31,70357.69,True
ATM040,2024-02-29,161,70.51,11321.71,59035.98,False
ATM040,2024-03-01,246,72.74,17890.86,41145.12,False
ATM040,2024-03-02,250,71.69,17945.94,62054.06,True
ATM040,2024-03-03,168,69.01,11604.26,50449.8,False
ATM040,2024-03-04,140,67.33,9414.19,41035.61,False
ATM040,2024-03-05,135,69.94,9455.71,70544.29,True
ATM040,2024-03-06,135,69.92,9426.69,61117.6,False
ATM040,2024-03-07,166,67.62,11197.35,49920.24,False
ATM040,2024-03-08,257,67.22,17258.96,62741.04,True
ATM040,2024-03-09,281,65.27,18359.32,44381.72,False
ATM040,2024-03-10,181,67.48,12244.25,32137.47,False
ATM040,2024-03-11,136,73.8,10011.02,69988.98,True
ATM040,2024-03-12,145,67.68,9819.68,60169.3,False
ATM040,2024-03-13,153,69.25,10627.34,49541.95,False
ATM040,2024-03-14,168,68.08,11438.78,68561.22,True
ATM040,2024-03-15,214,68.35,14599.33,53961.89,False
ATM040,2024-03-16,170,69.52,11811.87,42150.03,False
ATM040,2024-03-17,107,70.34,7560.4,72439.6,True
ATM040,2024-03-18,97,71.2,6933.41,65506.19,False
ATM040,2024-03-19,92,69.84,6399.63,59106.56,False
ATM040,2024-03-20,103,67.88,6959.47,52147.09,False
ATM040,2024-03-21,113,70.03,7923.12,44223.98,False
ATM040,2024-03-22,140,67.67,9447.59,70552.41,True
ATM040,2024-03-23,161,68.84,11092.36,59460.06,False
ATM040,2024-03-24,124,69.4,8577.35,50882.71,False
ATM040,2024-03-25,103,68.22,7042.77,43839.94,False
ATM040,2024-03-26,91,72.76,6608.5,37231.44,False
ATM040,2024-03-27,97,68.84,6687.34,73312.66,True
ATM040,2024-03-28,100,69.96,7009.62,66303.04,False
ATM040,2024-03-29,168,67.14,11262.54,55040.5,False
ATM040,2024-03-30,168,66.4,11130.84,43909.66,False
ATM040,2024-03-31,112,70.55,7905.61,36004.05,False
ATM040,2024-04-01,107,69.07,7407.43,72592.57,True
ATM040,2024-04-02,115,70.28,8106.16,64486.41,False
ATM040,2024-04-03,122,67.95,8303.14,56183.27,False
ATM040,2024-04-04,133,68.74,9119.17,47064.11,False
ATM040,2024-04-05,198,65.15,12873.02,34191.08,False
ATM040,2024-04-06,187,70.21,13134.77,66865.23,True
ATM040,2024-04-07,153,70.18,10730.44,56134.79,False
ATM040,2024-04-08,118,70.79,8383.7,47751.09,False
ATM040,2024-04-09,125,69.2,8671.17,39079.92,False
ATM040,2024-04-10,110,66.65,7349.92,31729.99,False
ATM040,2024-04-11,133,70.47,9361.11,70638.89,True
ATM040,2024-04-12,175,68.77,12027.65,58611.24,False
ATM040,2024-04-13,193,70.44,13574.51,45036.73,False
ATM040,2024-04-14,149,67.67,10096.74,34939.99,False
ATM040,2024-04-15,107,68.08,7312.67,27627.32,False
ATM040,2024-04-16,108,67.05,7226.17,72773.83,True
ATM040,2024-04-17,139,65.24,9050.21,63723.62,False
ATM040,2024-04-18,128,71.9,9234.53,54489.09,False
ATM040,2024-04-19,186,70.58,13121.79,41367.29,False
ATM040,2024-04-20,199,73.75,14701.21,26666.09,False
ATM040,2024-04-21,135,70.94,9558.85,70441.15,True
ATM040,2024-04-22,133,68.19,9046.84,61394.31,False
ATM040,2024-04-23,114,68.69,7807.96,53586.34,False
ATM040,2024-04-24,127,66.01,8374.37,45211.98,False
ATM040,2024-04-25,139,71.12,9881.21,35330.77,False
ATM040,2024-04-26,196,65.04,12761.69,67238.31,True
ATM040,2024-04-27,170,73.13,12462.52,54775.79,False
ATM040,2024-04-28,145,66.38,9642.74,45133.04,False
ATM040,2024-04-29,118,71.43,8403.29,36729.75,False
ATM040,2024-04-30,118,69.68,8244.05,28485.7,False
ATM040,2024-05-01,107,68.53,7316.08,72683.92,True
ATM040,2024-05-02,110,70.28,7733.45,64950.47,False
ATM040,2024-05-03,146,69.2,10109.89,54840.58,False
ATM040,2024-05-04,156,70.07,10904.36,43936.22,False
ATM040,2024-05-05,111,71.54,7971.02,35965.2,False
ATM040,2024-05-06,91,73.29,6641.04,73358.96,True
ATM040,2024-05-07,88,71.93,6355.49,67003.46,False
ATM040,2024-05-08,103,70.35,7228.35,59775.12,False
ATM040,2024-05-09,109,68.47,7486.66,52288.46,False
ATM040,2024-05-10,140,70.46,9841.77,42446.69,False
ATM040,2024-05-11,154,72.48,11134.57,68865.43,True
ATM040,2024-05-12,114,69.17,7881.21,60984.22,False
ATM040,2024-05-13,86,71.35,6136.51,54847.71,False
ATM040,2024-05-14,95,72.05,6880.5,47967.2,False
ATM040,2024-05-15,101,71.66,7263.97,40703.24,False
ATM040,2024-05-16,111,71.28,7892.61,72107.39,True
ATM040,2024-05-17,163,66.13,10765.18,61342.21,False
ATM040,2024-05-18,154,67.35,10342.16,51000.05,False
ATM040,2024-05-19,130,68.36,8892.56,42107.49,False
ATM040,2024-05-20,94,70.01,6600.78,35506.71,False
ATM040,2024-05-21,86,70.8,6067.27,73932.73,True
ATM040,2024-05-22,86,67.53,5820.92,68111.81,False
ATM040,2024-05-23,112,67.39,7550.9,60560.92,False
ATM040,2024-05-24,159,70.1,11175.99,49384.92,False
ATM040,2024-05-25,171,70.75,12090.97,37293.95,False
ATM040,2024-05-26,120,67.91,8129.24,71870.76,True
ATM040,2024-05-27,104,70.93,7358.3,64512.46,False
ATM040,2024-05-28,107,71.74,7659.08,56853.39,False
ATM040,2024-05-29,93,70.61,6571.66,50281.72,False
ATM040,2024-05-30,106,72.44,7669.86,42611.86,False
ATM040,2024-05-31,161,69.66,11193.81,68806.19,True
ATM040,2024-06-01,155,66.11,10258.72,58547.47,False
ATM040,2024-06-02,109,68.76,7512.24,51035.23,False
ATM040,2024-06-03,105,73.19,7660.61,43374.62,False
ATM040,2024-06-04,98,72.58,7079.32,36295.3,False
ATM040,2024-06-05,96,66.82,6430.6,73569.4,True
ATM040,2024-06-06,106,65.73,6939.93,66629.47,False
ATM040,2024-06-07,137,68.94,9439.03,57190.44,False
ATM040,2024-06-08,161,70.28,11300.91,45889.52,False
ATM040,2024-06-09,109,71.19,7752.6,38136.92,False
ATM040,2024-06-10,94,70.02,6578.83,73421.17,True
ATM040,2024-06-11,85,72.29,6124.32,67296.85,False
ATM040,2024-06-12,95,71.43,6766.91,60529.94,False
ATM040,2024-06-13,97,70.37,6838.82,53691.12,False
ATM040,2024-06-14,162,65.71,10621.64,43069.48,False
ATM040,2024-06-15,180,67.38,12121.5,67878.5,True
ATM040,2024-06-16,112,73.75,8257.04,59621.46,False
ATM040,2024-06-17,110,66.87,7371.57,52249.89,False
ATM040,2024-06-18,90,72.59,6537.17,45712.72,False
ATM040,2024-06-19,92,69.24,6381.55,39331.17,False
ATM040,2024-06-20,102,71.2,7247.07,72752.93,True
ATM040,2024-06-21,128,71.31,9163.62,63589.31,False
ATM040,2024-06-22,153,69.98,10693.31,52896.0,False
ATM040,2024-06-23,112,71.26,8008.97,44887.04,False
ATM040,2024-06-24,94,73.02,6884.79,38002.24,False
ATM040,2024-06-25,104,68.33,7093.84,72906.16,True
ATM040,2024-06-26,105,70.67,7434.69,65471.48,False
ATM040,2024-06-27,105,71.78,7535.62,57935.86,False
ATM040,2024-06-28,141,67.1,9487.26,48448.6,False
ATM040,2024-06-29,163,68.73,11189.32,37259.28,False
ATM040,2024-06-30,138,68.39,9407.08,70592.92,True
ATM040,2024-07-01,98,70.4,6914.39,63678.52,False
ATM040,2024-07-02,106,67.91,7214.95,56463.57,False
ATM040,2024-07-03,83,72.93,6036.0,50427.58,False
ATM040,2024-07-04,104,71.7,7488.63,42938.95,False
ATM040,2024-07-05,150,72.16,10835.19,69164.81,True
ATM040,2024-07-06,158,68.64,10878.23,58286.58,False
ATM040,2024-07-07,104,67.91,7074.98,51211.6,False
ATM040,2024-07-08,101,68.53,6925.0,44286.59,False
ATM040,2024-07-09,87,70.11,6111.08,38175.52,False
ATM040,2024-07-10,106,69.88,7423.06,72576.94,True
ATM040,2024-07-11,95,72.67,6878.85,65698.09,False
ATM040,2024-07-12,132,73.11,9666.26,56031.82,False
ATM040,2024-07-13,156,70.22,10965.95,45065.87,False
ATM040,2024-07-14,135,67.16,9075.38,35990.5,False
ATM040,2024-07-15,92,69.31,6406.29,73593.71,True
ATM040,2024-07-16,87,75.55,6554.61,67039.1,False
ATM040,2024-07-17,94,67.26,6349.79,60689.31,False
ATM040,2024-07-18,99,70.49,6974.36,53714.95,False
ATM040,2024-07-19,154,68.52,10562.11,43152.85,False
ATM040,2024-07-20,151,74.08,11186.27,68813.73,True
ATM040,2024-07-21,115,70.67,8156.09,60657.65,False
ATM040,2024-07-22,115,68.53,7869.68,52787.97,False
ATM040,2024-07-23,91,69.01,6274.71,46513.26,False
ATM040,2024-07-24,98,66.18,6511.9,40001.36,False
ATM040,2024-07-25,107,70.46,7518.82,72481.18,True
ATM040,2024-07-26,143,70.52,10072.61,62408.57,False
ATM040,2024-07-27,169,67.24,11373.45,51035.12,False
ATM040,2024-07-28,117,71.17,8302.09,42733.03,False
ATM040,2024-07-29,84,73.07,6165.63,36567.39,False
ATM040,2024-07-30,90,67.61,6070.62,73929.38,True
ATM040,2024-07-31,96,71.12,6853.25,67076.14,False
ATM040,2024-08-01,110,71.18,7863.14,59213.0,False
ATM040,2024-08-02,140,70.23,9839.95,49373.04,False
ATM040,2024-08-03,155,70.37,10924.93,38448.11,False
ATM040,2024-08-04,119,68.94,8175.11,71824.89,True
ATM040,2024-08-05,102,66.11,6729.38,65095.51,False
ATM040,2024-08-06,99,70.62,7015.17,58080.34,False
ATM040,2024-08-07,80,71.67,5749.53,52330.81,False
ATM040,2024-08-08,109,68.03,7418.95,44911.86,False
ATM040,2024-08-09,139,68.55,9497.71,70502.29,True
ATM040,2024-08-10,153,68.33,10464.7,60037.59,False
ATM040,2024-08-11,129,70.78,9164.59,50873.01,False
ATM040,2024-08-12,113,70.47,7951.09,42921.92,False
ATM040,2024-08-13,101,68.15,6893.06,36028.86,False
ATM040,2024-08-14,96,69.83,6678.03,73321.97,True
ATM040,2024-08-15,111,69.9,7776.88,65545.08,False
ATM040,2024-08-16,148,70.66,10458.58,55086.5,False
ATM040,2024-08-17,158,69.15,10935.5,44151.0,False
ATM040,2024-08-18,107,72.27,7763.81,36387.19,False
ATM040,2024-08-19,95,70.69,6750.51,73249.49,True
ATM040,2024-08-20,91,72.23,6547.0,66702.49,False
ATM040,2024-08-21,83,70.64,5879.19,60823.3,False
ATM040,2024-08-22,96,70.82,6820.31,54002.98,False
ATM040,2024-08-23,151,66.9,10100.37,43902.62,False
ATM040,2024-08-24,162,70.47,11436.95,68563.05,True
ATM040,2024-08-25,115,69.78,8005.41,60557.65,False
ATM040,2024-08-26,96,72.47,6973.34,53584.31,False
ATM040,2024-08-27,90,72.13,6475.09,47109.22,False
ATM040,2024-08-28,93,72.72,6739.35,40369.86,False
ATM040,2024-08-29,107,68.6,7324.97,72675.03,True
ATM040,2024-08-30,135,69.93,9449.79,63225.24,False
ATM040,2024-08-31,145,72.95,10566.54,52658.7,False
ATM040,2024-09-01,112,68.55,7654.68,45004.01,False
ATM040,2024-09-02,99,72.49,7181.18,37822.83,False
ATM040,2024-09-03,96,72.22,6966.68,73033.32,True
ATM040,2024-09-04,96,69.86,6719.21,66314.11,False
ATM040,2024-09-05,117,73.55,8572.61,57741.5,False
ATM040,2024-09-06,148,72.32,10727.65,47013.85,False
ATM040,2024-09-07,176,67.47,11861.66,35152.19,False
ATM040,2024-09-08,111,73.14,8113.48,71886.52,True
ATM040,2024-09-09,104,69.87,7251.53,64634.99,False
ATM040,2024-09-10,104,70.78,7356.46,57278.53,False
ATM040,2024-09-11,101,70.79,7124.05,50154.48,False
ATM040,2024-09-12,108,71.29,7734.03,42420.45,False
ATM040,2024-09-13,153,73.0,11176.43,68823.57,True
ATM040,2024-09-14,153,70.75,10822.61,58000.95,False
ATM040,2024-09-15,128,69.72,8893.08,49107.87,False
ATM040,2024-09-16,92,68.09,6291.29,42816.59,False
ATM040,2024-09-17,90,69.04,6241.34,36575.25,False
ATM040,2024-09-18,89,72.16,6413.14,73586.86,True
ATM040,2024-09-19,101,72.65,7303.63,66283.23,False
ATM040,2024-09-20,136,69.26,9428.24,56854.99,False
ATM040,2024-09-21,157,71.7,11251.64,45603.35,False
ATM040,2024-09-22,128,68.87,8814.13,36789.22,False
ATM040,2024-09-23,111,66.47,7391.48,72608.52,True
ATM040,2024-09-24,105,67.18,7035.43,65573.09,False
ATM040,2024-09-25,96,72.37,6971.64,58601.45,False
ATM040,2024-09-26,119,66.56,7923.68,50677.77,False
ATM040,2024-09-27,138,71.51,9890.0,40787.78,False
ATM040,2024-09-28,166,70.58,11721.15,68278.85,True
ATM040,2024-09-29,96,72.52,6974.01,61304.84,False
ATM040,2024-09-30,108,70.34,7592.24,53712.6,False
ATM040,2024-10-01,95,71.06,6725.91,46986.7,False
ATM040,2024-10-02,106,70.53,7484.37,39502.33,False
ATM040,2024-10-03,104,70.8,7347.55,72652.45,True
ATM040,2024-10-04,146,70.0,10196.58,62455.87,False
ATM040,2024-10-05,139,71.1,9871.03,52584.84,False
ATM040,2024-10-06,122,72.14,8831.32,43753.52,False
ATM040,2024-10-07,105,69.89,7369.56,36383.96,False
ATM040,2024-10-08,92,72.5,6686.99,73313.01,True
ATM040,2024-10-09,98,73.12,7180.01,66133.01,False
ATM040,2024-10-10,104,68.57,7104.01,59029.0,False
ATM040,2024-10-11,147,68.02,9969.7,49059.3,False
ATM040,2024-10-12,143,70.98,10182.93,38876.37,False
ATM040,2024-10-13,119,70.52,8367.38,71632.62,True
ATM040,2024-10-14,106,66.93,7067.81,64564.81,False
ATM040,2024-10-15,92,69.38,6400.41,58164.4,False
ATM040,2024-10-16,101,66.93,6780.03,51384.37,False
ATM040,2024-10-17,101,69.08,6978.29,44406.08,False
ATM040,2024-10-18,156,70.55,10989.17,69010.83,True
ATM040,2024-10-19,172,69.74,11997.81,57013.02,False
ATM040,2024-10-20,115,71.05,8136.59,48876.43,False
ATM040,2024-10-21,99,68.69,6809.94,42066.49,False
ATM040,2024-10-22,87,68.74,5963.64,36102.85,False
ATM040,2024-10-23,99,72.65,7164.36,72835.64,True
ATM040,2024-10-24,106,66.36,7054.24,65781.41,False
ATM040,2024-10-25,155,70.15,10888.35,54893.06,False
ATM040,2024-10-26,160,63.47,10164.7,44728.36,False
ATM040,2024-10-27,110,69.03,7605.44,37122.92,False
ATM040,2024-10-28,89,71.45,6360.92,73639.08,True
ATM040,2024-10-29,89,70.03,6253.16,67385.93,False
ATM040,2024-10-30,114,70.25,7978.33,59407.59,False
ATM040,2024-10-31,106,69.8,7386.57,52021.03,False
ATM040,2024-11-01,177,71.14,12618.65,39402.38,False
ATM040,2024-11-02,178,69.14,12286.24,67713.76,True
ATM040,2024-11-03,132,69.41,9162.36,58551.4,False
ATM040,2024-11-04,130,71.3,9245.77,49305.63,False
ATM040,2024-11-05,107,72.61,7767.1,41538.53,False
ATM040,2024-11-06,121,66.56,8079.2,33459.33,False
ATM040,2024-11-07,142,69.67,9872.38,70127.62,True
ATM040,2024-11-08,154,66.64,10282.29,59845.33,False
ATM040,2024-11-09,214,66.67,14262.97,45582.36,False
ATM040,2024-11-10,150,70.17,10551.44,35030.92,False
ATM040,2024-11-11,123,69.46,8552.94,26477.98,False
ATM040,2024-11-12,115,70.66,8102.04,71897.96,True
ATM040,2024-11-13,117,67.76,7951.84,63946.12,False
ATM040,2024-11-14,136,66.18,9010.23,54935.89,False
ATM040,2024-11-15,183,70.41,12852.65,42083.25,False
ATM040,2024-11-16,211,64.5,13615.69,28467.56,False
ATM040,2024-11-17,129,68.94,8873.02,71126.98,True
ATM040,2024-11-18,125,68.02,8528.9,62598.08,False
ATM040,2024-11-19,134,69.45,9335.65,53262.43,False
ATM040,2024-11-20,107,69.61,7425.95,45836.48,False
ATM040,2024-11-21,122,67.51,8221.04,37615.43,False
ATM040,2024-11-22,182,71.08,12924.35,67075.65,True
ATM040,2024-11-23,188,72.68,13665.29,53410.36,False
ATM040,2024-11-24,147,67.76,9933.21,43477.15,False
ATM040,2024-11-25,126,67.63,8549.8,34927.35,False
ATM040,2024-11-26,108,69.9,7553.55,27373.8,False
ATM040,2024-11-27,119,66.24,7891.59,72108.41,True
ATM040,2024-11-28,117,69.95,8211.46,63896.95,False
ATM040,2024-11-29,159,72.37,11537.43,52359.52,False
ATM040,2024-11-30,213,67.65,14433.51,37926.01,False
ATM040,2024-12-01,131,73.32,9640.76,28285.25,False
ATM040,2024-12-02,117,69.15,8059.95,71940.05,True
ATM040,2024-12-03,119,69.42,8295.36,63644.69,False
ATM040,2024-12-04,127,68.75,8715.13,54929.56,False
ATM040,2024-12-05,119,71.66,8499.8,46429.76,False
ATM040,2024-12-06,173,70.23,12126.37,34303.39,False
ATM040,2024-12-07,166,69.26,11531.42,68468.58,True
ATM040,2024-12-08,149,68.35,10199.1,58269.48,False
ATM040,2024-12-09,121,70.56,8545.03,49724.45,False
ATM040,2024-12-10,106,72.85,7702.16,42022.3,False
ATM040,2024-12-11,112,69.43,7785.87,34236.42,False
ATM040,2024-12-12,123,70.17,8658.0,71342.0,True
ATM040,2024-12-13,190,66.91,12705.46,58636.54,False
ATM040,2024-12-14,200,70.14,14006.08,44630.45,False
ATM040,2024-12-15,133,75.02,9980.16,34650.29,False
ATM040,2024-12-16,116,67.43,7849.79,26800.51,False
ATM040,2024-12-17,112,70.74,7917.27,72082.73,True
ATM040,2024-12-18,123,68.87,8474.93,63607.8,False
ATM040,2024-12-19,124,66.78,8290.88,55316.92,False
ATM040,2024-12-20,158,69.13,10942.13,44374.79,False
ATM040,2024-12-21,176,74.34,13073.24,31301.55,False
ATM040,2024-12-22,121,70.7,8527.84,71472.16,True
ATM040,2024-12-23,110,70.47,7732.92,63739.24,False
ATM040,2024-12-24,104,72.17,7513.9,56225.34,False
ATM040,2024-12-25,123,69.76,8568.93,47656.41,False
ATM040,2024-12-26,136,71.6,9718.21,37938.2,False
ATM040,2024-12-27,190,69.91,13274.22,66725.78,True
ATM040,2024-12-28,206,68.39,14088.44,52637.34,False
ATM040,2024-12-29,121,74.58,9033.51,43603.83,False
ATM040,2024-12-30,109,69.08,7540.52,36063.31,False
ATM040,2024-12-31,100,68.22,6838.85,29224.46,False
ATM041,2024-01-01,204,71.14,14503.54,85496.46,False
ATM041,2024-01-02,186,68.34,12706.35,87293.65,True
ATM041,2024-01-03,204,73.58,15014.91,72278.73,False
ATM041,2024-01-04,252,66.54,16747.95,55530.78,False
ATM041,2024-01-05,309,73.89,22844.29,77155.71,True
ATM041,2024-01-06,283,72.27,20432.17,56723.54,False
ATM041,2024-01-07,246,69.31,17024.96,39698.58,False
ATM041,2024-01-08,202,70.93,14308.21,85691.79,True
ATM041,2024-01-09,204,72.32,14784.95,70906.84,False
ATM041,2024-01-10,182,68.64,12524.83,58382.01,False
ATM041,2024-01-11,211,73.3,15439.23,84560.77,True
ATM041,2024-01-12,253,68.72,17366.07,67194.7,False
ATM041,2024-01-13,308,67.12,20673.95,46520.75,False
ATM041,2024-01-14,261,68.88,17955.86,82044.14,True
ATM041,2024-01-15,173,69.67,12061.78,69982.35,False
ATM041,2024-01-16,237,66.21,15722.44,54259.91,False
ATM041,2024-01-17,197,73.29,14447.24,85552.76,True
ATM041,2024-01-18,206,74.05,15285.46,70267.29,False
ATM041,2024-01-19,275,73.04,20070.6,50196.69,False
ATM041,2024-01-20,358,69.93,25041.2,74958.8,True
ATM041,2024-01-21,222,67.9,15101.76,59857.04,False
ATM041,2024-01-22,169,71.25,12052.93,47804.11,False
ATM041,2024-01-23,201,70.17,14094.43,85905.57,True
ATM041,2024-01-24,189,72.85,13799.17,72106.4,False
ATM041,2024-01-25,228,68.84,15661.54,56444.87,False
ATM041,2024-01-26,286,74.3,21237.08,78762.92,True
ATM041,2024-01-27,347,69.18,24031.82,54731.1,False
ATM041,2024-01-28,235,70.97,16706.57,38024.53,False
ATM041,2024-01-29,200,68.93,13789.74,86210.26,True
ATM041,2024-01-30,186,73.19,13623.36,72586.9,False
ATM041,2024-01-31,213,69.14,14710.57,57876.32,False
ATM041,2024-02-01,106,70.02,7409.3,50467.03,False
ATM041,2024-02-02,139,70.53,9787.51,40679.52,False
ATM041,2024-02-03,142,63.6,9021.87,31657.65,False
ATM041,2024-02-04,113,68.21,7739.38,92260.62,True
ATM041,2024-02-05,84,68.27,5755.73,86504.9,False
ATM041,2024-02-06,93,70.75,6611.74,79893.16,False
ATM041,2024-02-07,94,70.95,6677.64,73215.52,False
ATM041,2024-02-08,91,71.63,6537.71,66677.82,False
ATM041,2024-02-09,143,69.75,9954.13,90045.87,True
ATM041,2024-02-10,147,71.66,10501.19,79544.68,False
ATM041,2024-02-11,100,72.28,7228.25,72316.44,False
ATM041,2024-02-12,96,70.0,6716.05,65600.39,False
ATM041,2024-02-13,103,67.28,6898.53,58701.86,False
ATM041,2024-02-14,89,68.57,6125.91,93874.09,True
ATM041,2024-02-15,843,72.48,61123.85,38876.15,True
ATM041,2024-02-16,991,76.94,76256.7,23743.3,True
ATM041,2024-02-17,1206,70.76,85362.59,14637.41,True
ATM041,2024-02-18,929,70.1,65142.5,34857.5,True
ATM041,2024-02-19,723,72.24,52216.89,47783.11,True
ATM041,2024-02-20,753,66.29,49912.84,50087.16,True
ATM041,2024-02-21,685,73.04,50005.46,49994.54,True
ATM041,2024-02-22,989,65.78,65063.82,34936.18,True
ATM041,2024-02-23,1313,65.84,86476.95,13523.05,True
ATM041,2024-02-24,1323,67.46,89245.85,10754.15,True
ATM041,2024-02-25,974,71.16,69320.72,30679.28,True
ATM041,2024-02-26,852,69.38,59112.67,40887.33,True
ATM041,2024-02-27,782,66.85,52282.4,47717.6,True
ATM041,2024-02-28,699,71.99,50326.82,49673.18,True
ATM041,2024-02-29,871,70.22,61163.12,38836.88,True
ATM041,2024-03-01,1327,67.27,89234.24,10765.76,True
ATM041,2024-03-02,1393,67.52,94039.16,5960.84,True
ATM041,2024-03-03,1015,71.14,72228.91,27771.09,True
ATM041,2024-03-04,862,68.53,59050.31,40949.69,True
ATM041,2024-03-05,832,74.2,61731.83,38268.17,True
ATM041,2024-03-06,769,72.47,55745.6,44254.4,True
ATM041,2024-03-07,867,67.34,58364.26,41635.74,True
ATM041,2024-03-08,1269,68.07,86368.43,13631.57,True
ATM041,2024-03-09,1357,72.2,98004.79,1995.21,True
ATM041,2024-03-10,941,70.38,66211.54,33788.46,True
ATM041,2024-03-11,838,70.58,59152.86,40847.14,True
ATM041,2024-03-12,771,66.82,51508.17,48491.83,True
ATM041,2024-03-13,817,70.77,57846.62,42153.38,True
ATM041,2024-03-14,1036,69.8,72293.34,27706.66,True
ATM041,2024-03-15,1180,70.68,83434.29,16565.71,True
ATM041,2024-03-16,161,67.97,10945.44,5620.28,False
ATM041,2024-03-17,78,71.74,5620.28,0.0,False
ATM041,2024-03-18,0,71.66,0.0,0.0,False
ATM041,2024-03-19,0,70.84,0.0,0.0,False
ATM041,2024-03-20,99,69.52,6857.34,93142.66,True
ATM041,2024-03-21,91,69.44,6298.27,86844.39,False
ATM041,2024-03-22,138,65.54,9017.77,77826.62,False
ATM041,2024-03-23,147,70.42,10380.22,67446.4,False
ATM041,2024-03-24,121,67.61,8181.79,59264.61,False
ATM041,2024-03-25,90,72.37,6495.7,93504.3,True
ATM041,2024-03-26,84,71.13,5953.01,87551.3,False
ATM041,2024-03-27,107,66.09,7075.1,80476.2,False
ATM041,2024-03-28,98,72.44,7106.36,73369.84,False
ATM041,2024-03-29,128,72.91,9322.54,64047.29,False
ATM041,2024-03-30,148,73.72,10932.77,89067.23,True
ATM041,2024-03-31,107,73.89,7934.58,81132.65,False
ATM041,2024-04-01,216,67.13,14503.66,85496.34,True
ATM041,2024-04-02,181,72.14,13045.05,72451.29,False
ATM041,2024-04-03,215,69.35,14926.03,57525.27,False
ATM041,2024-04-04,251,69.26,17403.35,82596.65,True
ATM041,2024-04-05,306,70.91,21710.18,60886.47,False
ATM041,2024-04-06,300,69.77,20961.64,39924.83,False
ATM041,2024-04-07,291,68.06,19797.16,80202.84,True
ATM041,2024-04-08,220,67.58,14837.56,65365.28,False
ATM041,2024-04-09,191,67.03,12772.45,52592.83,False
ATM041,2024-04-10,218,68.17,14865.95,85134.05,True
ATM041,2024-04-11,243,68.88,16761.53,68372.52,False
ATM041,2024-04-12,299,70.86,21208.52,47164.01,False
ATM041,2024-04-13,292,70.43,20545.58,79454.42,True
ATM041,2024-04-14,237,72.39,17174.2,62280.23,False
ATM041,2024-04-15,194,68.28,13279.69,49000.54,False
ATM041,2024-04-16,196,72.97,14278.39,85721.61,True
ATM041,2024-04-17,198,67.41,13352.76,72368.85,False
ATM041,2024-04-18,221,67.87,15002.11,57366.74,False
ATM041,2024-04-19,319,67.73,21612.84,78387.16,True
ATM041,2024-04-20,350,70.45,24629.14,53758.02,False
ATM041,2024-04-21,277,64.91,17978.96,35779.06,False
ATM041,2024-04-22,173,72.71,12557.65,87442.35,True
ATM041,2024-04-23,194,66.92,12964.47,74477.88,False
ATM041,2024-04-24,195,70.51,13722.12,60755.76,False
ATM041,2024-04-25,214,70.98,15169.71,84830.29,True
ATM041,2024-04-26,305,70.59,21514.3,63315.99,False
ATM041,2024-04-27,361,69.97,25285.04,38030.94,False
ATM041,2024-04-28,233,71.69,16707.62,83292.38,True
ATM041,2024-04-29,217,68.1,14762.45,68529.93,False
ATM041,2024-04-30,191,70.92,13546.54,54983.4,False
ATM041,2024-05-01,88,68.87,6071.85,48911.55,False
ATM041,2024-05-02,99,63.95,6324.95,42586.6,False
ATM041,2024-05-03,132,70.27,9307.31,33279.29,False
ATM041,2024-05-04,133,72.89,9686.09,90313.91,True
ATM041,2024-05-05,98,71.92,7079.4,83234.51,False
ATM041,2024-05-06,89,74.57,6647.56,76586.95,False
ATM041,2024-05-07,96,66.96,6436.02,70150.93,False
ATM041,2024-05-08,93,73.56,6811.05,63339.88,False
ATM041,2024-05-09,86,71.34,6158.6,93841.4,True
ATM041,2024-05-10,146,69.55,10147.3,83694.1,False
ATM041,2024-05-11,127,69.38,8827.16,74866.94,False
ATM041,2024-05-12,100,73.21,7313.95,67553.0,False
ATM041,2024-05-13,93,69.13,6415.66,61137.34,False
ATM041,2024-05-14,84,70.68,5948.06,94051.94,True
ATM041,2024-05-15,93,68.34,6351.69,87700.24,False
ATM041,2024-05-16,103,68.83,7102.07,80598.18,False
ATM041,2024-05-17,112,71.4,7968.75,72629.43,False
ATM041,2024-05-18,155,70.42,10886.16,61743.27,False
ATM041,2024-05-19,106,69.85,7385.25,92614.75,True
ATM041,2024-05-20,100,68.67,6836.62,85778.13,False
ATM041,2024-05-21,98,66.9,6581.72,79196.4,False
ATM041,2024-05-22,91,70.05,6401.37,72795.03,False
ATM041,2024-05-23,110,68.07,7478.95,65316.08,False
ATM041,2024-05-24,135,67.07,9027.71,90972.29,True
ATM041,2024-05-25,142,70.54,10051.26,80921.03,False
ATM041,2024-05-26,97,69.07,6716.78,74204.25,False
ATM041,2024-05-27,97,69.78,6737.57,67466.68,False
ATM041,2024-05-28,93,66.84,6230.06,61236.62,False
ATM041,2024-05-29,90,70.06,6282.31,93717.69,True
ATM041,2024-05-30,98,70.32,6892.57,86825.13,False
ATM041,2024-05-31,135,69.04,9349.72,77475.4,False
ATM041,2024-06-01,135,72.05,9723.89,67751.51,False
ATM041,2024-06-02,99,70.33,6990.78,60760.73,False
ATM041,2024-06-03,101,72.31,7329.21,92670.79,True
ATM041,2024-06-04,91,70.52,6422.3,86248.49,False
ATM041,2024-06-05,92,68.11,6270.13,79978.36,False
ATM041,2024-06-06,96,71.21,6849.23,73129.13,False
ATM041,2024-06-07,137,71.66,9818.47,63310.66,False
ATM041,2024-06-08,163,69.67,11390.12,88609.88,True
ATM041,2024-06-09,117,66.01,7720.56,80889.31,False
ATM041,2024-06-10,109,69.13,7560.05,73329.27,False
ATM041,2024-06-11,94,69.13,6486.61,66842.66,False
ATM041,2024-06-12,88,69.5,6135.54,60707.11,False
ATM041,2024-06-13,99,64.79,6390.08,93609.92,True
ATM041,2024-06-14,146,71.15,10362.19,83247.73,False
ATM041,2024-06-15,138,70.95,9808.6,73439.13,False
ATM041,2024-06-16,118,68.54,8069.84,65369.29,False
ATM041,2024-06-17,92,72.11,6644.39,58724.9,False
ATM041,2024-06-18,79,71.12,5603.75,94396.25,True
ATM041,2024-06-19,88,73.95,6489.9,87906.34,False
ATM041,2024-06-20,105,69.14,7249.24,80657.1,False
ATM041,2024-06-21,126,74.25,9358.85,71298.25,False
ATM041,2024-06-22,143,71.23,10201.45,61096.8,False
ATM041,2024-06-23,104,72.27,7491.52,92508.48,True
ATM041,2024-06-24,100,69.95,6987.27,85521.21,False
ATM041,2024-06-25,87,69.1,6023.38,79497.83,False
ATM041,2024-06-26,80,70.21,5605.97,73891.86,False
ATM041,2024-06-27,103,68.29,7011.36,66880.5,False
ATM041,2024-06-28,119,70.43,8402.66,91597.34,True
ATM041,2024-06-29,151,70.83,10704.38,80892.95,False
ATM041,2024-06-30,100,70.83,7107.58,73785.37,False
ATM041,2024-07-01,89,71.82,6375.37,67410.0,False
ATM041,2024-07-02,80,72.42,5788.56,61621.43,False
ATM041,2024-07-03,100,70.24,7031.78,92968.22,True
ATM041,2024-07-04,100,71.65,7171.84,85796.38,False
ATM041,2024-07-05,129,68.98,8892.31,76904.08,False
ATM041,2024-07-06,143,74.26,10593.76,66310.32,False
ATM041,2024-07-07,95,73.44,7005.74,59304.57,False
ATM041,2024-07-08,91,69.93,6368.84,93631.16,True
ATM041,2024-07-09,91,74.25,6748.93,86882.22,False
ATM041,2024-07-10,90,72.45,6516.52,80365.71,False
ATM041,2024-07-11,95,68.89,6537.03,73828.68,False
ATM041,2024-07-12,126,68.92,8691.23,65137.45,False
ATM041,2024-07-13,154,70.45,10880.11,89119.89,True
ATM041,2024-07-14,116,74.31,8596.5,80523.39,False
ATM041,2024-07-15,93,68.57,6394.18,74129.21,False
ATM041,2024-07-16,93,72.65,6721.58,67407.63,False
ATM041,2024-07-17,91,71.48,6524.92,60882.71,False
ATM041,2024-07-18,107,67.92,7245.24,92754.76,True
ATM041,2024-07-19,126,69.89,8773.06,83981.7,False
ATM041,2024-07-20,146,70.58,10311.97,73669.73,False
ATM041,2024-07-21,114,66.42,7547.92,66121.8,False
ATM041,2024-07-22,78,71.55,5568.3,60553.5,False
ATM041,2024-07-23,85,69.51,5916.39,94083.61,True
ATM041,2024-07-24,89,68.08,6084.12,87999.49,False
ATM041,2024-07-25,90,72.14,6528.09,81471.4,False
ATM041,2024-07-26,132,71.33,9395.63,72075.76,False
ATM041,2024-07-27,156,70.66,11036.47,61039.29,False
ATM041,2024-07-28,115,70.03,8057.48,91942.52,True
ATM041,2024-07-29,99,71.73,7102.24,84840.28,False
ATM041,2024-07-30,97,68.03,6626.47,78213.81,False
ATM041,2024-07-31,97,66.15,6444.12,71769.69,False
ATM041,2024-08-01,112,68.69,7690.43,64079.26,False
ATM041,2024-08-02,138,67.13,9235.52,90764.48,True
ATM041,2024-08-03,150,69.44,10431.51,80332.98,False
ATM041,2024-08-04,121,71.8,8654.22,71678.76,False
ATM041,2024-08-05,94,66.5,6227.14,65451.62,False
ATM041,2024-08-06,78,67.84,5281.79,60169.83,False
ATM041,2024-08-07,81,70.73,5763.56,94236.44,True
ATM041,2024-08-08,99,70.04,6901.63,87334.8,False
ATM041,2024-08-09,127,70.32,8940.23,78394.58,False
ATM041,2024-08-10,136,69.81,9468.22,68926.35,False
ATM041,2024-08-11,117,69.23,8073.4,60852.95,False
ATM041,2024-08-12,101,65.85,6659.19,93340.81,True
ATM041,2024-08-13,76,70.69,5366.23,87974.58,False
ATM041,2024-08-14,98,69.5,6807.55,81167.03,False
ATM041,2024-08-15,121,66.97,8101.66,73065.37,False
ATM041,2024-08-16,130,70.29,9110.13,63955.24,False
ATM041,2024-08-17,157,68.77,10803.56,89196.44,True
ATM041,2024-08-18,99,71.3,7073.17,82123.26,False
ATM041,2024-08-19,94,69.28,6516.06,75607.2,False
ATM041,2024-08-20,92,69.71,6417.56,69189.64,False
ATM041,2024-08-21,90,69.63,6264.88,62924.76,False
ATM041,2024-08-22,97,68.06,6582.6,93417.4,True
ATM041,2024-08-23,131,70.07,9209.05,84208.35,False
ATM041,2024-08-24,127,71.98,9174.06,75034.28,False
ATM041,2024-08-25,113,67.76,7627.41,67406.87,False
ATM041,2024-08-26,103,70.09,7229.03,60177.84,False
ATM041,2024-08-27,77,73.3,5644.38,94355.62,True
ATM041,2024-08-28,102,68.09,6955.84,87399.78,False
ATM041,2024-08-29,99,69.04,6816.16,80583.62,False
ATM041,2024-08-30,118,70.68,8370.58,72213.04,False
ATM041,2024-08-31,155,71.38,11095.39,61117.65,False
ATM041,2024-09-01,106,71.98,7635.06,92364.94,True
ATM041,2024-09-02,81,73.82,5962.38,86402.56,False
ATM041,2024-09-03,86,68.61,5871.3,80531.27,False
ATM041,2024-09-04,89,68.64,6076.78,74454.48,False
ATM041,2024-09-05,99,69.51,6878.59,67575.89,False
ATM041,2024-09-06,141,68.28,9641.34,90358.66,True
ATM041,2024-09-07,156,67.71,10580.7,79777.95,False
ATM041,2024-09-08,112,71.51,8018.34,71759.62,False
ATM041,2024-09-09,94,68.64,6452.96,65306.66,False
ATM041,2024-09-10,93,68.14,6333.8,58972.86,False
ATM041,2024-09-11,91,69.68,6341.77,93658.23,True
ATM041,2024-09-12,124,67.42,8381.26,85276.97,False
ATM041,2024-09-13,115,68.66,7926.99,77349.97,False
ATM041,2024-09-14,135,68.47,9274.63,68075.35,False
ATM041,2024-09-15,102,68.1,6956.15,61119.2,False
ATM041,2024-09-16,83,72.02,5991.85,94008.15,True
ATM041,2024-09-17,85,72.26,6176.33,87831.82,False
ATM041,2024-09-18,88,71.95,6344.41,81487.41,False
ATM041,2024-09-19,93,73.35,6826.11,74661.3,False
ATM041,2024-09-20,144,68.36,9874.48,64786.83,False
ATM041,2024-09-21,156,70.06,10921.25,89078.75,True
ATM041,2024-09-22,107,70.2,7510.35,81568.4,False
ATM041,2024-09-23,104,65.55,6804.14,74764.26,False
ATM041,2024-09-24,85,71.43,6046.96,68717.3,False
ATM041,2024-09-25,95,67.63,6437.35,62279.96,False
ATM041,2024-09-26,80,73.57,5907.14,94092.86,True
ATM041,2024-09-27,129,73.18,9429.94,84662.92,False
ATM041,2024-09-28,162,68.33,11056.48,73606.44,False
ATM041,2024-09-29,93,69.03,6393.98,67212.46,False
ATM041,2024-09-30,91,70.95,6438.76,60773.69,False
ATM041,2024-10-01,81,70.37,5733.69,94266.31,True
ATM041,2024-10-02,89,72.07,6405.62,87860.69,False
ATM041,2024-10-03,96,70.93,6823.88,81036.81,False
ATM041,2024-10-04,136,71.84,9749.11,71287.7,False
ATM041,2024-10-05,155,63.55,9874.7,61413.0,False
ATM041,2024-10-06,108,69.51,7492.31,92507.69,True
ATM041,2024-10-07,89,66.83,5953.13,86554.56,False
ATM041,2024-10-08,85,69.76,5952.98,80601.57,False
ATM041,2024-10-09,98,65.2,6368.86,74232.71,False
ATM041,2024-10-10,85,72.37,6166.66,68066.06,False
ATM041,2024-10-11,135,69.99,9428.27,90571.73,True
ATM041,2024-10-12,136,69.99,9526.16,81045.57,False
ATM041,2024-10-13,108,68.7,7419.87,73625.7,False
ATM041,2024-10-14,85,68.18,5827.66,67798.04,False
ATM041,2024-10-15,103,69.27,7114.7,60683.35,False
ATM041,2024-10-16,96,69.59,6685.99,93314.01,True
ATM041,2024-10-17,99,68.66,6821.34,86492.67,False
ATM041,2024-10-18,148,70.78,10497.95,75994.72,False
ATM041,2024-10-19,143,69.17,9895.67,66099.05,False
ATM041,2024-10-20,128,64.04,8213.44,57885.62,False
ATM041,2024-10-21,93,71.13,6597.42,93402.58,True
ATM041,2024-10-22,84,70.32,5880.48,87522.1,False
ATM041,2024-10-23,97,67.41,6552.87,80969.23,False
ATM041,2024-10-24,105,70.62,7395.27,73573.96,False
ATM041,2024-10-25,135,70.22,9452.48,64121.48,False
ATM041,2024-10-26,147,74.86,10988.76,89011.24,True
ATM041,2024-10-27,111,71.7,7949.86,81061.38,False
ATM041,2024-10-28,88,73.99,6543.62,74517.76,False
ATM041,2024-10-29,84,66.35,5592.92,68924.84,False
ATM041,2024-10-30,90,71.39,6394.59,62530.24,False
ATM041,2024-10-31,83,69.99,5822.22,94177.78,True
ATM041,2024-11-01,156,71.56,11132.47,83045.32,False
ATM041,2024-11-02,192,66.2,12716.44,70328.88,False
ATM041,2024-11-03,122,68.31,8334.21,61994.67,False
ATM041,2024-11-04,113,70.79,8021.97,53972.7,False
ATM041,2024-11-05,100,70.3,7001.93,92998.07,True
ATM041,2024-11-06,93,74.3,6932.32,86065.75,False
ATM041,2024-11-07,120,71.65,8564.48,77501.27,False
ATM041,2024-11-08,172,72.13,12414.64,65086.62,False
ATM041,2024-11-09,178,69.61,12367.73,52718.89,False
ATM041,2024-11-10,140,70.06,9837.01,90162.99,True
ATM041,2024-11-11,98,74.13,7228.46,82934.52,False
ATM041,2024-11-12,103,66.36,6849.13,76085.4,False
ATM041,2024-11-13,117,68.46,8002.46,68082.93,False
ATM041,2024-11-14,115,73.82,8481.4,59601.53,False
ATM041,2024-11-15,146,69.91,10239.58,89760.42,True
ATM041,2024-11-16,192,71.43,13690.78,76069.64,False
ATM041,2024-11-17,118,75.02,8876.3,67193.34,False
ATM041,2024-11-18,107,70.83,7566.92,59626.42,False
ATM041,2024-11-19,114,72.06,8207.85,51418.57,False
ATM041,2024-11-20,120,68.11,8188.87,91811.13,True
ATM041,2024-11-21,127,70.36,8965.57,82845.57,False
ATM041,2024-11-22,152,70.47,10700.55,72145.01,False
ATM041,2024-11-23,169,73.92,12505.91,59639.1,False
ATM041,2024-11-24,135,68.36,9231.88,50407.22,False
ATM041,2024-11-25,102,69.9,7096.9,92903.1,True
ATM041,2024-11-26,97,68.5,6655.15,86247.96,False
ATM041,2024-11-27,106,69.11,7338.7,78909.25,False
ATM041,2024-11-28,126,68.45,8656.43,70252.82,False
ATM041,2024-11-29,143,66.46,9483.95,60768.87,False
ATM041,2024-11-30,179,68.77,12325.09,87674.91,True
ATM041,2024-12-01,111,74.11,8243.34,79431.58,False
ATM041,2024-12-02,116,69.88,8072.56,71359.02,False
ATM041,2024-12-03,107,69.44,7433.28,63925.74,False
ATM041,2024-12-04,95,72.16,6837.95,57087.79,False
ATM041,2024-12-05,133,65.85,8732.15,91267.85,True
ATM041,2024-12-06,162,70.71,11454.13,79813.72,False
ATM041,2024-12-07,162,74.4,12065.65,67748.06,False
ATM041,2024-12-08,149,69.21,10331.37,57416.7,False
ATM041,2024-12-09,108,69.29,7499.68,49917.02,False
ATM041,2024-12-10,103,68.07,7006.53,92993.47,True
ATM041,2024-12-11,104,74.12,7734.84,85258.63,False
ATM041,2024-12-12,128,71.66,9169.88,76088.74,False
ATM041,2024-12-13,144,66.08,9525.78,66562.96,False
ATM041,2024-12-14,181,73.4,13294.83,53268.13,False
ATM041,2024-12-15,135,69.36,9343.99,90656.01,True
ATM041,2024-12-16,117,71.58,8373.89,82282.11,False
ATM041,2024-12-17,120,66.1,7918.94,74363.17,False
ATM041,2024-12-18,104,73.73,7646.81,66716.36,False
ATM041,2024-12-19,119,71.99,8536.41,58179.95,False
ATM041,2024-12-20,161,70.22,11302.75,88697.25,True
ATM041,2024-12-21,198,68.59,13613.49,75083.76,False
ATM041,2024-12-22,123,69.0,8518.48,66565.29,False
ATM041,2024-12-23,115,66.62,7630.09,58935.2,False
ATM041,2024-12-24,110,69.66,7696.84,51238.36,False
ATM041,2024-12-25,121,65.55,7924.93,92075.07,True
ATM041,2024-12-26,120,72.81,8735.94,83339.13,False
ATM041,2024-12-27,166,70.06,11625.47,71713.66,False
ATM041,2024-12-28,180,72.67,13110.96,58602.7,False
ATM041,2024-12-29,131,71.26,9323.86,49278.84,False
ATM041,2024-12-30,119,71.6,8554.38,91445.62,True
ATM041,2024-12-31,95,72.66,6914.48,84531.14,False
ATM042,2024-01-01,109,72.03,7863.97,72136.03,True
ATM042,2024-01-02,121,70.05,8468.96,63667.08,False
ATM042,2024-01-03,123,70.35,8634.75,55032.32,False
ATM042,2024-01-04,132,70.42,9299.14,45733.18,False
ATM042,2024-01-05,151,74.04,11160.51,34572.66,False
ATM042,2024-01-06,177,68.62,12134.88,22437.79,False
ATM042,2024-01-07,116,72.66,8435.1,14002.69,False
ATM042,2024-01-08,123,70.78,8671.58,71328.42,True
ATM042,2024-01-09,100,69.99,6994.45,64333.97,False
ATM042,2024-01-10,110,67.84,7488.91,56845.06,False
ATM042,2024-01-11,115,71.06,8146.17,48698.89,False
ATM042,2024-01-12,157,70.61,11072.78,37626.11,False
ATM042,2024-01-13,152,73.53,11166.22,26459.89,False
ATM042,2024-01-14,125,71.83,8961.39,17498.5,False
ATM042,2024-01-15,112,70.85,7909.13,72090.87,True
ATM042,2024-01-16,101,68.4,6922.3,65168.57,False
ATM042,2024-01-17,104,70.05,7264.19,57904.38,False
ATM042,2024-01-18,130,70.91,9249.8,48654.58,False
ATM042,2024-01-19,155,70.18,10846.34,37808.24,False
ATM042,2024-01-20,182,69.26,12573.5,25234.74,False
ATM042,2024-01-21,128,71.6,9200.38,16034.36,False
ATM042,2024-01-22,107,69.27,7421.75,72578.25,True
ATM042,2024-01-23,113,70.98,8026.4,64551.85,False
ATM042,2024-01-24,115,73.02,8365.74,56186.11,False
ATM042,2024-01-25,109,70.61,7663.99,48522.12,False
ATM042,2024-01-26,165,67.48,11148.39,37373.74,False
ATM042,2024-01-27,172,69.37,11965.08,25408.66,False
ATM042,2024-01-28,131,68.73,9022.37,16386.28,False
ATM042,2024-01-29,104,75.14,7797.9,72202.1,True
ATM042,2024-01-30,92,72.39,6640.73,65561.37,False
ATM042,2024-01-31,111,69.08,7639.41,57921.95,False
ATM042,2024-02-01,85,71.6,6099.3,51822.65,False
ATM042,2024-02-02,121,71.74,8702.95,43119.7,False
ATM042,2024-02-03,177,67.31,11903.2,31216.5,False
ATM042,2024-02-04,119,70.05,8329.37,22887.13,False
ATM042,2024-02-05,83,67.47,5617.54,74382.46,True
ATM042,2024-02-06,89,70.84,6322.67,68059.79,False
ATM042,2024-02-07,81,70.07,5706.68,62353.11,False
ATM042,2024-02-08,103,72.1,7441.69,54911.42,False
ATM042,2024-02-09,132,70.92,9352.39,45559.03,False
ATM042,2024-02-10,158,71.79,11358.71,34200.33,False
ATM042,2024-02-11,116,70.24,8169.46,26030.87,False
ATM042,2024-02-12,92,70.57,6461.57,73538.43,True
ATM042,2024-02-13,82,72.34,5919.21,67619.23,False
ATM042,2024-02-14,83,68.94,5726.8,61892.43,False
ATM042,2024-02-15,150,70.99,10650.67,51241.76,False
ATM042,2024-02-16,210,73.13,15321.66,35920.1,False
ATM042,2024-02-17,235,68.49,16103.99,19816.11,False
ATM042,2024-02-18,167,69.33,11548.55,68451.45,True
ATM042,2024-02-19,151,67.76,10253.24,58198.21,False
ATM042,2024-02-20,128,73.41,9375.47,48822.74,False
ATM042,2024-02-21,145,67.79,9811.8,39010.95,False
ATM042,2024-02-22,160,65.31,10426.75,69573.25,True
ATM042,2024-02-23,198,73.46,14572.27,55000.98,False
ATM042,2024-02-24,220,66.94,14739.96,40261.02,False
ATM042,2024-02-25,155,71.93,11144.93,29116.09,False
ATM042,2024-02-26,157,70.94,11139.79,68860.21,True
ATM042,2024-02-27,124,69.95,8674.28,60185.93,False
ATM042,2024-02-28,158,69.35,10981.98,49203.95,False
ATM042,2024-02-29,153,70.51,10783.23,38420.72,False
ATM042,2024-03-01,182,72.1,13131.71,66868.29,True
ATM042,2024-03-02,258,65.81,17002.97,49865.32,False
ATM042,2024-03-03,156,67.96,10628.8,39236.52,False
ATM042,2024-03-04,152,68.42,10418.5,28818.03,False
ATM042,2024-03-05,140,69.62,9761.74,70238.26,True
ATM042,2024-03-06,137,71.04,9737.43,60500.82,False
ATM042,2024-03-07,156,69.96,10883.23,49617.6,False
ATM042,2024-03-08,212,70.46,14971.32,34646.28,False
ATM042,2024-03-09,228,69.09,15783.23,64216.77,True
ATM042,2024-03-10,193,69.07,13307.71,50909.06,False
ATM042,2024-03-11,159,68.56,10879.58,40029.48,False
ATM042,2024-03-12,136,73.75,10045.14,29984.34,False
ATM042,2024-03-13,138,68.6,9462.82,70537.18,True
ATM042,2024-03-14,148,69.96,10361.67,60175.51,False
ATM042,2024-03-15,214,69.92,14965.86,45209.66,False
ATM042,2024-03-16,138,74.1,10231.95,34977.71,False
ATM042,2024-03-17,110,68.7,7568.32,27409.38,False
ATM042,2024-03-18,96,71.78,6893.81,73106.19,True
ATM042,2024-03-19,93,74.05,6893.23,66212.96,False
ATM042,2024-03-20,94,69.39,6530.77,59682.19,False
ATM042,2024-03-21,90,68.03,6149.02,53533.17,False
ATM042,2024-03-22,145,67.52,9768.17,43765.0,False
ATM042,2024-03-23,134,70.14,9430.56,34334.44,False
ATM042,2024-03-24,117,69.48,8104.14,26230.29,False
ATM042,2024-03-25,97,71.29,6925.87,73074.13,True
ATM042,2024-03-26,91,74.56,6767.37,66306.76,False
ATM042,2024-03-27,107,71.54,7654.3,58652.47,False
ATM042,2024-03-28,97,70.13,6802.29,51850.18,False
ATM042,2024-03-29,158,68.12,10747.34,41102.84,False
ATM042,2024-03-30,167,69.64,11661.01,29441.83,False
ATM042,2024-03-31,114,68.3,7798.27,21643.57,False
ATM042,2024-04-01,102,69.41,7114.6,72885.4,True
ATM042,2024-04-02,120,68.53,8208.73,64676.67,False
ATM042,2024-04-03,124,68.8,8563.28,56113.39,False
ATM042,2024-04-04,111,70.53,7822.43,48290.96,False
ATM042,2024-04-05,172,70.39,12114.3,36176.66,False
ATM042,2024-04-06,174,73.37,12778.99,23397.67,False
ATM042,2024-04-07,134,69.01,9271.71,14125.96,False
ATM042,2024-04-08,99,72.67,7210.24,72789.76,True
ATM042,2024-04-09,105,69.31,7273.15,65516.61,False
ATM042,2024-04-10,111,74.31,8233.72,57282.88,False
ATM042,2024-04-11,123,69.71,8579.4,48703.49,False
ATM042,2024-04-12,167,69.04,11547.35,37156.14,False
ATM042,2024-04-13,178,69.26,12333.59,24822.55,False
ATM042,2024-04-14,141,69.81,9816.6,15005.94,False
ATM042,2024-04-15,123,69.76,8584.53,71415.47,True
ATM042,2024-04-16,100,72.68,7303.08,64112.4,False
ATM042,2024-04-17,110,69.73,7660.79,56451.61,False
ATM042,2024-04-18,116,73.08,8449.61,48002.0,False
ATM042,2024-04-19,163,72.62,11802.1,36199.9,False
ATM042,2024-04-20,172,72.29,12438.69,23761.21,False
ATM042,2024-04-21,130,71.85,9364.84,14396.37,False
ATM042,2024-04-22,123,68.02,8351.78,71648.22,True
ATM042,2024-04-23,105,72.01,7530.98,64117.24,False
ATM042,2024-04-24,114,72.63,8271.04,55846.2,False
ATM042,2024-04-25,116,73.23,8491.8,47354.39,False
ATM042,2024-04-26,165,66.86,11032.52,36321.87,False
ATM042,2024-04-27,171,72.51,12401.32,23920.55,False
ATM042,2024-04-28,128,66.91,8535.97,15384.58,False
ATM042,2024-04-29,97,71.55,6919.71,73080.29,True
ATM042,2024-04-30,95,71.15,6771.04,66309.25,False
ATM042,2024-05-01,91,68.38,6229.64,60079.6,False
ATM042,2024-05-02,93,70.43,6550.48,53529.12,False
ATM042,2024-05-03,130,69.99,9131.58,44397.54,False
ATM042,2024-05-04,152,71.29,10837.5,33560.03,False
ATM042,2024-05-05,116,70.35,8194.02,25366.01,False
ATM042,2024-05-06,85,70.98,6043.49,73956.51,True
ATM042,2024-05-07,94,69.62,6537.8,67418.71,False
ATM042,2024-05-08,83,75.2,6247.19,61171.52,False
ATM042,2024-05-09,90,71.04,6416.9,54754.62,False
ATM042,2024-05-10,150,69.28,10357.93,44396.69,False
ATM042,2024-05-11,151,69.16,10413.66,33983.03,False
ATM042,2024-05-12,107,71.89,7675.38,26307.65,False
ATM042,2024-05-13,84,76.53,6414.84,73585.16,True
ATM042,2024-05-14,83,72.89,6049.49,67535.67,False
ATM042,2024-05-15,94,70.23,6621.75,60913.92,False
ATM042,2024-05-16,117,66.64,7786.58,53127.33,False
ATM042,2024-05-17,145,68.5,9917.42,43209.92,False
ATM042,2024-05-18,148,68.99,10220.49,32989.42,False
ATM042,2024-05-19,108,66.53,7174.51,25814.91,False
ATM042,2024-05-20,96,69.86,6683.91,73316.09,True
ATM042,2024-05-21,85,71.59,6114.27,67201.83,False
ATM042,2024-05-22,95,69.44,6579.25,60622.58,False
ATM042,2024-05-23,121,72.14,8697.31,51925.27,False
ATM042,2024-05-24,165,69.13,11423.43,40501.84,False
ATM042,2024-05-25,159,67.4,10723.02,29778.82,False
ATM042,2024-05-26,109,68.77,7499.74,22279.07,False
ATM042,2024-05-27,117,68.55,8021.88,71978.12,True
ATM042,2024-05-28,92,66.95,6142.82,65835.3,False
ATM042,2024-05-29,97,68.11,6617.03,59218.27,False
ATM042,2024-05-30,113,66.24,7491.34,51726.93,False
ATM042,2024-05-31,144,66.12,9544.99,42181.94,False
ATM042,2024-06-01,147,69.4,10181.56,32000.38,False
ATM042,2024-06-02,107,68.95,7360.08,24640.31,False
ATM042,2024-06-03,93,74.57,6962.02,73037.98,True
ATM042,2024-06-04,94,68.19,6394.37,66643.61,False
ATM042,2024-06-05,92,69.26,6403.03,60240.59,False
ATM042,2024-06-06,106,70.6,7476.06,52764.52,False
ATM042,2024-06-07,119,72.31,8619.99,44144.53,False
ATM042,2024-06-08,154,73.14,11275.06,32869.47,False
ATM042,2024-06-09,105,70.63,7402.75,25466.72,False
ATM042,2024-06-10,86,69.89,5986.78,74013.22,True
ATM042,2024-06-11,94,68.66,6420.24,67592.98,False
ATM042,2024-06-12,93,70.35,6528.97,61064.01,False
ATM042,2024-06-13,93,72.93,6807.06,54256.95,False
ATM042,2024-06-14,135,70.28,9469.91,44787.05,False
ATM042,2024-06-15,134,71.09,9508.93,35278.12,False
ATM042,2024-06-16,103,72.01,7423.27,27854.85,False
ATM042,2024-06-17,84,70.9,5934.05,74065.95,True
ATM042,2024-06-18,75,71.29,5359.78,68706.17,False
ATM042,2024-06-19,89,70.84,6296.85,62409.32,False
ATM042,2024-06-20,99,68.01,6735.81,55673.51,False
ATM042,2024-06-21,133,70.4,9338.21,46335.3,False
ATM042,2024-06-22,155,70.64,10971.21,35364.1,False
ATM042,2024-06-23,97,73.86,7188.12,28175.98,False
ATM042,2024-06-24,97,68.69,6657.77,73342.23,True
ATM042,2024-06-25,91,70.54,6432.49,66909.74,False
ATM042,2024-06-26,91,69.39,6296.61,60613.13,False
ATM042,2024-06-27,102,73.63,7526.2,53086.93,False
ATM042,2024-06-28,115,72.58,8347.9,44739.03,False
ATM042,2024-06-29,150,70.5,10551.93,34187.09,False
ATM042,2024-06-30,131,64.42,8436.92,25750.17,False
ATM042,2024-07-01,95,72.69,6886.23,73113.77,True
ATM042,2024-07-02,89,67.07,5950.43,67163.35,False
ATM042,2024-07-03,108,66.31,7149.77,60013.58,False
ATM042,2024-07-04,100,72.15,7233.73,52779.85,False
ATM042,2024-07-05,139,71.19,9897.6,42882.25,False
ATM042,2024-07-06,146,70.97,10343.55,32538.7,False
ATM042,2024-07-07,106,68.78,7303.91,25234.8,False
ATM042,2024-07-08,98,66.77,6520.66,73479.34,True
ATM042,2024-07-09,100,64.79,6501.67,66977.67,False
ATM042,2024-07-10,92,70.96,6538.33,60439.33,False
ATM042,2024-07-11,99,67.41,6644.79,53794.55,False
ATM042,2024-07-12,131,71.34,9355.44,44439.1,False
ATM042,2024-07-13,160,67.67,10795.32,33643.78,False
ATM042,2024-07-14,110,70.55,7732.25,25911.53,False
ATM042,2024-07-15,97,67.93,6605.2,73394.8,True
ATM042,2024-07-16,88,71.93,6312.71,67082.08,False
ATM042,2024-07-17,93,70.86,6618.53,60463.56,False
ATM042,2024-07-18,112,70.35,7880.86,52582.7,False
ATM042,2024-07-19,133,68.24,9075.66,43507.04,False
ATM042,2024-07-20,159,66.98,10667.87,32839.17,False
ATM042,2024-07-21,106,70.97,7509.99,25329.18,False
ATM042,2024-07-22,106,66.76,7060.16,72939.84,True
ATM042,2024-07-23,90,69.86,6287.74,66652.1,False
ATM042,2024-07-24,91,70.3,6391.13,60260.97,False
ATM042,2024-07-25,96,72.92,7009.26,53251.71,False
ATM042,2024-07-26,141,74.5,10502.46,42749.25,False
ATM042,2024-07-27,152,69.14,10529.43,32219.82,False
ATM042,2024-07-28,104,68.91,7172.53,25047.28,False
ATM042,2024-07-29,95,71.82,6838.09,73161.91,True
ATM042,2024-07-30,95,68.6,6546.64,66615.27,False
ATM042,2024-07-31,82,74.11,6086.97,60528.3,False
ATM042,2024-08-01,91,72.97,6627.38,53900.92,False
ATM042,2024-08-02,145,68.46,9903.13,43997.8,False
ATM042,2024-08-03,141,68.55,9698.78,34299.02,False
ATM042,2024-08-04,116,68.09,7902.95,26396.06,False
ATM042,2024-08-05,104,69.56,7252.14,72747.86,True
ATM042,2024-08-06,92,71.3,6558.08,66189.78,False
ATM042,2024-08-07,103,69.08,7140.75,59049.03,False
ATM042,2024-08-08,106,67.06,7077.18,51971.85,False
ATM042,2024-08-09,134,72.39,9696.36,42275.49,False
ATM042,2024-08-10,143,74.86,10700.36,31575.14,False
ATM042,2024-08-11,116,68.87,7959.63,23615.51,False
ATM042,2024-08-12,100,66.93,6715.32,73284.68,True
ATM042,2024-08-13,88,67.44,5904.63,67380.05,False
ATM042,2024-08-14,91,69.87,6381.56,60998.48,False
ATM042,2024-08-15,110,69.79,7643.13,53355.36,False
ATM042,2024-08-16,122,73.27,8974.2,44381.16,False
ATM042,2024-08-17,122,70.08,8574.47,35806.69,False
ATM042,2024-08-18,111,69.98,7793.07,28013.62,False
ATM042,2024-08-19,96,70.23,6736.19,73263.81,True
ATM042,2024-08-20,94,68.74,6466.55,66797.26,False
ATM042,2024-08-21,82,69.9,5755.48,61041.79,False
ATM042,2024-08-22,95,68.47,6537.75,54504.04,False
ATM042,2024-08-23,143,73.27,10441.98,44062.07,False
ATM042,2024-08-24,159,72.01,11414.72,32647.35,False
ATM042,2024-08-25,107,72.13,7707.54,24939.81,False
ATM042,2024-08-26,90,74.09,6668.41,73331.59,True
ATM042,2024-08-27,82,71.41,5855.6,67475.99,False
ATM042,2024-08-28,82,71.42,5834.48,61641.51,False
ATM042,2024-08-29,92,67.45,6228.35,55413.16,False
ATM042,2024-08-30,125,70.53,8799.95,46613.2,False
ATM042,2024-08-31,144,75.15,10802.0,35811.21,False
ATM042,2024-09-01,106,71.62,7626.37,28184.84,False
ATM042,2024-09-02,92,71.45,6578.12,73421.88,True
ATM042,2024-09-03,87,72.31,6307.39,67114.49,False
ATM042,2024-09-04,91,64.86,5921.55,61192.94,False
ATM042,2024-09-05,109,66.21,7233.1,53959.84,False
ATM042,2024-09-06,153,68.85,10552.38,43407.46,False
ATM042,2024-09-07,129,75.67,9798.58,33608.88,False
ATM042,2024-09-08,110,69.56,7665.36,25943.52,False
ATM042,2024-09-09,96,71.71,6854.1,73145.9,True
ATM042,2024-09-10,101,67.2,6762.58,66383.32,False
ATM042,2024-09-11,95,69.38,6618.13,59765.19,False
ATM042,2024-09-12,94,70.1,6586.2,53178.99,False
ATM042,2024-09-13,118,71.94,8480.28,44698.71,False
ATM042,2024-09-14,150,69.0,10324.99,34373.73,False
ATM042,2024-09-15,109,69.65,7601.65,26772.08,False
ATM042,2024-09-16,104,67.7,7045.12,72954.88,True
ATM042,2024-09-17,87,69.55,6079.43,66875.44,False
ATM042,2024-09-18,84,70.33,5916.38,60959.07,False
ATM042,2024-09-19,100,67.05,6677.73,54281.34,False
ATM042,2024-09-20,136,73.25,9987.82,44293.52,False
ATM042,2024-09-21,152,69.78,10573.0,33720.52,False
ATM042,2024-09-22,110,68.92,7608.68,26111.84,False
ATM042,2024-09-23,101,70.2,7059.65,72940.35,True
ATM042,2024-09-24,74,72.52,5361.06,67579.3,False
ATM042,2024-09-25,96,71.26,6814.51,60764.79,False
ATM042,2024-09-26,83,69.99,5792.54,54972.25,False
ATM042,2024-09-27,145,70.8,10247.87,44724.38,False
ATM042,2024-09-28,149,71.88,10689.64,34034.74,False
ATM042,2024-09-29,107,72.53,7750.47,26284.27,False
ATM042,2024-09-30,94,70.17,6578.53,73421.47,True
ATM042,2024-10-01,96,69.16,6646.8,66774.68,False
ATM042,2024-10-02,84,70.01,5903.1,60871.57,False
ATM042,2024-10-03,102,71.94,7321.21,53550.36,False
ATM042,2024-10-04,147,69.86,10274.79,43275.58,False
ATM042,2024-10-05,151,68.76,10411.58,32864.0,False
ATM042,2024-10-06,117,66.55,7810.69,25053.31,False
ATM042,2024-10-07,86,75.98,6514.83,73485.17,True
ATM042,2024-10-08,80,70.33,5620.36,67864.81,False
ATM042,2024-10-09,92,71.06,6545.21,61319.6,False
ATM042,2024-10-10,92,71.08,6565.21,54754.39,False
ATM042,2024-10-11,138,67.0,9273.07,45481.32,False
ATM042,2024-10-12,158,71.4,11263.32,34218.0,False
ATM042,2024-10-13,104,68.86,7173.14,27044.87,False
ATM042,2024-10-14,94,66.55,6245.66,73754.34,True
ATM042,2024-10-15,92,71.68,6586.59,67167.75,False
ATM042,2024-10-16,89,69.94,6227.67,60940.07,False
ATM042,2024-10-17,100,70.51,7081.44,53858.63,False
ATM042,2024-10-18,123,71.03,8760.06,45098.57,False
ATM042,2024-10-19,136,71.43,9704.88,35393.69,False
ATM042,2024-10-20,106,67.27,7123.94,28269.75,False
ATM042,2024-10-21,93,69.89,6491.71,73508.29,True
ATM042,2024-10-22,92,68.13,6289.79,67218.5,False
ATM042,2024-10-23,92,70.62,6465.51,60752.99,False
ATM042,2024-10-24,108,70.39,7622.08,53130.91,False
ATM042,2024-10-25,137,67.17,9231.05,43899.86,False
ATM042,2024-10-26,134,70.68,9466.85,34433.01,False
ATM042,2024-10-27,119,68.13,8113.48,26319.54,False
ATM042,2024-10-28,95,69.63,6621.73,73378.27,True
ATM042,2024-10-29,91,71.82,6566.26,66812.01,False
ATM042,2024-10-30,75,72.17,5439.3,61372.71,False
ATM042,2024-10-31,104,68.88,7149.93,54222.78,False
ATM042,2024-11-01,157,70.07,10966.03,43256.75,False
ATM042,2024-11-02,176,68.03,12003.11,31253.63,False
ATM042,2024-11-03,127,67.82,8619.02,22634.62,False
ATM042,2024-11-04,120,70.12,8433.92,71566.08,True
ATM042,2024-11-05,122,70.78,8626.85,62939.22,False
ATM042,2024-11-06,116,67.77,7838.31,55100.91,False
ATM042,2024-11-07,116,70.15,8163.63,46937.28,False
ATM042,2024-11-08,157,69.02,10863.81,36073.47,False
ATM042,2024-11-09,181,70.92,12805.04,23268.43,False
ATM042,2024-11-10,117,70.6,8247.67,15020.76,False
ATM042,2024-11-11,116,68.76,7978.21,72021.79,True
ATM042,2024-11-12,99,70.93,7019.88,65001.91,False
ATM042,2024-11-13,90,70.0,6281.97,58719.94,False
ATM042,2024-11-14,144,64.55,9294.04,49425.9,False
ATM042,2024-11-15,169,71.14,12032.91,37392.99,False
ATM042,2024-11-16,158,71.09,11243.18,26149.81,False
ATM042,2024-11-17,144,67.53,9714.47,16435.34,False
ATM042,2024-11-18,104,70.05,7304.54,72695.46,True
ATM042,2024-11-19,115,68.86,7890.17,64805.29,False
ATM042,2024-11-20,109,68.6,7499.63,57305.66,False
ATM042,2024-11-21,115,72.2,8303.55,49002.11,False
ATM042,2024-11-22,165,69.25,11443.91,37558.21,False
ATM042,2024-11-23,182,68.32,12405.45,25152.76,False
ATM042,2024-11-24,116,72.53,8447.83,16704.93,False
ATM042,2024-11-25,130,66.24,8607.57,71392.43,True
ATM042,2024-11-26,107,71.8,7674.7,63717.73,False
ATM042,2024-11-27,100,69.01,6910.08,56807.64,False
ATM042,2024-11-28,108,73.99,7961.12,48846.52,False
ATM042,2024-11-29,187,68.07,12752.36,36094.16,False
ATM042,2024-11-30,157,71.62,11226.55,24867.62,False
ATM042,2024-12-01,130,72.61,9408.31,15459.31,False
ATM042,2024-12-02,100,71.52,7126.84,72873.16,True
ATM042,2024-12-03,98,71.31,7000.33,65872.83,False
ATM042,2024-12-04,101,73.99,7502.24,58370.6,False
ATM042,2024-12-05,123,69.34,8552.99,49817.61,False
ATM042,2024-12-06,164,69.79,11469.6,38348.01,False
ATM042,2024-12-07,155,74.04,11468.66,26879.35,False
ATM042,2024-12-08,145,69.63,10129.25,16750.1,False
ATM042,2024-12-09,108,74.31,8060.65,71939.35,True
ATM042,2024-12-10,116,69.35,8034.65,63904.7,False
ATM042,2024-12-11,113,66.39,7475.59,56429.11,False
ATM042,2024-12-12,121,72.61,8751.26,47677.86,False
ATM042,2024-12-13,173,71.47,12397.86,35279.99,False
ATM042,2024-12-14,188,67.9,12744.41,22535.58,False
ATM042,2024-12-15,135,68.67,9261.78,13273.8,False
ATM042,2024-12-16,116,68.4,7962.68,72037.32,True
ATM042,2024-12-17,105,72.78,7640.76,64396.56,False
ATM042,2024-12-18,109,70.69,7722.98,56673.58,False
ATM042,2024-12-19,120,73.72,8836.36,47837.22,False
ATM042,2024-12-20,159,71.09,11274.4,36562.82,False
ATM042,2024-12-21,194,71.41,13821.36,22741.46,False
ATM042,2024-12-22,115,68.5,7872.3,14869.16,False
ATM042,2024-12-23,117,69.16,8089.57,71910.43,True
ATM042,2024-12-24,110,73.9,8149.9,63760.53,False
ATM042,2024-12-25,106,67.83,7217.31,56543.22,False
ATM042,2024-12-26,117,69.12,8082.33,48460.89,False
ATM042,2024-12-27,186,67.83,12648.91,35811.98,False
ATM042,2024-12-28,180,72.91,13097.2,22714.78,False
ATM042,2024-12-29,135,70.92,9591.36,13123.42,False
ATM042,2024-12-30,103,73.88,7588.6,72411.4,True
ATM042,2024-12-31,101,71.99,7242.83,65168.56,False
ATM043,2024-01-01,119,69.67,8256.55,71743.45,False
ATM043,2024-01-02,117,68.61,7996.65,63746.8,False
ATM043,2024-01-03,120,71.55,8614.81,55131.99,False
ATM043,2024-01-04,128,69.34,8894.52,71105.48,True
ATM043,2024-01-05,164,70.53,11569.54,59535.94,False
ATM043,2024-01-06,206,72.9,15010.69,44525.25,False
ATM043,2024-01-07,128,74.18,9520.58,35004.67,False
ATM043,2024-01-08,121,67.87,8203.25,26801.43,False
ATM043,2024-01-09,108,67.74,7342.88,19458.55,False
ATM043,2024-01-10,122,69.46,8440.5,71559.5,True
ATM043,2024-01-11,127,68.22,8693.73,62865.77,False
ATM043,2024-01-12,169,68.13,11540.88,51324.88,False
ATM043,2024-01-13,198,73.79,14634.56,36690.33,False
ATM043,2024-01-14,158,71.44,11313.06,25377.27,False
ATM043,2024-01-15,119,68.6,8128.87,17248.4,False
ATM043,2024-01-16,123,69.48,8516.37,71483.63,True
ATM043,2024-01-17,115,74.05,8486.81,62996.82,False
ATM043,2024-01-18,123,74.78,9225.96,53770.87,False
ATM043,2024-01-19,162,70.94,11508.0,42262.86,False
ATM043,2024-01-20,205,67.93,13933.13,28329.73,False
ATM043,2024-01-21,143,73.21,10501.44,17828.3,False
ATM043,2024-01-22,139,70.86,9816.54,70183.46,True
ATM043,2024-01-23,100,71.0,7071.36,63112.1,False
ATM043,2024-01-24,125,69.51,8685.16,54426.94,False
ATM043,2024-01-25,134,68.98,9224.85,45202.09,False
ATM043,2024-01-26,171,72.14,12336.54,32865.55,False
ATM043,2024-01-27,223,67.33,15022.36,17843.19,False
ATM043,2024-01-28,144,66.66,9579.29,70420.71,True
ATM043,2024-01-29,133,71.83,9569.34,60851.36,False
ATM043,2024-01-30,101,69.86,7021.59,53829.78,False
ATM043,2024-01-31,118,68.41,8083.6,45746.18,False
ATM043,2024-02-01,113,72.13,8142.2,37603.97,False
ATM043,2024-02-02,154,68.65,10574.7,27029.28,False
ATM043,2024-02-03,155,70.09,10866.22,69133.78,True
ATM043,2024-02-04,114,69.99,8013.08,61120.7,False
ATM043,2024-02-05,109,66.78,7290.89,53829.81,False
ATM043,2024-02-06,91,69.93,6383.17,47446.63,False
ATM043,2024-02-07,107,71.78,7667.05,39779.58,False
ATM043,2024-02-08,107,70.84,7570.59,32209.0,False
ATM043,2024-02-09,143,72.26,10303.64,69696.36,True
ATM043,2024-02-10,161,72.69,11708.9,57987.46,False
ATM043,2024-02-11,110,68.31,7524.78,50462.69,False
ATM043,2024-02-12,101,71.04,7147.63,43315.06,False
ATM043,2024-02-13,120,66.2,7962.65,35352.41,False
ATM043,2024-02-14,98,69.84,6855.44,28496.97,False
ATM043,2024-02-15,159,73.64,11703.41,68296.59,True
ATM043,2024-02-16,252,66.63,16771.01,51525.58,False
ATM043,2024-02-17,263,73.16,19222.09,32303.49,False
ATM043,2024-02-18,192,66.6,12809.67,67190.33,True
ATM043,2024-02-19,149,70.98,10545.06,56645.27,False
ATM043,2024-02-20,166,66.28,10970.47,45674.8,False
ATM043,2024-02-21,137,72.31,9896.99,70103.01,True
ATM043,2024-02-22,180,70.9,12786.06,57316.95,False
ATM043,2024-02-23,241,70.96,17093.68,40223.28,False
ATM043,2024-02-24,263,70.3,18469.35,61530.65,True
ATM043,2024-02-25,193,67.43,13005.62,48525.03,False
ATM043,2024-02-26,166,67.37,11210.16,37314.87,False
ATM043,2024-02-27,156,69.08,10760.91,69239.09,True
ATM043,2024-02-28,158,68.0,10718.46,58520.64,False
ATM043,2024-02-29,157,70.77,11111.48,47409.15,False
ATM043,2024-03-01,230,72.3,16628.46,63371.54,True
ATM043,2024-03-02,238,66.85,15929.8,47441.74,False
ATM043,2024-03-03,173,67.76,11746.01,35695.72,False
ATM043,2024-03-04,163,72.81,11892.98,68107.02,True
ATM043,2024-03-05,130,73.59,9541.83,58565.18,False
ATM043,2024-03-06,172,66.58,11423.84,47141.34,False
ATM043,2024-03-07,161,66.52,10709.33,69290.67,True
ATM043,2024-03-08,224,70.04,15677.9,53612.77,False
ATM043,2024-03-09,263,65.74,17284.06,36328.71,False
ATM043,2024-03-10,161,70.55,11380.24,68619.76,True
ATM043,2024-03-11,169,65.76,11132.03,57487.74,False
ATM043,2024-03-12,130,72.15,9353.68,48134.06,False
ATM043,2024-03-13,137,69.97,9586.57,70413.43,True
ATM043,2024-03-14,146,71.75,10494.63,59918.8,False
ATM043,2024-03-15,197,69.36,13696.28,46222.52,False
ATM043,2024-03-16,170,71.28,12131.53,67868.47,True
ATM043,2024-03-17,117,68.53,8009.17,59859.3,False
ATM043,2024-03-18,103,67.29,6898.18,52961.12,False
ATM043,2024-03-19,96,69.83,6684.14,46276.98,False
ATM043,2024-03-20,93,72.1,6673.21,39603.77,False
ATM043,2024-03-21,106,66.42,7025.79,32577.98,False
ATM043,2024-03-22,142,70.26,10002.45,69997.55,True
ATM043,2024-03-23,162,69.68,11274.18,58723.37,False
ATM043,2024-03-24,113,67.94,7646.36,51077.01,False
ATM043,2024-03-25,98,68.81,6775.93,44301.08,False
ATM043,2024-03-26,103,70.55,7268.9,37032.19,False
ATM043,2024-03-27,92,72.3,6619.89,30412.3,False
ATM043,2024-03-28,116,67.15,7812.78,72187.22,True
ATM043,2024-03-29,123,67.21,8270.42,63916.8,False
ATM043,2024-03-30,165,71.87,11841.76,52075.04,False
ATM043,2024-03-31,103,71.38,7365.88,44709.16,False
ATM043,2024-04-01,120,72.93,8787.53,35921.63,False
ATM043,2024-04-02,119,72.84,8632.96,27288.67,False
ATM043,2024-04-03,120,70.96,8532.35,71467.65,True
ATM043,2024-04-04,124,71.72,8874.95,62592.7,False
ATM043,2024-04-05,163,69.71,11343.62,51249.08,False
ATM043,2024-04-06,194,72.96,14155.45,37093.63,False
ATM043,2024-04-07,133,72.03,9601.7,27491.92,False
ATM043,2024-04-08,115,72.07,8298.54,19193.38,False
ATM043,2024-04-09,107,71.52,7636.7,72363.3,True
ATM043,2024-04-10,121,67.51,8190.75,64172.55,False
ATM043,2024-04-11,124,72.78,8989.99,55182.56,False
ATM043,2024-04-12,173,66.88,11595.07,43587.49,False
ATM043,2024-04-13,211,66.48,14016.29,29571.21,False
ATM043,2024-04-14,151,73.23,11076.56,18494.65,False
ATM043,2024-04-15,129,69.98,9048.16,70951.84,True
ATM043,2024-04-16,125,72.83,9075.57,61876.27,False
ATM043,2024-04-17,109,73.02,7943.78,53932.49,False
ATM043,2024-04-18,123,69.59,8525.19,45407.3,False
ATM043,2024-04-19,156,70.31,10983.36,34423.94,False
ATM043,2024-04-20,193,69.05,13352.35,21071.59,False
ATM043,2024-04-21,143,68.78,9813.91,70186.09,True
ATM043,2024-04-22,116,72.7,8438.45,61747.64,False
ATM043,2024-04-23,104,71.81,7498.7,54248.94,False
ATM043,2024-04-24,118,70.79,8370.77,45878.16,False
ATM043,2024-04-25,132,68.49,9067.47,36810.69,False
ATM043,2024-04-26,181,71.09,12846.41,23964.28,False
ATM043,2024-04-27,192,67.19,12887.72,67112.28,True
ATM043,2024-04-28,140,71.58,9987.83,57124.44,False
ATM043,2024-04-29,124,72.53,9027.16,48097.28,False
ATM043,2024-04-30,119,69.45,8290.06,39807.22,False
ATM043,2024-05-01,102,67.39,6870.29,32936.93,False
ATM043,2024-05-02,103,69.89,7219.14,25717.78,False
ATM043,2024-05-03,145,70.19,10185.22,69814.78,True
ATM043,2024-05-04,153,67.58,10316.53,59498.25,False
ATM043,2024-05-05,128,68.25,8735.25,50763.0,False
ATM043,2024-05-06,95,70.2,6687.42,44075.58,False
ATM043,2024-05-07,87,72.32,6306.34,37769.24,False
ATM043,2024-05-08,90,70.0,6292.63,31476.61,False
ATM043,2024-05-09,102,70.33,7185.9,72814.1,True
ATM043,2024-05-10,143,69.95,10021.97,62792.13,False
ATM043,2024-05-11,180,68.56,12372.5,50419.63,False
ATM043,2024-05-12,114,69.34,7880.34,42539.29,False
ATM043,2024-05-13,111,69.81,7773.66,34765.63,False
ATM043,2024-05-14,105,69.63,7338.49,27427.15,False
ATM043,2024-05-15,105,70.86,7468.04,72531.96,True
ATM043,2024-05-16,118,66.98,7872.23,64659.74,False
ATM043,2024-05-17,129,72.25,9287.9,55371.84,False
ATM043,2024-05-18,163,75.09,12231.69,43140.15,False
ATM043,2024-05-19,105,71.02,7456.29,35683.86,False
ATM043,2024-05-20,95,68.44,6526.64,29157.21,False
ATM043,2024-05-21,92,70.8,6498.56,73501.44,True
ATM043,2024-05-22,94,70.07,6559.25,66942.19,False
ATM043,2024-05-23,111,72.37,8026.62,58915.57,False
ATM043,2024-05-24,154,70.95,10892.6,48022.97,False
ATM043,2024-05-25,163,68.81,11246.67,36776.3,False
ATM043,2024-05-26,127,67.79,8591.78,28184.52,False
ATM043,2024-05-27,104,67.74,7070.27,72929.73,True
ATM043,2024-05-28,99,67.79,6711.68,66218.05,False
ATM043,2024-05-29,97,68.58,6681.34,59536.71,False
ATM043,2024-05-30,103,69.82,7161.81,52374.9,False
ATM043,2024-05-31,132,66.21,8757.73,43617.18,False
ATM043,2024-06-01,171,70.31,12016.09,31601.09,False
ATM043,2024-06-02,109,72.05,7865.13,72134.87,True
ATM043,2024-06-03,97,68.78,6704.76,65430.11,False
ATM043,2024-06-04,86,74.0,6371.92,59058.19,False
ATM043,2024-06-05,99,70.41,6985.35,52072.84,False
ATM043,2024-06-06,118,66.11,7823.79,44249.05,False
ATM043,2024-06-07,140,70.96,9954.47,34294.58,False
ATM043,2024-06-08,152,74.63,11355.46,68644.54,True
ATM043,2024-06-09,111,71.98,7969.42,60675.12,False
ATM043,2024-06-10,106,70.3,7418.53,53256.59,False
ATM043,2024-06-11,99,69.39,6885.7,46370.9,False
ATM043,2024-06-12,85,70.73,5984.88,40386.02,False
ATM043,2024-06-13,110,71.23,7803.02,32582.99,False
ATM043,2024-06-14,145,72.04,10423.04,69576.96,True
ATM043,2024-06-15,146,73.08,10690.62,58886.33,False
ATM043,2024-06-16,111,69.77,7720.82,51165.51,False
ATM043,2024-06-17,107,68.92,7353.83,43811.68,False
ATM043,2024-06-18,102,69.28,7093.43,36718.25,False
ATM043,2024-06-19,100,69.62,6928.39,29789.87,False
ATM043,2024-06-20,97,74.73,7272.82,72727.18,True
ATM043,2024-06-21,150,65.2,9784.7,62942.48,False
ATM043,2024-06-22,153,70.28,10737.39,52205.09,False
ATM043,2024-06-23,112,72.14,8058.24,44146.85,False
ATM043,2024-06-24,108,69.33,7510.58,36636.27,False
ATM043,2024-06-25,89,67.31,5983.36,30652.91,False
ATM043,2024-06-26,103,66.71,6855.86,73144.14,True
ATM043,2024-06-27,101,72.98,7380.02,65764.12,False
ATM043,2024-06-28,152,70.1,10629.16,55134.97,False
ATM043,2024-06-29,150,70.38,10560.62,44574.34,False
ATM043,2024-06-30,115,70.5,8125.26,36449.08,False
ATM043,2024-07-01,103,71.89,7377.66,29071.42,False
ATM043,2024-07-02,96,71.08,6792.1,73207.9,True
ATM043,2024-07-03,92,72.38,6629.43,66578.47,False
ATM043,2024-07-04,102,69.56,7116.55,59461.92,False
ATM043,2024-07-05,164,68.99,11315.41,48146.51,False
ATM043,2024-07-06,150,69.14,10341.15,37805.35,False
ATM043,2024-07-07,140,65.23,9120.24,28685.11,False
ATM043,2024-07-08,103,68.67,7062.0,72938.0,True
ATM043,2024-07-09,96,69.27,6652.57,66285.43,False
ATM043,2024-07-10,105,70.11,7349.2,58936.23,False
ATM043,2024-07-11,112,72.7,8127.54,50808.69,False
ATM043,2024-07-12,150,69.25,10398.85,40409.84,False
ATM043,2024-07-13,164,71.2,11662.63,28747.21,False
ATM043,2024-07-14,108,70.5,7631.96,72368.04,True
ATM043,2024-07-15,100,69.12,6888.21,65479.83,False
ATM043,2024-07-16,93,68.69,6413.29,59066.54,False
ATM043,2024-07-17,108,69.24,7502.62,51563.92,False
ATM043,2024-07-18,117,70.28,8203.69,43360.23,False
ATM043,2024-07-19,136,70.4,9586.08,33774.15,False
ATM043,2024-07-20,147,71.28,10452.4,69547.6,True
ATM043,2024-07-21,114,71.8,8154.18,61393.42,False
ATM043,2024-07-22,117,66.36,7751.67,53641.74,False
ATM043,2024-07-23,97,67.46,6517.29,47124.46,False
ATM043,2024-07-24,116,69.08,7991.96,39132.5,False
ATM043,2024-07-25,92,74.7,6906.5,32226.0,False
ATM043,2024-07-26,148,66.59,9862.87,70137.13,True
ATM043,2024-07-27,149,70.3,10474.03,59663.1,False
ATM043,2024-07-28,122,68.24,8300.18,51362.92,False
ATM043,2024-07-29,97,70.11,6777.49,44585.43,False
ATM043,2024-07-30,104,70.7,7384.71,37200.72,False
ATM043,2024-07-31,95,69.52,6605.72,30595.0,False
ATM043,2024-08-01,109,73.53,7991.68,72008.32,True
ATM043,2024-08-02,133,72.34,9604.96,62403.36,False
ATM043,2024-08-03,167,66.59,11112.74,51290.62,False
ATM043,2024-08-04,100,72.8,7282.82,44007.8,False
ATM043,2024-08-05,113,68.8,7762.43,36245.37,False
ATM043,2024-08-06,100,66.26,6631.88,29613.49,False
ATM043,2024-08-07,104,69.94,7247.82,72752.18,True
ATM043,2024-08-08,96,70.43,6792.79,65959.39,False
ATM043,2024-08-09,132,71.17,9415.36,56544.04,False
ATM043,2024-08-10,149,70.71,10529.6,46014.44,False
ATM043,2024-08-11,122,65.03,7903.95,38110.49,False
ATM043,2024-08-12,104,72.21,7517.94,30592.56,False
ATM043,2024-08-13,92,70.58,6489.68,73510.32,True
ATM043,2024-08-14,100,70.99,7085.36,66424.96,False
ATM043,2024-08-15,121,70.88,8544.72,57880.25,False
ATM043,2024-08-16,143,70.9,10120.53,47759.71,False
ATM043,2024-08-17,163,67.76,11021.96,36737.75,False
ATM043,2024-08-18,127,71.12,9011.09,27726.65,False
ATM043,2024-08-19,90,68.56,6154.89,73845.11,True
ATM043,2024-08-20,106,66.72,7097.72,66747.39,False
ATM043,2024-08-21,86,75.59,6518.55,60228.84,False
ATM043,2024-08-22,102,72.27,7399.0,52829.84,False
ATM043,2024-08-23,169,68.09,11526.34,41303.49,False
ATM043,2024-08-24,156,74.32,11572.5,29730.99,False
ATM043,2024-08-25,114,74.97,8544.1,71455.9,True
ATM043,2024-08-26,91,73.77,6705.83,64750.06,False
ATM043,2024-08-27,97,69.31,6738.96,58011.1,False
ATM043,2024-08-28,103,69.77,7186.19,50824.92,False
ATM043,2024-08-29,106,71.02,7527.79,43297.13,False
ATM043,2024-08-30,134,68.32,9143.66,34153.47,False
ATM043,2024-08-31,166,72.08,11948.09,68051.91,True
ATM043,2024-09-01,120,70.58,8483.14,59568.77,False
ATM043,2024-09-02,100,72.01,7211.84,52356.93,False
ATM043,2024-09-03,88,68.93,6091.55,46265.38,False
ATM043,2024-09-04,97,70.41,6835.62,39429.76,False
ATM043,2024-09-05,97,67.36,6532.87,32896.89,False
ATM043,2024-09-06,144,72.13,10365.01,69634.99,True
ATM043,2024-09-07,161,68.6,11030.38,58604.6,False
ATM043,2024-09-08,124,69.31,8585.56,50019.04,False
ATM043,2024-09-09,107,69.54,7457.52,42561.52,False
ATM043,2024-09-10,85,72.98,6225.62,36335.9,False
ATM043,2024-09-11,110,67.99,7492.97,28842.93,False
ATM043,2024-09-12,112,69.31,7785.17,72214.83,True
ATM043,2024-09-13,159,68.16,10836.68,61378.15,False
ATM043,2024-09-14,167,72.51,12073.53,49304.62,False
ATM043,2024-09-15,110,70.14,7742.78,41561.84,False
ATM043,2024-09-16,112,67.9,7634.5,33927.34,False
ATM043,2024-09-17,90,71.39,6423.23,27504.11,False
ATM043,2024-09-18,102,66.69,6794.47,73205.53,True
ATM043,2024-09-19,101,73.67,7404.63,65800.89,False
ATM043,2024-09-20,175,68.66,11989.18,53811.71,False
ATM043,2024-09-21,154,69.04,10655.28,43156.44,False
ATM043,2024-09-22,131,71.77,9385.89,33770.54,False
ATM043,2024-09-23,108,72.1,7768.26,26002.28,False
ATM043,2024-09-24,90,68.01,6137.29,73862.71,True
ATM043,2024-09-25,95,68.9,6544.5,67318.21,False
ATM043,2024-09-26,105,68.82,7221.34,60096.87,False
ATM043,2024-09-27,154,70.29,10852.95,49243.93,False
ATM043,2024-09-28,175,70.53,12371.2,36872.73,False
ATM043,2024-09-29,112,70.4,7891.1,28981.63,False
ATM043,2024-09-30,97,65.15,6307.68,73692.32,True
ATM043,2024-10-01,98,72.14,7041.09,66651.22,False
ATM043,2024-10-02,100,69.18,6906.11,59745.11,False
ATM043,2024-10-03,95,72.45,6893.58,52851.53,False
ATM043,2024-10-04,152,70.61,10741.12,42110.41,False
ATM043,2024-10-05,165,69.01,11354.89,30755.52,False
ATM043,2024-10-06,109,70.53,7653.36,72346.64,True
ATM043,2024-10-07,98,69.11,6752.17,65594.47,False
ATM043,2024-10-08,109,69.9,7591.18,58003.29,False
ATM043,2024-10-09,84,68.88,5787.21,52216.08,False
ATM043,2024-10-10,101,69.71,7059.82,45156.25,False
ATM043,2024-10-11,132,70.91,9392.32,35763.94,False
ATM043,2024-10-12,161,69.0,11125.74,68874.26,True
ATM043,2024-10-13,120,69.84,8360.75,60513.51,False
ATM043,2024-10-14,100,69.53,6945.75,53567.75,False
ATM043,2024-10-15,95,70.72,6721.53,46846.22,False
ATM043,2024-10-16,96,72.37,6976.98,39869.24,False
ATM043,2024-10-17,103,70.5,7288.17,32581.07,False
ATM043,2024-10-18,176,69.91,12315.14,67684.86,True
ATM043,2024-10-19,169,67.35,11357.0,56327.86,False
ATM043,2024-10-20,113,69.78,7870.72,48457.14,False
ATM043,2024-10-21,102,71.36,7278.33,41178.81,False
ATM043,2024-10-22,96,71.69,6886.6,34292.21,False
ATM043,2024-10-23,90,71.03,6407.08,27885.13,False
ATM043,2024-10-24,108,70.26,7579.57,72420.43,True
ATM043,2024-10-25,149,68.0,10117.23,62303.2,False
ATM043,2024-10-26,148,70.67,10432.5,51870.7,False
ATM043,2024-10-27,123,69.73,8567.06,43303.65,False
ATM043,2024-10-28,102,68.49,7004.29,36299.35,False
ATM043,2024-10-29,99,70.13,6972.35,29327.0,False
ATM043,2024-10-30,93,71.82,6697.7,73302.3,True
ATM043,2024-10-31,119,66.77,7922.23,65380.07,False
ATM043,2024-11-01,181,67.99,12287.19,53092.88,False
ATM043,2024-11-02,214,63.38,13534.84,39558.03,False
ATM043,2024-11-03,138,71.5,9898.56,29659.47,False
ATM043,2024-11-04,122,67.55,8209.72,21449.75,False
ATM043,2024-11-05,126,72.43,9108.41,70891.59,True
ATM043,2024-11-06,112,69.45,7812.29,63079.3,False
ATM043,2024-11-07,110,70.99,7778.5,55300.8,False
ATM043,2024-11-08,156,71.4,11125.84,44174.96,False
ATM043,2024-11-09,206,69.85,14401.28,29773.68,False
ATM043,2024-11-10,125,72.62,9061.89,20711.8,False
ATM043,2024-11-11,118,70.2,8274.9,71725.1,True
ATM043,2024-11-12,106,70.41,7441.3,64283.8,False
ATM043,2024-11-13,119,67.21,7993.82,56289.99,False
ATM043,2024-11-14,133,73.69,9814.25,46475.74,False
ATM043,2024-11-15,183,71.82,13149.6,33326.14,False
ATM043,2024-11-16,224,67.8,15166.03,18160.11,False
ATM043,2024-11-17,131,69.13,9065.03,70934.97,True
ATM043,2024-11-18,122,69.39,8447.96,62487.02,False
ATM043,2024-11-19,106,70.01,7395.36,55091.65,False
ATM043,2024-11-20,112,71.77,8054.78,47036.87,False
ATM043,2024-11-21,136,66.0,8963.44,38073.44,False
ATM043,2024-11-22,172,73.32,12579.89,25493.55,False
ATM043,2024-11-23,186,72.07,13430.47,66569.53,True
ATM043,2024-11-24,132,71.19,9423.73,57145.81,False
ATM043,2024-11-25,113,69.48,7853.45,49292.35,False
ATM043,2024-11-26,110,71.0,7811.12,41481.23,False
ATM043,2024-11-27,114,66.92,7653.64,33827.59,False
ATM043,2024-11-28,130,70.91,9234.47,24593.12,False
ATM043,2024-11-29,172,71.96,12341.79,67658.21,True
ATM043,2024-11-30,187,70.59,13214.52,54443.69,False
ATM043,2024-12-01,137,69.46,9526.67,44917.03,False
ATM043,2024-12-02,113,74.76,8473.04,36443.98,False
ATM043,2024-12-03,118,71.15,8366.32,28077.67,False
ATM043,2024-12-04,132,65.07,8559.25,19518.41,False
ATM043,2024-12-05,127,71.91,9137.42,70862.58,True
ATM043,2024-12-06,176,69.91,12317.57,58545.01,False
ATM043,2024-12-07,182,69.09,12549.81,45995.2,False
ATM043,2024-12-08,128,72.1,9209.58,36785.62,False
ATM043,2024-12-09,124,74.06,9190.69,27594.93,False
ATM043,2024-12-10,109,68.6,7483.89,20111.03,False
ATM043,2024-12-11,113,67.86,7693.63,72306.37,True
ATM043,2024-12-12,121,68.92,8330.03,63976.34,False
ATM043,2024-12-13,190,68.49,13017.96,50958.38,False
ATM043,2024-12-14,198,72.87,14428.66,36529.72,False
ATM043,2024-12-15,137,72.58,9959.69,26570.03,False
ATM043,2024-12-16,109,68.83,7521.66,19048.37,False
ATM043,2024-12-17,114,70.47,8048.71,71951.29,True
ATM043,2024-12-18,132,67.9,8961.33,62989.96,False
ATM043,2024-12-19,123,69.82,8605.91,54384.06,False
ATM043,2024-12-20,174,67.81,11808.43,42575.63,False
ATM043,2024-12-21,187,69.48,12963.56,29612.07,False
ATM043,2024-12-22,159,67.86,10804.01,18808.06,False
ATM043,2024-12-23,121,72.67,8759.49,71240.51,True
ATM043,2024-12-24,109,70.55,7662.75,63577.76,False
ATM043,2024-12-25,119,70.86,8441.73,55136.03,False
ATM043,2024-12-26,131,68.57,8987.06,46148.97,False
ATM043,2024-12-27,185,69.21,12826.18,33322.78,False
ATM043,2024-12-28,191,70.37,13430.21,19892.57,False
ATM043,2024-12-29,140,74.05,10365.76,69634.24,True
ATM043,2024-12-30,112,70.11,7857.2,61777.04,False
ATM043,2024-12-31,98,73.11,7158.81,54618.23,False
ATM044,2024-01-01,127,70.11,8908.38,71091.62,False
ATM044,2024-01-02,119,68.46,8167.61,71832.39,True
ATM044,2024-01-03,126,71.35,8995.82,62836.57,False
ATM044,2024-01-04,141,68.57,9637.46,53199.11,False
ATM044,2024-01-05,170,69.76,11875.28,41323.83,False
ATM044,2024-01-06,204,71.05,14472.18,26851.65,False
ATM044,2024-01-07,132,71.4,9439.29,17412.36,False
ATM044,2024-01-08,115,68.61,7891.26,72108.74,True
ATM044,2024-01-09,121,67.54,8199.09,63909.64,False
ATM044,2024-01-10,106,73.26,7738.09,56171.55,False
ATM044,2024-01-11,134,74.81,10038.27,46133.29,False
ATM044,2024-01-12,181,71.35,12902.06,33231.23,False
ATM044,2024-01-13,195,69.26,13536.42,19694.81,False
ATM044,2024-01-14,145,72.86,10594.69,69405.31,True
ATM044,2024-01-15,131,68.24,8925.13,60480.18,False
ATM044,2024-01-16,122,68.38,8334.44,52145.74,False
ATM044,2024-01-17,110,73.44,8092.09,44053.65,False
ATM044,2024-01-18,113,74.55,8387.94,35665.71,False
ATM044,2024-01-19,188,69.02,12991.75,22673.96,False
ATM044,2024-01-20,201,68.56,13749.55,66250.45,True
ATM044,2024-01-21,137,70.15,9593.01,56657.44,False
ATM044,2024-01-22,121,68.04,8254.68,48402.76,False
ATM044,2024-01-23,119,67.24,7984.36,40418.4,False
ATM044,2024-01-24,113,67.31,7572.89,32845.51,False
ATM044,2024-01-25,145,70.85,10254.93,22590.58,False
ATM044,2024-01-26,186,70.02,13033.94,66966.06,True
ATM044,2024-01-27,196,72.47,14177.71,52788.35,False
ATM044,2024-01-28,140,73.44,10256.04,42532.32,False
ATM044,2024-01-29,118,71.26,8424.99,34107.33,False
ATM044,2024-01-30,125,68.04,8518.7,25588.63,False
ATM044,2024-01-31,126,66.13,8302.81,17285.82,False
ATM044,2024-02-01,109,69.41,7533.45,72466.55,True
ATM044,2024-02-02,147,69.14,10173.63,62292.92,False
ATM044,2024-02-03,173,68.14,11819.46,50473.46,False
ATM044,2024-02-04,133,71.19,9461.18,41012.28,False
ATM044,2024-02-05,93,71.36,6654.38,34357.9,False
ATM044,2024-02-06,102,70.78,7244.92,27112.98,False
ATM044,2024-02-07,86,74.7,6429.35,73570.65,True
ATM044,2024-02-08,118,67.38,7950.28,65620.36,False
ATM044,2024-02-09,152,69.54,10571.52,55048.85,False
ATM044,2024-02-10,169,67.49,11408.51,43640.34,False
ATM044,2024-02-11,122,68.25,8337.81,35302.53,False
ATM044,2024-02-12,97,70.81,6868.98,28433.55,False
ATM044,2024-02-13,94,69.39,6535.81,73464.19,True
ATM044,2024-02-14,107,68.13,7306.01,66158.18,False
ATM044,2024-02-15,164,67.37,11042.65,55115.53,False
ATM044,2024-02-16,213,70.27,14948.86,65051.14,True
ATM044,2024-02-17,265,68.31,18126.63,46924.51,False
ATM044,2024-02-18,188,70.22,13175.97,33748.54,False
ATM044,2024-02-19,138,70.37,9712.48,70287.52,True
ATM044,2024-02-20,169,66.03,11167.15,59120.37,False
ATM044,2024-02-21,176,68.72,12065.56,47054.81,False
ATM044,2024-02-22,146,70.29,10295.61,69704.39,True
ATM044,2024-02-23,242,69.41,16783.76,52920.63,False
ATM044,2024-02-24,238,74.45,17715.35,35205.28,False
ATM044,2024-02-25,168,76.26,12808.43,67191.57,True
ATM044,2024-02-26,167,70.11,11689.81,55501.76,False
ATM044,2024-02-27,151,69.33,10483.25,45018.5,False
ATM044,2024-02-28,150,71.18,10670.27,69329.73,True
ATM044,2024-02-29,167,67.1,11233.09,58096.64,False
ATM044,2024-03-01,241,72.04,17369.66,40726.98,False
ATM044,2024-03-02,223,70.36,15696.28,64303.72,True
ATM044,2024-03-03,189,71.94,13566.49,50737.23,False
ATM044,2024-03-04,141,72.06,10192.13,40545.1,False
ATM044,2024-03-05,145,70.82,10282.35,69717.65,True
ATM044,2024-03-06,161,61.06,9831.84,59885.81,False
ATM044,2024-03-07,154,71.13,10943.46,48942.36,False
ATM044,2024-03-08,219,71.37,15609.12,64390.88,True
ATM044,2024-03-09,270,69.31,18728.57,45662.31,False
ATM044,2024-03-10,187,65.41,12251.91,33410.4,False
ATM044,2024-03-11,143,67.19,9600.9,70399.1,True
ATM044,2024-03-12,154,69.33,10679.61,59719.49,False
ATM044,2024-03-13,147,68.64,10100.6,49618.9,False
ATM044,2024-03-14,152,71.94,10942.19,69057.81,True
ATM044,2024-03-15,221,72.08,15939.02,53118.8,False
ATM044,2024-03-16,138,71.12,9780.32,43338.47,False
ATM044,2024-03-17,116,69.41,8029.58,35308.89,False
ATM044,2024-03-18,112,69.18,7738.29,27570.6,False
ATM044,2024-03-19,103,67.86,6994.29,20576.31,False
ATM044,2024-03-20,104,66.66,6915.8,73084.2,True
ATM044,2024-03-21,107,70.81,7571.81,65512.39,False
ATM044,2024-03-22,165,68.28,11256.79,54255.6,False
ATM044,2024-03-23,160,68.65,10988.86,43266.74,False
ATM044,2024-03-24,120,67.98,8159.78,35106.96,False
ATM044,2024-03-25,89,67.81,6052.54,29054.42,False
ATM044,2024-03-26,97,69.69,6734.43,73265.57,True
ATM044,2024-03-27,100,71.77,7170.17,66095.4,False
ATM044,2024-03-28,110,66.67,7366.74,58728.66,False
ATM044,2024-03-29,153,69.98,10716.14,48012.52,False
ATM044,2024-03-30,154,72.56,11198.93,36813.59,False
ATM044,2024-03-31,122,70.26,8572.3,28241.29,False
ATM044,2024-04-01,119,71.78,8544.4,71455.6,True
ATM044,2024-04-02,113,68.15,7726.95,63728.65,False
ATM044,2024-04-03,121,67.53,8143.44,55585.21,False
ATM044,2024-04-04,130,70.2,9093.74,46491.47,False
ATM044,2024-04-05,180,69.24,12441.41,34050.05,False
ATM044,2024-04-06,213,71.98,15362.69,18687.36,False
ATM044,2024-04-07,141,70.2,9899.85,70100.15,True
ATM044,2024-04-08,135,68.77,9301.25,60798.9,False
ATM044,2024-04-09,108,70.48,7579.07,53219.83,False
ATM044,2024-04-10,120,71.03,8521.36,44698.47,False
ATM044,2024-04-11,141,68.46,9666.92,35031.55,False
ATM044,2024-04-12,165,68.77,11327.75,23703.8,False
ATM044,2024-04-13,209,68.06,14252.89,65747.11,True
ATM044,2024-04-14,124,70.3,8705.46,57041.65,False
ATM044,2024-04-15,122,66.37,8118.2,48923.44,False
ATM044,2024-04-16,118,69.19,8151.44,40772.0,False
ATM044,2024-04-17,133,70.19,9308.43,31463.57,False
ATM044,2024-04-18,136,69.96,9504.75,21958.82,False
ATM044,2024-04-19,174,68.98,11989.36,68010.64,True
ATM044,2024-04-20,206,71.57,14759.66,53250.97,False
ATM044,2024-04-21,133,67.38,8981.04,44269.94,False
ATM044,2024-04-22,108,72.23,7770.15,36499.79,False
ATM044,2024-04-23,100,71.65,7183.5,29316.29,False
ATM044,2024-04-24,121,70.31,8512.09,20804.2,False
ATM044,2024-04-25,122,72.5,8825.6,71174.4,True
ATM044,2024-04-26,188,66.97,12601.17,58573.23,False
ATM044,2024-04-27,189,66.55,12571.58,46001.66,False
ATM044,2024-04-28,149,72.99,10841.08,35160.58,False
ATM044,2024-04-29,131,69.7,9114.3,26046.28,False
ATM044,2024-04-30,108,67.79,7338.51,18707.77,False
ATM044,2024-05-01,92,69.9,6436.98,73563.02,True
ATM044,2024-05-02,115,72.91,8377.63,65185.39,False
ATM044,2024-05-03,154,65.3,10067.8,55117.59,False
ATM044,2024-05-04,145,72.5,10508.87,44608.72,False
ATM044,2024-05-05,122,69.25,8441.94,36166.78,False
ATM044,2024-05-06,100,68.42,6832.62,29334.17,False
ATM044,2024-05-07,84,74.35,6211.47,73788.53,True
ATM044,2024-05-08,114,68.27,7780.14,66008.39,False
ATM044,2024-05-09,96,70.35,6723.93,59284.46,False
ATM044,2024-05-10,145,71.32,10310.91,48973.55,False
ATM044,2024-05-11,179,67.54,12106.37,36867.18,False
ATM044,2024-05-12,131,69.26,9084.89,27782.29,False
ATM044,2024-05-13,106,69.45,7345.13,72654.87,True
ATM044,2024-05-14,111,65.04,7208.32,65446.56,False
ATM044,2024-05-15,106,68.25,7264.24,58182.32,False
ATM044,2024-05-16,105,72.61,7641.45,50540.87,False
ATM044,2024-05-17,145,67.98,9848.36,40692.51,False
ATM044,2024-05-18,161,69.09,11110.28,29582.23,False
ATM044,2024-05-19,110,70.22,7717.47,72282.53,True
ATM044,2024-05-20,100,70.97,7117.49,65165.04,False
ATM044,2024-05-21,94,68.02,6380.79,58784.26,False
ATM044,2024-05-22,98,69.49,6841.31,51942.95,False
ATM044,2024-05-23,109,68.51,7483.01,44459.94,False
ATM044,2024-05-24,157,68.02,10661.38,33798.55,False
ATM044,2024-05-25,163,69.36,11306.27,68693.73,True
ATM044,2024-05-26,114,72.49,8286.73,60407.0,False
ATM044,2024-05-27,99,64.98,6420.32,53986.68,False
ATM044,2024-05-28,96,67.58,6482.25,47504.43,False
ATM044,2024-05-29,76,73.67,5586.8,41917.63,False
ATM044,2024-05-30,111,71.4,7906.02,34011.61,False
ATM044,2024-05-31,144,70.88,10211.79,69788.21,True
ATM044,2024-06-01,154,71.71,11070.95,58717.26,False
ATM044,2024-06-02,120,69.92,8416.82,50300.44,False
ATM044,2024-06-03,97,73.08,7058.33,43242.12,False
ATM044,2024-06-04,101,67.84,6837.17,36404.94,False
ATM044,2024-06-05,99,71.03,7062.6,29342.34,False
ATM044,2024-06-06,108,69.89,7525.63,72474.37,True
ATM044,2024-06-07,138,70.2,9668.66,62805.71,False
ATM044,2024-06-08,151,69.47,10474.0,52331.71,False
ATM044,2024-06-09,110,72.06,7925.97,44405.74,False
ATM044,2024-06-10,116,67.6,7845.81,36559.93,False
ATM044,2024-06-11,97,69.35,6755.37,29804.56,False
ATM044,2024-06-12,102,70.2,7126.29,72873.71,True
ATM044,2024-06-13,105,70.2,7398.88,65474.83,False
ATM044,2024-06-14,140,73.34,10262.53,55212.3,False
ATM044,2024-06-15,153,70.54,10787.13,44425.16,False
ATM044,2024-06-16,121,70.92,8607.83,35817.34,False
ATM044,2024-06-17,95,72.87,6893.86,28923.48,False
ATM044,2024-06-18,86,67.7,5838.3,74161.7,True
ATM044,2024-06-19,106,68.15,7226.32,66935.38,False
ATM044,2024-06-20,103,69.02,7118.87,59816.51,False
ATM044,2024-06-21,138,71.34,9860.43,49956.08,False
ATM044,2024-06-22,173,70.19,12148.65,37807.43,False
ATM044,2024-06-23,133,67.09,8942.56,28864.87,False
ATM044,2024-06-24,97,72.83,7076.61,72923.39,True
ATM044,2024-06-25,99,73.02,7235.8,65687.59,False
ATM044,2024-06-26,92,71.93,6619.22,59068.37,False
ATM044,2024-06-27,104,71.25,7378.5,51689.87,False
ATM044,2024-06-28,167,68.33,11419.09,40270.78,False
ATM044,2024-06-29,136,73.88,10014.22,30256.56,False
ATM044,2024-06-30,123,69.78,8594.88,71405.12,True
ATM044,2024-07-01,106,65.6,6959.74,64445.38,False
ATM044,2024-07-02,100,68.89,6857.02,57588.36,False
ATM044,2024-07-03,99,70.06,6923.72,50664.64,False
ATM044,2024-07-04,84,71.03,6001.45,44663.19,False
ATM044,2024-07-05,149,70.68,10556.62,34106.57,False
ATM044,2024-07-06,161,70.1,11257.9,68742.1,True
ATM044,2024-07-07,119,70.58,8407.25,60334.85,False
ATM044,2024-07-08,103,70.59,7277.4,53057.45,False
ATM044,2024-07-09,112,68.48,7691.7,45365.75,False
ATM044,2024-07-10,91,73.56,6719.63,38646.11,False
ATM044,2024-07-11,105,71.96,7520.42,31125.69,False
ATM044,2024-07-12,151,69.52,10517.19,69482.81,True
ATM044,2024-07-13,172,71.09,12218.45,57264.37,False
ATM044,2024-07-14,106,70.36,7460.46,49803.91,False
ATM044,2024-07-15,90,72.67,6565.5,43238.41,False
ATM044,2024-07-16,103,73.94,7640.11,35598.29,False
ATM044,2024-07-17,102,69.03,7073.15,28525.14,False
ATM044,2024-07-18,114,68.03,7775.42,72224.58,True
ATM044,2024-07-19,169,72.51,12276.79,59947.79,False
ATM044,2024-07-20,162,72.09,11649.07,48298.73,False
ATM044,2024-07-21,119,67.67,8025.12,40273.6,False
ATM044,2024-07-22,86,70.17,6028.85,34244.76,False
ATM044,2024-07-23,94,71.09,6659.81,27584.95,False
ATM044,2024-07-24,97,71.0,6904.65,73095.35,True
ATM044,2024-07-25,120,66.93,8046.36,65048.98,False
ATM044,2024-07-26,160,69.15,11071.21,53977.77,False
ATM044,2024-07-27,164,72.15,11824.1,42153.67,False
ATM044,2024-07-28,127,70.27,8926.59,33227.08,False
ATM044,2024-07-29,99,71.87,7127.61,26099.47,False
ATM044,2024-07-30,89,68.0,6083.49,73916.51,True
ATM044,2024-07-31,101,67.2,6764.8,67151.71,False
ATM044,2024-08-01,108,69.31,7459.02,59692.69,False
ATM044,2024-08-02,150,69.88,10481.61,49211.07,False
ATM044,2024-08-03,173,71.2,12289.73,36921.35,False
ATM044,2024-08-04,119,69.3,8264.96,28656.38,False
ATM044,2024-08-05,100,69.94,7015.73,72984.27,True
ATM044,2024-08-06,120,66.94,8060.49,64923.79,False
ATM044,2024-08-07,95,67.75,6465.25,58458.54,False
ATM044,2024-08-08,110,70.48,7746.9,50711.63,False
ATM044,2024-08-09,139,71.88,10008.26,40703.38,False
ATM044,2024-08-10,163,71.97,11702.3,29001.08,False
ATM044,2024-08-11,138,65.52,9036.21,70963.79,True
ATM044,2024-08-12,110,67.29,7385.19,63578.61,False
ATM044,2024-08-13,98,69.85,6876.57,56702.03,False
ATM044,2024-08-14,102,67.47,6883.76,49818.27,False
ATM044,2024-08-15,121,67.29,8170.89,41647.38,False
ATM044,2024-08-16,164,66.99,10979.86,30667.52,False
ATM044,2024-08-17,154,73.79,11389.13,68610.87,True
ATM044,2024-08-18,147,66.6,9799.31,58811.56,False
ATM044,2024-08-19,97,68.9,6700.39,52111.17,False
ATM044,2024-08-20,113,69.86,7913.06,44198.11,False
ATM044,2024-08-21,105,70.63,7437.29,36760.82,False
ATM044,2024-08-22,106,66.09,6990.13,29770.68,False
ATM044,2024-08-23,133,74.87,9980.26,70019.74,True
ATM044,2024-08-24,161,72.21,11610.88,58408.87,False
ATM044,2024-08-25,109,69.32,7521.16,50887.7,False
ATM044,2024-08-26,110,67.71,7433.54,43454.16,False
ATM044,2024-08-27,99,68.15,6727.36,36726.8,False
ATM044,2024-08-28,103,70.84,7309.18,29417.62,False
ATM044,2024-08-29,111,71.83,7974.76,72025.24,True
ATM044,2024-08-30,142,72.11,10253.18,61772.06,False
ATM044,2024-08-31,153,71.31,10942.12,50829.94,False
ATM044,2024-09-01,106,68.43,7235.73,43594.21,False
ATM044,2024-09-02,116,71.28,8277.9,35316.31,False
ATM044,2024-09-03,103,68.27,7053.02,28263.29,False
ATM044,2024-09-04,92,69.44,6389.69,73610.31,True
ATM044,2024-09-05,102,74.02,7566.61,66043.7,False
ATM044,2024-09-06,159,70.23,11188.1,54855.6,False
ATM044,2024-09-07,160,71.59,11455.95,43399.65,False
ATM044,2024-09-08,115,65.97,7573.7,35825.94,False
ATM044,2024-09-09,106,70.15,7415.11,28410.83,False
ATM044,2024-09-10,94,65.6,6164.54,73835.46,True
ATM044,2024-09-11,107,68.9,7343.76,66491.7,False
ATM044,2024-09-12,113,69.45,7818.26,58673.44,False
ATM044,2024-09-13,151,68.76,10392.96,48280.48,False
ATM044,2024-09-14,159,71.21,11342.47,36938.01,False
ATM044,2024-09-15,118,69.3,8147.38,28790.63,False
ATM044,2024-09-16,103,71.42,7344.93,72655.07,True
ATM044,2024-09-17,89,69.94,6240.35,66414.71,False
ATM044,2024-09-18,95,70.03,6650.0,59764.71,False
ATM044,2024-09-19,119,70.75,8404.96,51359.75,False
ATM044,2024-09-20,172,70.46,12122.01,39237.75,False
ATM044,2024-09-21,161,69.96,11271.27,27966.47,False
ATM044,2024-09-22,119,70.68,8389.51,71610.49,True
ATM044,2024-09-23,94,69.51,6566.92,65043.57,False
ATM044,2024-09-24,89,72.16,6423.44,58620.13,False
ATM044,2024-09-25,86,70.33,6028.41,52591.72,False
ATM044,2024-09-26,96,70.91,6835.79,45755.93,False
ATM044,2024-09-27,153,66.18,10131.02,35624.91,False
ATM044,2024-09-28,188,64.72,12180.86,67819.14,True
ATM044,2024-09-29,116,71.45,8287.91,59531.23,False
ATM044,2024-09-30,116,66.62,7751.25,51779.98,False
ATM044,2024-10-01,90,72.28,6517.82,45262.16,False
ATM044,2024-10-02,103,72.69,7477.27,37784.89,False
ATM044,2024-10-03,132,68.93,9095.27,28689.62,False
ATM044,2024-10-04,154,69.27,10693.03,69306.97,True
ATM044,2024-10-05,142,69.81,9930.9,59376.07,False
ATM044,2024-10-06,105,68.91,7223.88,52152.19,False
ATM044,2024-10-07,90,70.92,6351.63,45800.55,False
ATM044,2024-10-08,97,66.25,6399.14,39401.41,False
ATM044,2024-10-09,107,68.73,7329.28,32072.13,False
ATM044,2024-10-10,109,67.95,7375.75,72624.25,True
ATM044,2024-10-11,160,70.57,11290.49,61333.77,False
ATM044,2024-10-12,166,65.98,10924.34,50409.43,False
ATM044,2024-10-13,134,74.16,9902.05,40507.37,False
ATM044,2024-10-14,114,68.52,7787.35,32720.03,False
ATM044,2024-10-15,92,70.84,6524.7,26195.33,False
ATM044,2024-10-16,95,67.92,6479.94,73520.06,True
ATM044,2024-10-17,120,69.88,8419.44,65100.62,False
ATM044,2024-10-18,134,72.0,9632.42,55468.2,False
ATM044,2024-10-19,166,65.84,10954.35,44513.86,False
ATM044,2024-10-20,111,68.92,7671.87,36841.98,False
ATM044,2024-10-21,102,70.36,7148.34,29693.64,False
ATM044,2024-10-22,106,69.5,7364.01,72635.99,True
ATM044,2024-10-23,92,72.61,6677.11,65958.88,False
ATM044,2024-10-24,117,69.55,8141.33,57817.55,False
ATM044,2024-10-25,154,69.0,10633.05,47184.5,False
ATM044,2024-10-26,141,74.61,10512.43,36672.07,False
ATM044,2024-10-27,113,70.62,7996.99,28675.08,False
ATM044,2024-10-28,88,71.55,6330.69,73669.31,True
ATM044,2024-10-29,84,73.52,6210.56,67458.75,False
ATM044,2024-10-30,110,71.19,7823.24,59635.51,False
ATM044,2024-10-31,110,69.61,7663.63,51971.88,False
ATM044,2024-11-01,173,70.86,12252.28,39719.6,False
ATM044,2024-11-02,188,72.06,13540.78,26178.82,False
ATM044,2024-11-03,126,73.21,9191.06,70808.94,True
ATM044,2024-11-04,118,68.43,8064.01,62744.93,False
ATM044,2024-11-05,115,70.9,8178.91,54566.02,False
ATM044,2024-11-06,104,68.99,7208.26,47357.76,False
ATM044,2024-11-07,112,68.58,7705.35,39652.4,False
ATM044,2024-11-08,167,70.62,11760.6,27891.81,False
ATM044,2024-11-09,185,68.84,12734.03,67265.97,True
ATM044,2024-11-10,144,74.33,10737.95,56528.02,False
ATM044,2024-11-11,108,72.14,7787.61,48740.41,False
ATM044,2024-11-12,123,66.35,8193.34,40547.06,False
ATM044,2024-11-13,121,63.64,7701.48,32845.58,False
ATM044,2024-11-14,135,67.74,9176.16,23669.42,False
ATM044,2024-11-15,165,75.4,12408.91,67591.09,True
ATM044,2024-11-16,220,68.39,15043.46,52547.63,False
ATM044,2024-11-17,126,72.72,9133.03,43414.6,False
ATM044,2024-11-18,107,72.08,7742.01,35672.59,False
ATM044,2024-11-19,135,71.42,9657.03,26015.56,False
ATM044,2024-11-20,122,72.24,8843.44,17172.12,False
ATM044,2024-11-21,122,70.61,8627.56,71372.44,True
ATM044,2024-11-22,158,72.71,11497.04,59875.4,False
ATM044,2024-11-23,174,71.47,12471.74,47403.67,False
ATM044,2024-11-24,154,68.97,10609.31,36794.35,False
ATM044,2024-11-25,113,69.64,7897.36,28897.0,False
ATM044,2024-11-26,107,70.33,7491.02,21405.97,False
ATM044,2024-11-27,112,68.23,7633.96,72366.04,True
ATM044,2024-11-28,131,71.3,9320.74,63045.3,False
ATM044,2024-11-29,181,66.54,12043.12,51002.18,False
ATM044,2024-11-30,211,69.06,14605.29,36396.88,False
ATM044,2024-12-01,162,69.72,11323.43,25073.45,False
ATM044,2024-12-02,121,69.09,8385.48,16687.97,False
ATM044,2024-12-03,105,77.3,8110.94,71889.06,True
ATM044,2024-12-04,109,72.68,7943.6,63945.45,False
ATM044,2024-12-05,125,72.46,9027.75,54917.7,False
ATM044,2024-12-06,145,74.08,10738.2,44179.5,False
ATM044,2024-12-07,198,69.44,13781.07,30398.44,False
ATM044,2024-12-08,149,70.3,10441.04,19957.4,False
ATM044,2024-12-09,118,64.91,7664.86,72335.14,True
ATM044,2024-12-10,130,69.53,9061.18,63273.96,False
ATM044,2024-12-11,113,68.88,7798.18,55475.78,False
ATM044,2024-12-12,144,68.97,9939.05,45536.73,False
ATM044,2024-12-13,186,69.3,12860.3,32676.42,False
ATM044,2024-12-14,171,71.89,12324.48,20351.95,False
ATM044,2024-12-15,154,68.57,10588.01,69411.99,True
ATM044,2024-12-16,118,70.2,8284.24,61127.75,False
ATM044,2024-12-17,111,74.14,8226.28,52901.47,False
ATM044,2024-12-18,115,69.31,7957.57,44943.89,False
ATM044,2024-12-19,130,68.02,8861.24,36082.65,False
ATM044,2024-12-20,155,70.28,10897.01,25185.64,False
ATM044,2024-12-21,199,70.01,13961.91,66038.09,True
ATM044,2024-12-22,143,68.11,9758.34,56279.74,False
ATM044,2024-12-23,120,70.36,8454.22,47825.52,False
ATM044,2024-12-24,117,70.68,8243.44,39582.08,False
ATM044,2024-12-25,115,72.77,8367.56,31214.52,False
ATM044,2024-12-26,131,71.01,9337.26,21877.26,False
ATM044,2024-12-27,151,72.21,10881.5,69118.5,True
ATM044,2024-12-28,188,70.17,13178.33,55940.17,False
ATM044,2024-12-29,121,74.39,8965.73,46974.45,False
ATM044,2024-12-30,96,73.13,6985.26,39989.18,False
ATM044,2024-12-31,124,66.0,8214.8,31774.39,False
ATM045,2024-01-01,94,69.11,6520.34,73479.66,False
ATM045,2024-01-02,104,73.6,7664.53,65815.13,False
ATM045,2024-01-03,114,64.44,7324.02,58491.11,False
ATM045,2024-01-04,129,71.05,9199.06,49292.05,False
ATM045,2024-01-05,138,70.72,9735.43,70264.57,True
ATM045,2024-01-06,185,69.32,12856.31,57408.26,False
ATM045,2024-01-07,125,68.72,8564.4,48843.86,False
ATM045,2024-01-08,106,70.74,7517.5,41326.36,False
ATM045,2024-01-09,119,65.49,7801.94,33524.42,False
ATM045,2024-01-10,108,71.02,7673.13,72326.87,True
ATM045,2024-01-11,122,69.15,8404.86,63922.02,False
ATM045,2024-01-12,173,72.82,12571.57,51350.45,False
ATM045,2024-01-13,174,69.83,12143.57,39206.87,False
ATM045,2024-01-14,132,72.69,9578.8,29628.08,False
ATM045,2024-01-15,107,67.8,7263.94,72736.06,True
ATM045,2024-01-16,111,67.64,7526.11,65209.95,False
ATM045,2024-01-17,96,68.28,6577.51,58632.44,False
ATM045,2024-01-18,117,73.26,8552.05,50080.39,False
ATM045,2024-01-19,155,69.74,10831.27,39249.12,False
ATM045,2024-01-20,184,68.64,12595.29,67404.71,True
ATM045,2024-01-21,122,70.7,8624.63,58780.08,False
ATM045,2024-01-22,103,68.39,7072.32,51707.76,False
ATM045,2024-01-23,103,70.68,7279.09,44428.67,False
ATM045,2024-01-24,97,69.73,6778.39,37650.28,False
ATM045,2024-01-25,111,68.56,7588.32,72411.68,True
ATM045,2024-01-26,172,69.84,12028.21,60383.47,False
ATM045,2024-01-27,200,69.85,14002.98,46380.49,False
ATM045,2024-01-28,136,71.67,9711.24,36669.25,False
ATM045,2024-01-29,114,67.24,7683.56,28985.69,False
ATM045,2024-01-30,106,68.88,7328.92,72671.08,True
ATM045,2024-01-31,103,70.33,7241.34,65429.74,False
ATM045,2024-02-01,92,68.16,6253.73,59176.0,False
ATM045,2024-02-02,127,69.47,8836.45,50339.56,False
ATM045,2024-02-03,144,68.52,9838.88,40500.67,False
ATM045,2024-02-04,111,69.06,7634.55,72365.45,True
ATM045,2024-02-05,95,67.66,6411.05,65954.39,False
ATM045,2024-02-06,78,74.29,5805.91,60148.49,False
ATM045,2024-02-07,91,65.58,5981.47,54167.02,False
ATM045,2024-02-08,103,68.51,7089.38,47077.64,False
ATM045,2024-02-09,138,69.81,9648.46,70351.54,True
ATM045,2024-02-10,155,69.79,10789.84,59561.7,False
ATM045,2024-02-11,103,72.41,7443.51,52118.18,False
ATM045,2024-02-12,82,67.22,5487.2,46630.99,False
ATM045,2024-02-13,87,66.45,5807.26,40823.73,False
ATM045,2024-02-14,88,68.79,6073.45,73926.55,True
ATM045,2024-02-15,161,69.81,11263.73,62662.82,False
ATM045,2024-02-16,205,69.2,14204.08,65795.92,True
ATM045,2024-02-17,204,71.87,14660.9,51135.02,False
ATM045,2024-02-18,185,67.45,12511.12,38623.91,False
ATM045,2024-02-19,159,68.59,10911.33,69088.67,True
ATM045,2024-02-20,125,70.99,8871.99,60216.68,False
ATM045,2024-02-21,142,69.85,9929.78,50286.9,False
ATM045,2024-02-22,142,72.46,10268.89,69731.11,True
ATM045,2024-02-23,198,69.86,13801.94,55929.18,False
ATM045,2024-02-24,264,67.19,17767.82,38161.36,False
ATM045,2024-02-25,154,72.15,11131.81,68868.19,True
ATM045,2024-02-26,141,71.88,10108.31,58759.88,False
ATM045,2024-02-27,121,70.67,8524.75,50235.13,False
ATM045,2024-02-28,125,74.77,9357.99,70642.01,True
ATM045,2024-02-29,159,69.95,11134.13,59507.88,False
ATM045,2024-03-01,210,70.11,14708.9,44798.98,False
ATM045,2024-03-02,243,68.2,16572.67,63427.33,True
ATM045,2024-03-03,188,67.22,12647.72,50779.61,False
ATM045,2024-03-04,145,68.27,9882.35,40897.25,False
ATM045,2024-03-05,130,72.07,9379.94,70620.06,True
ATM045,2024-03-06,122,69.64,8468.31,62151.75,False
ATM045,2024-03-07,137,69.41,9512.21,52639.54,False
ATM045,2024-03-08,185,70.34,13032.84,66967.16,True
ATM045,2024-03-09,214,71.57,15317.44,51649.72,False
ATM045,2024-03-10,179,70.02,12527.31,39122.41,False
ATM045,2024-03-11,142,72.9,10370.38,69629.62,True
ATM045,2024-03-12,120,73.01,8767.3,60862.33,False
ATM045,2024-03-13,140,67.95,9522.04,51340.28,False
ATM045,2024-03-14,154,69.85,10742.96,69257.04,True
ATM045,2024-03-15,193,67.69,13065.16,56191.88,False
ATM045,2024-03-16,165,70.59,11643.24,44548.64,False
ATM045,2024-03-17,121,69.13,8389.05,36159.59,False
ATM045,2024-03-18,91,66.47,6059.17,30100.42,False
ATM045,2024-03-19,93,70.86,6583.88,23516.54,False
ATM045,2024-03-20,89,68.34,6104.07,73895.93,True
ATM045,2024-03-21,108,69.63,7489.7,66406.22,False
ATM045,2024-03-22,136,68.74,9375.24,57030.98,False
ATM045,2024-03-23,142,71.16,10090.47,46940.51,False
ATM045,2024-03-24,98,70.17,6848.65,40091.87,False
ATM045,2024-03-25,98,69.82,6852.26,73147.74,True
ATM045,2024-03-26,91,72.82,6623.75,66523.99,False
ATM045,2024-03-27,97,68.87,6690.81,59833.18,False
ATM045,2024-03-28,98,70.73,6904.46,52928.72,False
ATM045,2024-03-29,133,68.94,9178.35,43750.38,False
ATM045,2024-03-30,132,75.34,9980.98,70019.02,True
ATM045,2024-03-31,103,72.24,7420.34,62598.67,False
ATM045,2024-04-01,98,73.57,7236.59,55362.08,False
ATM045,2024-04-02,103,70.11,7189.97,48172.11,False
ATM045,2024-04-03,92,72.34,6629.41,41542.7,False
ATM045,2024-04-04,135,67.51,9118.41,70881.59,True
ATM045,2024-04-05,184,67.19,12357.8,58523.79,False
ATM045,2024-04-06,188,69.4,13022.51,45501.28,False
ATM045,2024-04-07,141,70.52,9964.82,35536.46,False
ATM045,2024-04-08,113,72.6,8208.84,27327.62,False
ATM045,2024-04-09,103,69.94,7234.16,72765.84,True
ATM045,2024-04-10,101,69.37,6972.85,65792.99,False
ATM045,2024-04-11,133,71.59,9505.45,56287.54,False
ATM045,2024-04-12,144,73.43,10579.61,45707.93,False
ATM045,2024-04-13,178,71.74,12802.82,32905.11,False
ATM045,2024-04-14,133,70.88,9392.02,70607.98,True
ATM045,2024-04-15,92,72.32,6687.02,63920.96,False
ATM045,2024-04-16,87,72.13,6305.26,57615.7,False
ATM045,2024-04-17,106,71.75,7589.58,50026.12,False
ATM045,2024-04-18,116,72.19,8398.54,41627.58,False
ATM045,2024-04-19,161,70.59,11395.08,68604.92,True
ATM045,2024-04-20,173,73.95,12816.95,55787.98,False
ATM045,2024-04-21,141,67.23,9464.45,46323.53,False
ATM045,2024-04-22,104,71.26,7392.98,38930.55,False
ATM045,2024-04-23,118,68.48,8063.67,30866.88,False
ATM045,2024-04-24,125,70.37,8816.26,71183.74,True
ATM045,2024-04-25,127,67.37,8554.09,62629.65,False
ATM045,2024-04-26,178,69.06,12306.58,50323.07,False
ATM045,2024-04-27,171,69.33,11825.09,38497.98,False
ATM045,2024-04-28,141,70.98,9997.33,28500.65,False
ATM045,2024-04-29,105,68.89,7226.63,72773.37,True
ATM045,2024-04-30,117,69.5,8148.68,64624.68,False
ATM045,2024-05-01,91,71.69,6532.0,58092.68,False
ATM045,2024-05-02,75,72.66,5448.46,52644.22,False
ATM045,2024-05-03,129,69.24,8935.79,43708.43,False
ATM045,2024-05-04,158,73.04,11563.64,68436.36,True
ATM045,2024-05-05,109,71.53,7827.92,60608.44,False
ATM045,2024-05-06,94,73.0,6863.0,53745.44,False
ATM045,2024-05-07,98,70.23,6861.22,46884.23,False
ATM045,2024-05-08,86,69.46,5964.77,40919.45,False
ATM045,2024-05-09,100,69.89,6983.52,73016.48,True
ATM045,2024-05-10,125,70.92,8836.35,64180.14,False
ATM045,2024-05-11,133,70.18,9303.29,54876.84,False
ATM045,2024-05-12,109,70.24,7642.06,47234.79,False
ATM045,2024-05-13,95,71.51,6802.38,40432.41,False
ATM045,2024-05-14,104,68.91,7188.29,72811.71,True
ATM045,2024-05-15,91,70.45,6404.74,66406.98,False
ATM045,2024-05-16,104,67.34,7003.58,59403.4,False
ATM045,2024-05-17,125,70.01,8731.05,50672.34,False
ATM045,2024-05-18,134,69.3,9298.01,41374.33,False
ATM045,2024-05-19,104,69.37,7227.36,72772.64,True
ATM045,2024-05-20,102,67.74,6937.56,65835.08,False
ATM045,2024-05-21,95,68.8,6538.78,59296.29,False
ATM045,2024-05-22,86,70.98,6087.34,53208.95,False
ATM045,2024-05-23,100,68.13,6790.05,46418.9,False
ATM045,2024-05-24,139,66.27,9242.48,70757.52,True
ATM045,2024-05-25,168,63.49,10663.18,60094.35,False
ATM045,2024-05-26,113,71.29,8047.51,52046.83,False
ATM045,2024-05-27,96,74.58,7169.15,44877.68,False
ATM045,2024-05-28,96,68.68,6569.05,38308.63,False
ATM045,2024-05-29,108,67.49,7312.38,72687.62,True
ATM045,2024-05-30,82,73.89,6058.48,66629.14,False
ATM045,2024-05-31,150,66.06,9893.11,56736.03,False
ATM045,2024-06-01,133,71.16,9442.67,47293.37,False
ATM045,2024-06-02,104,68.48,7115.7,40177.66,False
ATM045,2024-06-03,99,74.51,7354.68,72645.32,True
ATM045,2024-06-04,89,69.68,6216.08,66429.24,False
ATM045,2024-06-05,97,68.82,6690.29,59738.96,False
ATM045,2024-06-06,92,64.2,5921.04,53817.92,False
ATM045,2024-06-07,131,71.85,9436.43,44381.49,False
ATM045,2024-06-08,145,71.7,10394.05,69605.95,True
ATM045,2024-06-09,111,72.91,8059.81,61546.14,False
ATM045,2024-06-10,92,70.58,6493.01,55053.13,False
ATM045,2024-06-11,88,69.46,6136.71,48916.42,False
ATM045,2024-06-12,78,72.46,5626.25,43290.17,False
ATM045,2024-06-13,98,69.07,6738.15,73261.85,True
ATM045,2024-06-14,136,67.19,9132.29,64129.56,False
ATM045,2024-06-15,145,71.08,10320.43,53809.13,False
ATM045,2024-06-16,100,72.18,7198.2,46610.93,False
ATM045,2024-06-17,94,66.78,6245.73,40365.2,False
ATM045,2024-06-18,96,70.42,6773.54,73226.46,True
ATM045,2024-06-19,93,71.86,6671.97,66554.49,False
ATM045,2024-06-20,94,68.9,6478.06,60076.43,False
ATM045,2024-06-21,138,73.85,10197.37,49879.07,False
ATM045,2024-06-22,152,68.68,10428.51,39450.56,False
ATM045,2024-06-23,124,68.68,8507.65,71492.35,True
ATM045,2024-06-24,95,69.1,6558.19,64934.16,False
ATM045,2024-06-25,92,68.01,6269.52,58664.64,False
ATM045,2024-06-26,89,68.68,6118.14,52546.49,False
ATM045,2024-06-27,103,70.34,7250.03,45296.47,False
ATM045,2024-06-28,148,68.27,10087.97,69912.03,True
ATM045,2024-06-29,143,71.31,10232.02,59680.01,False
ATM045,2024-06-30,120,66.96,8031.01,51649.0,False
ATM045,2024-07-01,96,68.29,6553.07,45095.93,False
ATM045,2024-07-02,89,73.91,6556.89,38539.04,False
ATM045,2024-07-03,76,68.62,5231.25,74768.75,True
ATM045,2024-07-04,101,69.99,7050.6,67718.15,False
ATM045,2024-07-05,144,70.17,10130.04,57588.12,False
ATM045,2024-07-06,147,67.86,10004.47,47583.65,False
ATM045,2024-07-07,102,68.44,6958.78,40624.87,False
ATM045,2024-07-08,87,70.81,6160.33,73839.67,True
ATM045,2024-07-09,89,68.63,6085.41,67754.26,False
ATM045,2024-07-10,85,68.52,5852.29,61901.97,False
ATM045,2024-07-11,97,68.43,6653.65,55248.32,False
ATM045,2024-07-12,136,72.87,9942.79,45305.53,False
ATM045,2024-07-13,132,72.35,9561.93,70438.07,True
ATM045,2024-07-14,113,70.38,7938.53,62499.54,False
ATM045,2024-07-15,102,69.64,7131.73,55367.81,False
ATM045,2024-07-16,90,70.26,6328.09,49039.73,False
ATM045,2024-07-17,89,70.96,6302.46,42737.27,False
ATM045,2024-07-18,98,70.98,6944.14,73055.86,True
ATM045,2024-07-19,132,68.66,9050.7,64005.16,False
ATM045,2024-07-20,143,69.23,9903.7,54101.46,False
ATM045,2024-07-21,118,69.03,8118.39,45983.07,False
ATM045,2024-07-22,95,70.56,6708.39,39274.68,False
ATM045,2024-07-23,82,72.75,5965.34,74034.66,True
ATM045,2024-07-24,94,70.0,6612.83,67421.83,False
ATM045,2024-07-25,98,70.2,6882.41,60539.42,False
ATM045,2024-07-26,125,68.27,8522.09,52017.33,False
ATM045,2024-07-27,161,66.68,10724.06,41293.27,False
ATM045,2024-07-28,104,69.18,7176.9,72823.1,True
ATM045,2024-07-29,110,71.41,7853.37,64969.72,False
ATM045,2024-07-30,97,68.31,6643.77,58325.96,False
ATM045,2024-07-31,97,66.3,6441.93,51884.02,False
ATM045,2024-08-01,95,71.06,6763.26,45120.76,False
ATM045,2024-08-02,121,70.83,8589.14,71410.86,True
ATM045,2024-08-03,156,68.73,10734.24,60676.62,False
ATM045,2024-08-04,104,68.5,7133.24,53543.38,False
ATM045,2024-08-05,90,69.33,6255.12,47288.26,False
ATM045,2024-08-06,93,68.88,6375.98,40912.27,False
ATM045,2024-08-07,96,73.35,7026.11,72973.89,True
ATM045,2024-08-08,102,69.28,7037.0,65936.88,False
ATM045,2024-08-09,129,70.67,9137.62,56799.27,False
ATM045,2024-08-10,154,69.58,10746.0,46053.27,False
ATM045,2024-08-11,104,70.74,7357.22,38696.04,False
ATM045,2024-08-12,94,68.8,6439.95,73560.05,True
ATM045,2024-08-13,90,68.73,6201.42,67358.63,False
ATM045,2024-08-14,85,69.99,5958.8,61399.84,False
ATM045,2024-08-15,97,68.46,6648.7,54751.14,False
ATM045,2024-08-16,148,69.18,10205.53,44545.61,False
ATM045,2024-08-17,166,71.32,11812.39,68187.61,True
ATM045,2024-08-18,99,72.44,7140.28,61047.33,False
ATM045,2024-08-19,82,74.14,6095.34,54951.99,False
ATM045,2024-08-20,88,71.14,6250.73,48701.26,False
ATM045,2024-08-21,89,70.56,6294.34,42406.91,False
ATM045,2024-08-22,100,68.06,6811.49,73188.51,True
ATM045,2024-08-23,135,72.15,9713.4,63475.11,False
ATM045,2024-08-24,130,73.23,9552.17,53922.94,False
ATM045,2024-08-25,114,69.08,7887.52,46035.42,False
ATM045,2024-08-26,84,73.91,6208.09,39827.33,False
ATM045,2024-08-27,91,72.39,6570.41,73429.59,True
ATM045,2024-08-28,87,71.17,6171.3,67258.29,False
ATM045,2024-08-29,102,69.63,7092.98,60165.31,False
ATM045,2024-08-30,132,72.33,9557.99,50607.32,False
ATM045,2024-08-31,167,69.47,11612.53,38994.79,False
ATM045,2024-09-01,94,73.45,6898.39,73101.61,True
ATM045,2024-09-02,102,70.84,7196.67,65904.94,False
ATM045,2024-09-03,99,70.69,6975.12,58929.82,False
ATM045,2024-09-04,88,67.24,5893.5,53036.32,False
ATM045,2024-09-05,90,70.01,6309.97,46726.35,False
ATM045,2024-09-06,133,68.78,9180.6,70819.4,True
ATM045,2024-09-07,144,71.8,10305.01,60514.39,False
ATM045,2024-09-08,106,68.5,7278.4,53235.99,False
ATM045,2024-09-09,86,71.93,6196.7,47039.3,False
ATM045,2024-09-10,87,70.59,6122.46,40916.84,False
ATM045,2024-09-11,92,75.97,7002.0,72998.0,True
ATM045,2024-09-12,102,71.14,7238.95,65759.05,False
ATM045,2024-09-13,123,70.77,8730.41,57028.64,False
ATM045,2024-09-14,145,71.87,10427.57,46601.07,False
ATM045,2024-09-15,104,70.42,7357.88,39243.19,False
ATM045,2024-09-16,90,73.99,6686.25,73313.75,True
ATM045,2024-09-17,94,72.66,6864.27,66449.48,False
ATM045,2024-09-18,96,69.09,6608.67,59840.81,False
ATM045,2024-09-19,107,68.38,7282.73,52558.07,False
ATM045,2024-09-20,127,73.73,9349.23,43208.84,False
ATM045,2024-09-21,153,70.48,10780.86,69219.14,True
ATM045,2024-09-22,111,69.8,7753.17,61465.97,False
ATM045,2024-09-23,82,67.34,5511.19,55954.79,False
ATM045,2024-09-24,94,68.07,6424.2,49530.59,False
ATM045,2024-09-25,92,67.42,6233.6,43296.99,False
ATM045,2024-09-26,94,69.99,6582.03,73417.97,True
ATM045,2024-09-27,140,72.36,10118.85,63299.12,False
ATM045,2024-09-28,140,70.64,9862.0,53437.13,False
ATM045,2024-09-29,98,70.12,6844.34,46592.79,False
ATM045,2024-09-30,98,69.86,6851.17,39741.62,False
ATM045,2024-10-01,94,71.76,6746.09,73253.91,True
ATM045,2024-10-02,92,69.48,6387.72,66866.19,False
ATM045,2024-10-03,100,66.94,6667.5,60198.69,False
ATM045,2024-10-04,120,72.09,8663.06,51535.62,False
ATM045,2024-10-05,170,67.73,11542.92,39992.71,False
ATM045,2024-10-06,114,66.69,7598.68,72401.32,True
ATM045,2024-10-07,85,70.55,5985.34,66415.98,False
ATM045,2024-10-08,90,65.98,5933.16,60482.82,False
ATM045,2024-10-09,101,69.9,7083.76,53399.06,False
ATM045,2024-10-10,91,70.27,6406.67,46992.39,False
ATM045,2024-10-11,133,70.89,9431.63,70568.37,True
ATM045,2024-10-12,143,70.66,10138.33,60430.04,False
ATM045,2024-10-13,120,67.23,8078.9,52351.13,False
ATM045,2024-10-14,85,71.76,6105.31,46245.82,False
ATM045,2024-10-15,85,69.83,5919.6,40326.22,False
ATM045,2024-10-16,88,69.14,6077.28,73922.72,True
ATM045,2024-10-17,99,67.36,6686.85,67235.87,False
ATM045,2024-10-18,136,72.23,9795.01,57440.86,False
ATM045,2024-10-19,142,71.99,10254.94,47185.92,False
ATM045,2024-10-20,106,68.84,7306.95,39878.97,False
ATM045,2024-10-21,93,70.9,6595.82,73404.18,True
ATM045,2024-10-22,85,71.42,6104.17,67300.01,False
ATM045,2024-10-23,83,69.36,5739.64,61560.37,False
ATM045,2024-10-24,103,72.02,7405.22,54155.15,False
ATM045,2024-10-25,139,72.14,10056.82,44098.33,False
ATM045,2024-10-26,152,66.42,10115.16,69884.84,True
ATM045,2024-10-27,104,71.34,7426.74,62458.1,False
ATM045,2024-10-28,98,68.89,6777.77,55680.33,False
ATM045,2024-10-29,84,68.18,5749.45,49930.88,False
ATM045,2024-10-30,92,66.02,6046.19,43884.69,False
ATM045,2024-10-31,95,70.1,6670.86,73329.14,True
ATM045,2024-11-01,160,69.31,11116.07,62213.07,False
ATM045,2024-11-02,170,68.8,11674.18,50538.89,False
ATM045,2024-11-03,120,71.48,8583.64,41955.26,False
ATM045,2024-11-04,99,76.65,7562.01,34393.25,False
ATM045,2024-11-05,100,70.92,7093.06,72906.94,True
ATM045,2024-11-06,105,69.3,7252.14,65654.8,False
ATM045,2024-11-07,126,72.09,9111.42,56543.38,False
ATM045,2024-11-08,146,67.85,9898.82,46644.56,False
ATM045,2024-11-09,176,68.91,12134.97,34509.6,False
ATM045,2024-11-10,114,70.24,8029.59,71970.41,True
ATM045,2024-11-11,94,70.27,6630.85,65339.56,False
ATM045,2024-11-12,106,71.83,7640.62,57698.95,False
ATM045,2024-11-13,100,73.17,7336.76,50362.19,False
ATM045,2024-11-14,116,71.78,8359.32,42002.87,False
ATM045,2024-11-15,145,73.2,10630.27,69369.73,True
ATM045,2024-11-16,167,73.31,12248.71,57121.02,False
ATM045,2024-11-17,139,70.54,9813.77,47307.24,False
ATM045,2024-11-18,112,69.62,7780.34,39526.91,False
ATM045,2024-11-19,96,71.25,6855.4,32671.5,False
ATM045,2024-11-20,116,66.6,7698.94,72301.06,True
ATM045,2024-11-21,113,71.82,8120.31,64180.76,False
ATM045,2024-11-22,173,71.52,12401.85,51778.91,False
ATM045,2024-11-23,163,67.79,11016.78,40762.13,False
ATM045,2024-11-24,119,72.94,8710.21,32051.92,False
ATM045,2024-11-25,100,72.22,7247.86,72752.14,True
ATM045,2024-11-26,98,71.12,6950.13,65802.01,False
ATM045,2024-11-27,100,69.59,6939.27,58862.73,False
ATM045,2024-11-28,103,73.03,7545.49,51317.24,False
ATM045,2024-11-29,160,66.75,10661.13,40656.12,False
ATM045,2024-11-30,157,69.82,10933.0,69067.0,True
ATM045,2024-12-01,121,71.36,8642.15,60424.85,False
ATM045,2024-12-02,103,72.45,7439.05,52985.8,False
ATM045,2024-12-03,98,72.16,7066.75,45919.05,False
ATM045,2024-12-04,104,66.84,6933.19,38985.86,False
ATM045,2024-12-05,114,67.63,7710.08,72289.92,True
ATM045,2024-12-06,145,70.87,10261.51,62028.41,False
ATM045,2024-12-07,171,70.3,12026.66,50001.75,False
ATM045,2024-12-08,139,66.46,9259.45,40742.3,False
ATM045,2024-12-09,117,67.47,7870.31,32871.99,False
ATM045,2024-12-10,106,66.03,6972.7,73027.3,True
ATM045,2024-12-11,117,66.45,7758.74,65268.56,False
ATM045,2024-12-12,111,67.63,7509.4,57759.17,False
ATM045,2024-12-13,159,69.67,11092.07,46667.09,False
ATM045,2024-12-14,186,69.78,12967.69,33699.4,False
ATM045,2024-12-15,135,70.8,9547.89,70452.11,True
ATM045,2024-12-16,103,68.6,7078.19,63373.92,False
ATM045,2024-12-17,111,72.58,8069.73,55304.19,False
ATM045,2024-12-18,109,72.01,7851.34,47452.84,False
ATM045,2024-12-19,119,70.7,8437.8,39015.04,False
ATM045,2024-12-20,153,73.57,11231.52,68768.48,True
ATM045,2024-12-21,168,70.5,11859.18,56909.31,False
ATM045,2024-12-22,118,67.0,7917.99,48991.32,False
ATM045,2024-12-23,120,71.3,8587.12,40404.2,False
ATM045,2024-12-24,102,70.16,7152.71,33251.49,False
ATM045,2024-12-25,98,69.1,6739.13,73260.87,True
ATM045,2024-12-26,106,69.38,7374.98,65885.89,False
ATM045,2024-12-27,165,70.95,11738.41,54147.48,False
ATM045,2024-12-28,194,70.62,13692.75,40454.74,False
ATM045,2024-12-29,101,74.1,7502.4,32952.34,False
ATM045,2024-12-30,101,70.34,7130.3,72869.7,True
ATM045,2024-12-31,104,70.51,7311.93,65557.77,False
ATM046,2024-01-01,104,75.43,7874.99,72125.01,False
ATM046,2024-01-02,124,70.11,8679.69,63445.32,False
ATM046,2024-01-03,142,67.75,9630.5,53814.82,False
ATM046,2024-01-04,144,68.83,9914.07,70085.93,True
ATM046,2024-01-05,185,70.89,13149.88,56936.05,False
ATM046,2024-01-06,177,66.99,11882.65,45053.4,False
ATM046,2024-01-07,164,69.47,11390.42,33662.98,False
ATM046,2024-01-08,137,72.75,9937.52,23725.46,False
ATM046,2024-01-09,118,69.35,8165.89,71834.11,True
ATM046,2024-01-10,128,74.42,9500.97,62333.14,False
ATM046,2024-01-11,125,73.23,9144.07,53189.07,False
ATM046,2024-01-12,189,72.53,13740.54,39448.53,False
ATM046,2024-01-13,205,68.59,14093.5,25355.04,False
ATM046,2024-01-14,141,67.26,9467.98,70532.02,True
ATM046,2024-01-15,141,70.02,9874.63,60657.39,False
ATM046,2024-01-16,106,72.11,7654.17,53003.22,False
ATM046,2024-01-17,119,68.63,8186.47,44816.74,False
ATM046,2024-01-18,160,67.21,10782.55,34034.2,False
ATM046,2024-01-19,189,68.76,12996.79,67003.21,True
ATM046,2024-01-20,198,66.93,13277.86,53725.35,False
ATM046,2024-01-21,150,68.16,10235.81,43489.54,False
ATM046,2024-01-22,129,69.9,9003.41,34486.13,False
ATM046,2024-01-23,119,68.18,8113.27,26372.86,False
ATM046,2024-01-24,131,71.54,9357.27,70642.73,True
ATM046,2024-01-25,132,67.15,8894.86,61747.86,False
ATM046,2024-01-26,155,72.39,11201.97,50545.89,False
ATM046,2024-01-27,207,72.2,14913.63,35632.27,False
ATM046,2024-01-28,141,71.69,10107.74,25524.53,False
ATM046,2024-01-29,133,69.85,9282.31,70717.69,True
ATM046,2024-01-30,119,67.95,8087.46,62630.23,False
ATM046,2024-01-31,123,71.17,8721.88,53908.35,False
ATM046,2024-02-01,109,69.39,7556.36,46351.99,False
ATM046,2024-02-02,146,71.66,10493.09,35858.9,False
ATM046,2024-02-03,157,67.68,10592.1,69407.9,True
ATM046,2024-02-04,113,69.69,7872.67,61535.22,False
ATM046,2024-02-05,109,67.76,7359.23,54176.0,False
ATM046,2024-02-06,101,73.07,7364.67,46811.33,False
ATM046,2024-02-07,100,72.36,7261.95,39549.38,False
ATM046,2024-02-08,107,68.13,7292.05,72707.95,True
ATM046,2024-02-09,158,69.92,11044.71,61663.25,False
ATM046,2024-02-10,150,72.99,10954.89,50708.35,False
ATM046,2024-02-11,121,71.47,8673.87,42034.48,False
ATM046,2024-02-12,93,73.53,6866.73,35167.75,False
ATM046,2024-02-13,95,72.14,6835.63,73164.37,True
ATM046,2024-02-14,96,70.35,6772.6,66391.77,False
ATM046,2024-02-15,166,74.19,12287.78,67712.22,True
ATM046,2024-02-16,223,70.43,15703.08,52009.14,False
ATM046,2024-02-17,276,67.03,18475.62,33533.52,False
ATM046,2024-02-18,163,67.91,11088.48,68911.52,True
ATM046,2024-02-19,159,73.6,11708.3,57203.22,False
ATM046,2024-02-20,146,67.44,9846.98,47356.24,False
ATM046,2024-02-21,174,68.81,11939.18,68060.82,True
ATM046,2024-02-22,158,73.06,11513.63,56547.19,False
ATM046,2024-02-23,246,71.96,17730.16,38817.04,False
ATM046,2024-02-24,233,67.36,15724.48,64275.52,True
ATM046,2024-02-25,198,70.67,13964.88,50310.63,False
ATM046,2024-02-26,150,69.28,10362.09,39948.54,False
ATM046,2024-02-27,155,73.21,11353.69,68646.31,True
ATM046,2024-02-28,156,68.56,10718.54,57927.77,False
ATM046,2024-02-29,159,72.82,11591.5,46336.27,False
ATM046,2024-03-01,252,70.41,17765.98,62234.02,True
ATM046,2024-03-02,236,72.27,17080.85,45153.18,False
ATM046,2024-03-03,216,66.95,14464.77,30688.4,False
ATM046,2024-03-04,149,72.43,10765.27,69234.73,True
ATM046,2024-03-05,153,68.97,10558.5,58676.23,False
ATM046,2024-03-06,153,70.78,10862.93,47813.3,False
ATM046,2024-03-07,156,70.19,10920.9,69079.1,True
ATM046,2024-03-08,241,68.97,16615.75,52463.35,False
ATM046,2024-03-09,244,68.87,16784.53,35678.82,False
ATM046,2024-03-10,168,71.79,12063.04,67936.96,True
ATM046,2024-03-11,145,70.4,10213.81,57723.15,False
ATM046,2024-03-12,149,68.52,10232.61,47490.53,False
ATM046,2024-03-13,169,69.73,11803.38,68196.62,True
ATM046,2024-03-14,165,68.39,11276.25,56920.37,False
ATM046,2024-03-15,231,71.74,16582.91,40337.46,False
ATM046,2024-03-16,183,69.65,12746.6,27590.86,False
ATM046,2024-03-17,119,70.28,8360.0,19230.86,False
ATM046,2024-03-18,107,68.38,7283.3,11947.56,False
ATM046,2024-03-19,109,70.05,7655.56,72344.44,True
ATM046,2024-03-20,103,70.89,7323.69,65020.75,False
ATM046,2024-03-21,118,67.89,7997.44,57023.3,False
ATM046,2024-03-22,142,74.79,10649.14,46374.16,False
ATM046,2024-03-23,185,70.33,13032.07,33342.09,False
ATM046,2024-03-24,127,65.34,8278.98,71721.02,True
ATM046,2024-03-25,100,69.84,6952.3,64768.73,False
ATM046,2024-03-26,97,69.48,6758.84,58009.89,False
ATM046,2024-03-27,109,67.9,7368.79,50641.1,False
ATM046,2024-03-28,114,69.77,7924.29,42716.82,False
ATM046,2024-03-29,136,73.52,10015.82,69984.18,True
ATM046,2024-03-30,180,68.35,12288.43,57695.74,False
ATM046,2024-03-31,131,67.08,8807.53,48888.21,False
ATM046,2024-04-01,113,72.79,8246.29,40641.92,False
ATM046,2024-04-02,120,70.57,8499.36,32142.56,False
ATM046,2024-04-03,127,71.28,9071.09,70928.91,True
ATM046,2024-04-04,127,71.97,9157.24,61771.68,False
ATM046,2024-04-05,166,68.6,11359.13,50412.54,False
ATM046,2024-04-06,195,71.15,13899.41,36513.13,False
ATM046,2024-04-07,150,66.25,9963.93,26549.2,False
ATM046,2024-04-08,108,69.86,7549.59,72450.41,True
ATM046,2024-04-09,118,68.09,8020.02,64430.39,False
ATM046,2024-04-10,112,70.28,7850.64,56579.75,False
ATM046,2024-04-11,145,70.28,10219.79,46359.95,False
ATM046,2024-04-12,203,69.21,14017.99,32341.97,False
ATM046,2024-04-13,198,72.84,14435.26,65564.74,True
ATM046,2024-04-14,144,70.05,10081.18,55483.56,False
ATM046,2024-04-15,118,71.24,8414.81,47068.75,False
ATM046,2024-04-16,125,70.74,8833.44,38235.31,False
ATM046,2024-04-17,125,66.85,8330.67,29904.64,False
ATM046,2024-04-18,134,69.6,9297.8,70702.2,True
ATM046,2024-04-19,185,70.25,12997.65,57704.54,False
ATM046,2024-04-20,228,68.54,15622.34,42082.21,False
ATM046,2024-04-21,135,67.6,9128.97,32953.24,False
ATM046,2024-04-22,114,72.27,8263.54,24689.69,False
ATM046,2024-04-23,112,67.56,7572.91,72427.09,True
ATM046,2024-04-24,121,71.78,8714.41,63712.68,False
ATM046,2024-04-25,126,66.28,8370.56,55342.11,False
ATM046,2024-04-26,170,71.38,12099.83,43242.28,False
ATM046,2024-04-27,207,68.43,14135.07,29107.21,False
ATM046,2024-04-28,153,70.26,10734.7,69265.3,True
ATM046,2024-04-29,129,66.61,8573.49,60691.8,False
ATM046,2024-04-30,106,74.11,7857.34,52834.46,False
ATM046,2024-05-01,101,67.99,6890.49,45943.97,False
ATM046,2024-05-02,108,70.25,7569.21,38374.76,False
ATM046,2024-05-03,159,71.3,11333.49,68666.51,True
ATM046,2024-05-04,153,72.67,11122.28,57544.24,False
ATM046,2024-05-05,130,69.07,8992.83,48551.4,False
ATM046,2024-05-06,100,71.26,7134.28,41417.12,False
ATM046,2024-05-07,112,66.81,7450.59,33966.54,False
ATM046,2024-05-08,101,69.93,7089.5,72910.5,True
ATM046,2024-05-09,109,68.79,7470.05,65440.45,False
ATM046,2024-05-10,161,71.12,11469.99,53970.46,False
ATM046,2024-05-11,196,68.8,13514.67,40455.79,False
ATM046,2024-05-12,121,70.65,8576.27,31879.52,False
ATM046,2024-05-13,105,72.85,7664.59,72335.41,True
ATM046,2024-05-14,103,67.7,6956.08,65379.33,False
ATM046,2024-05-15,95,70.3,6712.16,58667.16,False
ATM046,2024-05-16,126,66.96,8410.15,50257.01,False
ATM046,2024-05-17,137,71.59,9816.13,40440.87,False
ATM046,2024-05-18,157,67.64,10652.11,69347.89,True
ATM046,2024-05-19,132,69.54,9197.74,60150.16,False
ATM046,2024-05-20,97,72.87,7050.08,53100.08,False
ATM046,2024-05-21,95,67.35,6415.1,46684.97,False
ATM046,2024-05-22,112,70.49,7906.84,38778.14,False
ATM046,2024-05-23,118,69.35,8153.33,71846.67,True
ATM046,2024-05-24,154,68.52,10574.71,61271.96,False
ATM046,2024-05-25,166,71.75,11924.32,49347.64,False
ATM046,2024-05-26,119,72.23,8611.67,40735.97,False
ATM046,2024-05-27,111,67.8,7540.23,33195.73,False
ATM046,2024-05-28,99,69.06,6840.98,73159.02,True
ATM046,2024-05-29,105,70.97,7436.67,65722.35,False
ATM046,2024-05-30,109,72.13,7844.11,57878.23,False
ATM046,2024-05-31,136,68.73,9349.57,48528.67,False
ATM046,2024-06-01,159,70.53,11246.21,37282.45,False
ATM046,2024-06-02,126,70.0,8829.48,71170.52,True
ATM046,2024-06-03,93,70.85,6565.56,64604.95,False
ATM046,2024-06-04,104,66.92,6972.88,57632.08,False
ATM046,2024-06-05,98,70.79,6910.24,50721.83,False
ATM046,2024-06-06,129,67.71,8728.3,41993.53,False
ATM046,2024-06-07,166,67.74,11259.77,68740.23,True
ATM046,2024-06-08,158,67.46,10669.28,58070.95,False
ATM046,2024-06-09,126,70.27,8861.81,49209.14,False
ATM046,2024-06-10,99,70.96,7041.75,42167.39,False
ATM046,2024-06-11,99,70.23,6930.42,35236.96,False
ATM046,2024-06-12,102,67.84,6906.31,73093.69,True
ATM046,2024-06-13,120,72.94,8751.61,64342.07,False
ATM046,2024-06-14,173,68.87,11908.34,52433.74,False
ATM046,2024-06-15,161,69.13,11118.13,41315.61,False
ATM046,2024-06-16,131,70.0,9157.63,32157.98,False
ATM046,2024-06-17,98,70.76,6930.02,73069.98,True
ATM046,2024-06-18,98,67.15,6563.42,66506.56,False
ATM046,2024-06-19,103,68.92,7118.73,59387.83,False
ATM046,2024-06-20,121,64.36,7767.03,51620.81,False
ATM046,2024-06-21,143,69.91,10008.97,41611.83,False
ATM046,2024-06-22,157,66.89,10487.29,69512.71,True
ATM046,2024-06-23,119,71.47,8517.42,60995.29,False
ATM046,2024-06-24,97,69.45,6762.99,54232.29,False
ATM046,2024-06-25,102,66.72,6795.98,47436.31,False
ATM046,2024-06-26,110,69.62,7664.16,39772.15,False
ATM046,2024-06-27,109,70.78,7681.31,72318.69,True
ATM046,2024-06-28,133,71.93,9551.78,62766.91,False
ATM046,2024-06-29,179,70.3,12551.68,50215.23,False
ATM046,2024-06-30,127,69.32,8773.66,41441.57,False
ATM046,2024-07-01,112,68.27,7647.02,33794.55,False
ATM046,2024-07-02,98,70.06,6894.99,73105.01,True
ATM046,2024-07-03,97,72.25,7035.54,66069.46,False
ATM046,2024-07-04,130,69.77,9061.37,57008.09,False
ATM046,2024-07-05,161,68.31,11010.54,45997.55,False
ATM046,2024-07-06,182,68.91,12535.27,33462.28,False
ATM046,2024-07-07,159,66.49,10586.28,69413.72,True
ATM046,2024-07-08,116,72.08,8366.26,61047.46,False
ATM046,2024-07-09,85,74.87,6388.55,54658.92,False
ATM046,2024-07-10,95,69.34,6610.73,48048.19,False
ATM046,2024-07-11,102,69.69,7099.93,40948.26,False
ATM046,2024-07-12,148,71.74,10614.69,69385.31,True
ATM046,2024-07-13,201,68.92,13832.12,55553.19,False
ATM046,2024-07-14,98,71.36,7005.64,48547.55,False
ATM046,2024-07-15,94,73.82,6926.56,41620.98,False
ATM046,2024-07-16,101,68.41,6893.94,34727.05,False
ATM046,2024-07-17,92,71.31,6571.72,73428.28,True
ATM046,2024-07-18,104,73.08,7626.13,65802.16,False
ATM046,2024-07-19,144,72.97,10498.02,55304.14,False
ATM046,2024-07-20,160,66.35,10587.8,44716.34,False
ATM046,2024-07-21,130,69.02,9001.97,35714.38,False
ATM046,2024-07-22,104,67.87,7067.01,72932.99,True
ATM046,2024-07-23,90,71.33,6405.0,66528.0,False
ATM046,2024-07-24,104,67.77,7045.32,59482.68,False
ATM046,2024-07-25,113,72.47,8216.83,51265.85,False
ATM046,2024-07-26,147,72.11,10573.06,40692.79,False
ATM046,2024-07-27,153,71.21,10871.94,69128.06,True
ATM046,2024-07-28,126,68.34,8591.06,60537.0,False
ATM046,2024-07-29,118,70.49,8311.16,52225.83,False
ATM046,2024-07-30,95,70.04,6630.67,45595.16,False
ATM046,2024-07-31,98,67.57,6637.96,38957.2,False
ATM046,2024-08-01,109,69.2,7533.71,72466.29,True
ATM046,2024-08-02,139,72.63,10070.75,62395.54,False
ATM046,2024-08-03,162,68.04,11053.06,51342.48,False
ATM046,2024-08-04,116,67.31,7817.77,43524.71,False
ATM046,2024-08-05,110,70.54,7735.4,35789.31,False
ATM046,2024-08-06,101,72.14,7252.79,72747.21,True
ATM046,2024-08-07,94,73.09,6891.93,65855.27,False
ATM046,2024-08-08,110,67.7,7440.69,58414.58,False
ATM046,2024-08-09,156,70.3,10936.23,47478.35,False
ATM046,2024-08-10,163,72.13,11779.01,35699.35,False
ATM046,2024-08-11,121,70.66,8557.73,71442.27,True
ATM046,2024-08-12,112,70.56,7917.36,63524.91,False
ATM046,2024-08-13,107,67.02,7153.93,56370.99,False
ATM046,2024-08-14,137,66.66,9152.47,47218.52,False
ATM046,2024-08-15,109,68.8,7486.44,39732.08,False
ATM046,2024-08-16,180,68.74,12347.93,67652.07,True
ATM046,2024-08-17,175,68.82,12028.07,55624.0,False
ATM046,2024-08-18,111,71.2,7897.87,47726.13,False
ATM046,2024-08-19,97,70.44,6845.27,40880.86,False
ATM046,2024-08-20,98,74.0,7220.56,33660.3,False
ATM046,2024-08-21,93,69.68,6458.07,73541.93,True
ATM046,2024-08-22,110,70.0,7714.05,65827.88,False
ATM046,2024-08-23,183,69.64,12752.71,53075.17,False
ATM046,2024-08-24,140,69.58,9775.41,43299.76,False
ATM046,2024-08-25,121,69.49,8424.24,34875.51,False
ATM046,2024-08-26,102,67.23,6845.42,73154.58,True
ATM046,2024-08-27,114,70.67,8038.38,65116.19,False
ATM046,2024-08-28,93,74.47,6960.32,58155.87,False
ATM046,2024-08-29,103,71.27,7315.83,50840.04,False
ATM046,2024-08-30,136,71.58,9761.96,41078.08,False
ATM046,2024-08-31,152,70.99,10771.43,69228.57,True
ATM046,2024-09-01,139,70.2,9738.88,59489.69,False
ATM046,2024-09-02,88,70.08,6174.36,53315.33,False
ATM046,2024-09-03,99,71.89,7147.02,46168.32,False
ATM046,2024-09-04,107,73.2,7821.17,38347.15,False
ATM046,2024-09-05,112,68.62,7703.55,72296.45,True
ATM046,2024-09-06,143,68.87,9851.58,62444.87,False
ATM046,2024-09-07,180,67.17,12057.28,50387.59,False
ATM046,2024-09-08,112,71.18,7960.72,42426.87,False
ATM046,2024-09-09,97,70.78,6880.09,35546.78,False
ATM046,2024-09-10,92,70.6,6527.75,73472.25,True
ATM046,2024-09-11,101,66.01,6683.56,66788.69,False
ATM046,2024-09-12,121,68.54,8312.53,58476.16,False
ATM046,2024-09-13,153,68.55,10470.1,48006.07,False
ATM046,2024-09-14,171,70.7,12114.77,35891.3,False
ATM046,2024-09-15,128,68.85,8822.86,71177.14,True
ATM046,2024-09-16,101,70.88,7173.58,64003.56,False
ATM046,2024-09-17,109,70.64,7700.06,56303.5,False
ATM046,2024-09-18,93,70.56,6576.14,49727.36,False
ATM046,2024-09-19,117,65.8,7685.2,42042.16,False
ATM046,2024-09-20,134,69.86,9363.01,70636.99,True
ATM046,2024-09-21,168,69.38,11676.26,58960.73,False
ATM046,2024-09-22,133,68.04,9036.69,49924.05,False
ATM046,2024-09-23,96,68.27,6532.91,43391.14,False
ATM046,2024-09-24,95,69.88,6621.88,36769.26,False
ATM046,2024-09-25,102,65.5,6671.52,73328.48,True
ATM046,2024-09-26,92,70.26,6494.76,66833.72,False
ATM046,2024-09-27,150,65.79,9844.33,56989.39,False
ATM046,2024-09-28,166,73.24,12183.19,44806.19,False
ATM046,2024-09-29,120,70.56,8438.36,36367.83,False
ATM046,2024-09-30,113,65.14,7339.49,72660.51,True
ATM046,2024-10-01,101,72.6,7354.18,65306.33,False
ATM046,2024-10-02,116,69.08,8022.57,57283.76,False
ATM046,2024-10-03,99,72.85,7180.64,50103.12,False
ATM046,2024-10-04,154,71.84,11032.56,39070.56,False
ATM046,2024-10-05,158,70.57,11145.28,68854.72,True
ATM046,2024-10-06,113,69.99,7890.52,60964.2,False
ATM046,2024-10-07,94,74.92,7025.41,53938.79,False
ATM046,2024-10-08,110,65.48,7181.21,46757.58,False
ATM046,2024-10-09,100,70.77,7053.85,39703.73,False
ATM046,2024-10-10,111,67.68,7520.78,72479.22,True
ATM046,2024-10-11,164,67.98,11158.08,61321.15,False
ATM046,2024-10-12,179,67.8,12141.05,49180.09,False
ATM046,2024-10-13,114,72.01,8182.74,40997.35,False
ATM046,2024-10-14,106,70.07,7449.36,33548.0,False
ATM046,2024-10-15,98,70.19,6896.2,73103.8,True
ATM046,2024-10-16,100,66.81,6674.37,66429.43,False
ATM046,2024-10-17,111,73.21,8090.48,58338.95,False
ATM046,2024-10-18,158,70.53,11114.2,47224.74,False
ATM046,2024-10-19,149,71.84,10715.75,36508.99,False
ATM046,2024-10-20,123,71.6,8785.46,71214.54,True
ATM046,2024-10-21,106,73.33,7738.89,63475.66,False
ATM046,2024-10-22,95,67.29,6391.91,57083.75,False
ATM046,2024-10-23,105,68.06,7128.16,49955.59,False
ATM046,2024-10-24,99,72.56,7200.48,42755.11,False
ATM046,2024-10-25,142,69.98,9927.35,70072.65,True
ATM046,2024-10-26,148,70.13,10403.18,59669.47,False
ATM046,2024-10-27,127,72.55,9227.58,50441.89,False
ATM046,2024-10-28,111,69.84,7744.9,42696.99,False
ATM046,2024-10-29,105,70.9,7469.8,35227.18,False
ATM046,2024-10-30,97,70.8,6841.15,73158.85,True
ATM046,2024-10-31,123,67.21,8271.73,64887.12,False
ATM046,2024-11-01,167,69.7,11672.23,53214.88,False
ATM046,2024-11-02,187,67.4,12632.88,40582.0,False
ATM046,2024-11-03,135,72.08,9732.52,30849.48,False
ATM046,2024-11-04,129,70.67,9093.14,70906.86,True
ATM046,2024-11-05,111,74.38,8258.13,62648.73,False
ATM046,2024-11-06,114,70.51,8016.02,54632.71,False
ATM046,2024-11-07,131,67.3,8803.35,45829.36,False
ATM046,2024-11-08,197,69.36,13658.8,32170.57,False
ATM046,2024-11-09,208,69.48,14446.67,65553.33,True
ATM046,2024-11-10,161,67.91,10937.3,54616.04,False
ATM046,2024-11-11,128,71.88,9215.38,45400.66,False
ATM046,2024-11-12,104,68.91,7191.88,38208.77,False
ATM046,2024-11-13,122,73.44,8941.07,29267.7,False
ATM046,2024-11-14,139,69.17,9645.06,70354.94,True
ATM046,2024-11-15,165,71.19,11747.71,58607.23,False
ATM046,2024-11-16,193,69.19,13356.52,45250.71,False
ATM046,2024-11-17,137,71.85,9867.27,35383.44,False
ATM046,2024-11-18,134,72.16,9639.32,25744.12,False
ATM046,2024-11-19,120,68.11,8160.02,71839.98,True
ATM046,2024-11-20,119,73.5,8722.71,63117.27,False
ATM046,2024-11-21,140,70.44,9841.5,53275.77,False
ATM046,2024-11-22,172,70.72,12148.56,41127.2,False
ATM046,2024-11-23,212,70.49,14919.16,26208.04,False
ATM046,2024-11-24,145,68.56,9951.01,70048.99,True
ATM046,2024-11-25,149,68.13,10182.39,59866.6,False
ATM046,2024-11-26,108,70.34,7612.13,52254.47,False
ATM046,2024-11-27,114,72.15,8207.61,44046.86,False
ATM046,2024-11-28,146,67.45,9878.48,34168.38,False
ATM046,2024-11-29,175,68.16,11923.99,68076.01,True
ATM046,2024-11-30,205,70.9,14537.67,53538.34,False
ATM046,2024-12-01,139,70.45,9766.03,43772.31,False
ATM046,2024-12-02,115,68.44,7850.38,35921.94,False
ATM046,2024-12-03,106,70.31,7445.25,28476.68,False
ATM046,2024-12-04,124,67.93,8407.43,71592.57,True
ATM046,2024-12-05,131,72.22,9448.4,62144.17,False
ATM046,2024-12-06,169,69.31,11696.72,50447.45,False
ATM046,2024-12-07,204,69.99,14264.58,36182.87,False
ATM046,2024-12-08,132,69.07,9105.44,27077.43,False
ATM046,2024-12-09,118,69.64,8217.13,71782.87,True
ATM046,2024-12-10,110,73.29,8081.92,63700.95,False
ATM046,2024-12-11,124,66.39,8203.84,55497.11,False
ATM046,2024-12-12,125,73.67,9232.59,46264.52,False
ATM046,2024-12-13,180,69.08,12425.41,33839.1,False
ATM046,2024-12-14,189,71.23,13470.03,66529.97,True
ATM046,2024-12-15,147,66.82,9808.59,56721.38,False
ATM046,2024-12-16,116,69.86,8104.14,48617.24,False
ATM046,2024-12-17,123,68.78,8466.11,40151.12,False
ATM046,2024-12-18,116,70.09,8153.62,31997.5,False
ATM046,2024-12-19,124,69.81,8687.99,71312.01,True
ATM046,2024-12-20,192,67.51,12989.57,58322.44,False
ATM046,2024-12-21,208,67.71,14059.21,44263.23,False
ATM046,2024-12-22,136,68.61,9299.81,34963.42,False
ATM046,2024-12-23,141,66.4,9346.29,25617.13,False
ATM046,2024-12-24,113,69.94,7893.99,72106.01,True
ATM046,2024-12-25,122,74.09,9033.14,63072.87,False
ATM046,2024-12-26,125,71.13,8906.84,54166.04,False
ATM046,2024-12-27,179,69.79,12488.69,41677.35,False
ATM046,2024-12-28,210,66.67,14026.59,27650.76,False
ATM046,2024-12-29,141,70.95,9989.78,70010.22,True
ATM046,2024-12-30,113,70.96,7998.2,62012.02,False
ATM046,2024-12-31,103,70.2,7225.28,54786.74,False
ATM047,2024-01-01,138,94.38,13007.39,96992.61,False
ATM047,2024-01-02,117,90.94,10615.03,86377.58,False
ATM047,2024-01-03,122,97.64,11925.74,98074.26,True
ATM047,2024-01-04,136,93.68,12738.13,85336.14,False
ATM047,2024-01-05,161,95.35,15309.04,70027.09,False
ATM047,2024-01-06,196,93.2,18278.81,51748.28,False
ATM047,2024-01-07,174,89.87,15646.21,36102.08,False
ATM047,2024-01-08,110,95.66,10536.25,25565.82,False
ATM047,2024-01-09,118,93.52,11064.83,14501.0,False
ATM047,2024-01-10,124,95.73,11827.74,98172.26,True
ATM047,2024-01-11,128,93.31,11945.7,86226.56,False
ATM047,2024-01-12,184,95.48,17585.53,68641.03,False
ATM047,2024-01-13,213,93.34,19842.36,48798.67,False
ATM047,2024-01-14,147,97.71,14315.93,34482.74,False
ATM047,2024-01-15,125,94.71,11879.87,22602.87,False
ATM047,2024-01-16,120,93.24,11181.44,11421.44,False
ATM047,2024-01-17,115,94.15,10866.71,99133.29,True
ATM047,2024-01-18,143,92.47,13198.22,85935.07,False
ATM047,2024-01-19,185,94.45,17432.37,68502.7,False
ATM047,2024-01-20,224,97.06,21724.43,46778.26,False
ATM047,2024-01-21,150,97.62,14680.78,32097.49,False
ATM047,2024-01-22,115,98.92,11397.19,20700.3,False
ATM047,2024-01-23,121,94.87,11494.69,9205.61,False
ATM047,2024-01-24,114,93.86,10658.22,99341.78,True
ATM047,2024-01-25,120,94.29,11301.22,88040.57,False
ATM047,2024-01-26,179,93.86,16831.73,71208.83,False
ATM047,2024-01-27,179,97.01,17408.77,53800.06,False
ATM047,2024-01-28,146,99.82,14564.06,39236.0,False
ATM047,2024-01-29,139,95.45,13301.38,25934.62,False
ATM047,2024-01-30,128,95.74,12211.54,13723.08,False
ATM047,2024-01-31,120,94.21,11262.15,98737.85,True
ATM047,2024-02-01,107,106.65,11430.06,87307.79,False
ATM047,2024-02-02,170,95.7,16253.11,71054.67,False
ATM047,2024-02-03,176,96.35,16959.92,54094.76,False
ATM047,2024-02-04,122,97.16,11866.93,42227.83,False
ATM047,2024-02-05,109,92.12,10010.94,32216.88,False
ATM047,2024-02-06,104,96.75,10048.82,22168.06,False
ATM047,2024-02-07,102,95.88,9817.36,100182.64,True
ATM047,2024-02-08,123,94.85,11690.59,88492.05,False
ATM047,2024-02-09,156,92.98,14516.89,73975.15,False
ATM047,2024-02-10,162,99.37,16106.49,57868.66,False
ATM047,2024-02-11,123,96.02,11777.5,46091.16,False
ATM047,2024-02-12,105,93.83,9893.2,36197.96,False
ATM047,2024-02-13,96,95.29,9135.68,27062.28,False
ATM047,2024-02-14,97,98.63,9565.5,100434.5,True
ATM047,2024-02-15,165,94.87,15643.07,84791.43,False
ATM047,2024-02-16,222,96.06,21328.02,88671.98,True
ATM047,2024-02-17,285,92.04,26242.55,62429.43,False
ATM047,2024-02-18,194,90.53,17558.77,44870.66,False
ATM047,2024-02-19,168,94.69,15898.37,28972.29,False
ATM047,2024-02-20,138,91.36,12618.03,97381.97,True
ATM047,2024-02-21,168,90.26,15140.33,82241.65,False
ATM047,2024-02-22,171,93.78,16071.28,66170.37,False
ATM047,2024-02-23,229,93.08,21306.27,44864.1,False
ATM047,2024-02-24,236,93.61,22116.39,87883.61,True
ATM047,2024-02-25,190,94.17,17924.07,69959.54,False
ATM047,2024-02-26,159,94.31,15030.46,54929.08,False
ATM047,2024-02-27,152,96.18,14622.44,40306.64,False
ATM047,2024-02-28,149,92.28,13770.65,96229.35,True
ATM047,2024-02-29,182,92.68,16851.66,79377.7,False
ATM047,2024-03-01,235,95.09,22369.3,57008.4,False
ATM047,2024-03-02,238,96.22,22887.8,34120.6,False
ATM047,2024-03-03,196,96.78,18951.03,91048.97,True
ATM047,2024-03-04,148,99.62,14726.41,76322.56,False
ATM047,2024-03-05,136,91.83,12460.6,63861.96,False
ATM047,2024-03-06,140,99.05,13844.36,50017.6,False
ATM047,2024-03-07,187,90.11,16836.55,93163.45,True
ATM047,2024-03-08,230,91.23,20948.94,72214.51,False
ATM047,2024-03-09,242,97.57,23575.0,48639.51,False
ATM047,2024-03-10,193,95.76,18437.79,30201.71,False
ATM047,2024-03-11,150,94.73,14165.95,95834.05,True
ATM047,2024-03-12,145,101.69,14696.36,81137.69,False
ATM047,2024-03-13,132,99.53,13163.3,67974.39,False
ATM047,2024-03-14,165,97.34,16032.81,51941.58,False
ATM047,2024-03-15,221,99.0,21880.5,88119.5,True
ATM047,2024-03-16,180,93.15,16777.94,71341.55,False
ATM047,2024-03-17,125,98.21,12324.43,59017.12,False
ATM047,2024-03-18,114,89.09,10120.63,48896.49,False
ATM047,2024-03-19,101,95.28,9637.81,39258.68,False
ATM047,2024-03-20,106,93.59,9886.93,100113.07,True
ATM047,2024-03-21,136,88.24,11990.73,88122.34,False
ATM047,2024-03-22,158,95.31,15077.17,73045.17,False
ATM047,2024-03-23,200,94.96,18984.58,54060.59,False
ATM047,2024-03-24,129,95.36,12320.56,41740.03,False
ATM047,2024-03-25,102,100.02,10187.6,31552.43,False
ATM047,2024-03-26,97,93.1,8988.3,22564.13,False
ATM047,2024-03-27,109,95.73,10455.73,99544.27,True
ATM047,2024-03-28,113,94.8,10715.55,88828.71,False
ATM047,2024-03-29,166,96.38,15967.86,72860.85,False
ATM047,2024-03-30,163,95.68,15597.02,57263.83,False
ATM047,2024-03-31,124,96.34,11900.61,45363.22,False
ATM047,2024-04-01,126,91.56,11577.8,33785.42,False
ATM047,2024-04-02,123,96.56,11915.13,21870.29,False
ATM047,2024-04-03,140,91.25,12812.65,97187.35,True
ATM047,2024-04-04,135,94.34,12725.39,84461.95,False
ATM047,2024-04-05,188,90.61,17045.26,67416.7,False
ATM047,2024-04-06,186,95.77,17802.72,49613.98,False
ATM047,2024-04-07,146,92.64,13492.0,36121.98,False
ATM047,2024-04-08,129,101.77,13087.96,23034.02,False
ATM047,2024-04-09,125,90.72,11322.51,11711.5,False
ATM047,2024-04-10,134,89.06,11930.65,98069.35,True
ATM047,2024-04-11,121,96.18,11634.96,86434.39,False
ATM047,2024-04-12,169,94.16,15906.78,70527.61,False
ATM047,2024-04-13,182,95.16,17290.15,53237.45,False
ATM047,2024-04-14,162,93.25,15115.28,38122.17,False
ATM047,2024-04-15,128,92.67,11824.88,26297.29,False
ATM047,2024-04-16,116,92.63,10789.12,15508.17,False
ATM047,2024-04-17,135,90.97,12260.44,97739.56,True
ATM047,2024-04-18,130,96.17,12494.6,85244.97,False
ATM047,2024-04-19,194,96.26,18677.0,66567.96,False
ATM047,2024-04-20,204,93.38,19085.08,47482.89,False
ATM047,2024-04-21,161,92.53,14907.31,32575.58,False
ATM047,2024-04-22,113,98.85,11155.26,21420.32,False
ATM047,2024-04-23,121,96.13,11657.64,9762.68,False
ATM047,2024-04-24,128,94.73,12100.67,97899.33,True
ATM047,2024-04-25,121,95.72,11563.89,86335.44,False
ATM047,2024-04-26,189,92.55,17502.27,68833.17,False
ATM047,2024-04-27,187,94.87,17774.37,51058.8,False
ATM047,2024-04-28,134,94.59,12705.48,38353.31,False
ATM047,2024-04-29,123,94.66,11624.12,26729.19,False
ATM047,2024-04-30,121,96.77,11692.28,15036.91,False
ATM047,2024-05-01,97,97.48,9436.2,100563.8,True
ATM047,2024-05-02,108,100.0,10763.56,89800.24,False
ATM047,2024-05-03,159,90.41,14376.92,75423.32,False
ATM047,2024-05-04,181,96.21,17380.39,58042.93,False
ATM047,2024-05-05,135,95.88,12990.16,45052.77,False
ATM047,2024-05-06,126,94.46,11921.72,33131.05,False
ATM047,2024-05-07,112,93.5,10453.96,22677.1,False
ATM047,2024-05-08,106,96.93,10265.44,99734.56,True
ATM047,2024-05-09,119,97.21,11586.05,88148.51,False
ATM047,2024-05-10,126,94.8,11941.65,76206.86,False
ATM047,2024-05-11,168,93.92,15748.26,60458.6,False
ATM047,2024-05-12,120,97.79,11707.59,48751.02,False
ATM047,2024-05-13,110,93.55,10265.02,38486.0,False
ATM047,2024-05-14,88,99.37,8766.7,29719.3,False
ATM047,2024-05-15,100,94.63,9478.69,100521.31,True
ATM047,2024-05-16,136,93.23,12695.44,87825.86,False
ATM047,2024-05-17,154,95.66,14692.04,73133.83,False
ATM047,2024-05-18,163,90.09,14651.92,58481.91,False
ATM047,2024-05-19,123,93.73,11546.27,46935.63,False
ATM047,2024-05-20,111,92.21,10216.02,36719.61,False
ATM047,2024-05-21,113,88.85,10015.34,26704.27,False
ATM047,2024-05-22,103,96.03,9869.39,100130.61,True
ATM047,2024-05-23,118,94.54,11184.33,88946.28,False
ATM047,2024-05-24,151,94.45,14301.72,74644.56,False
ATM047,2024-05-25,192,93.29,17874.31,56770.25,False
ATM047,2024-05-26,130,98.24,12788.46,43981.79,False
ATM047,2024-05-27,95,94.63,8962.5,35019.29,False
ATM047,2024-05-28,100,90.72,9072.95,25946.34,False
ATM047,2024-05-29,109,96.35,10483.48,99516.52,True
ATM047,2024-05-30,121,91.91,11133.57,88382.95,False
ATM047,2024-05-31,167,91.27,15200.61,73182.34,False
ATM047,2024-06-01,177,93.11,16484.09,56698.25,False
ATM047,2024-06-02,137,93.97,12853.69,43844.56,False
ATM047,2024-06-03,108,95.67,10285.63,33558.92,False
ATM047,2024-06-04,101,95.3,9664.25,23894.67,False
ATM047,2024-06-05,110,92.45,10131.23,99868.77,True
ATM047,2024-06-06,115,97.46,11242.8,88625.96,False
ATM047,2024-06-07,164,93.99,15400.77,73225.19,False
ATM047,2024-06-08,177,93.96,16596.56,56628.63,False
ATM047,2024-06-09,129,91.62,11843.32,44785.31,False
ATM047,2024-06-10,111,100.52,11146.95,33638.36,False
ATM047,2024-06-11,95,97.24,9248.53,24389.83,False
ATM047,2024-06-12,119,92.27,10983.67,99016.33,True
ATM047,2024-06-13,95,99.32,9397.39,89618.94,False
ATM047,2024-06-14,160,93.52,14967.49,74651.45,False
ATM047,2024-06-15,175,93.95,16449.6,58201.85,False
ATM047,2024-06-16,157,93.49,14691.04,43510.81,False
ATM047,2024-06-17,105,98.68,10355.05,33155.76,False
ATM047,2024-06-18,108,98.12,10631.9,22523.86,False
ATM047,2024-06-19,102,94.57,9626.9,100373.1,True
ATM047,2024-06-20,99,94.79,9386.85,90986.25,False
ATM047,2024-06-21,155,97.11,15012.75,75973.5,False
ATM047,2024-06-22,192,97.03,18590.89,57382.61,False
ATM047,2024-06-23,136,94.95,12871.57,44511.04,False
ATM047,2024-06-24,117,95.03,11072.47,33438.57,False
ATM047,2024-06-25,108,97.29,10523.19,22915.38,False
ATM047,2024-06-26,113,90.61,10194.51,99805.49,True
ATM047,2024-06-27,123,96.08,11799.49,88006.0,False
ATM047,2024-06-28,164,95.89,15733.37,72272.63,False
ATM047,2024-06-29,172,98.71,16962.46,55310.17,False
ATM047,2024-06-30,120,96.33,11552.49,43757.68,False
ATM047,2024-07-01,99,96.64,9584.44,34173.24,False
ATM047,2024-07-02,106,93.2,9888.07,24285.17,False
ATM047,2024-07-03,107,93.38,9983.31,100016.69,True
ATM047,2024-07-04,111,96.01,10644.7,89371.98,False
ATM047,2024-07-05,170,89.53,15262.38,74109.6,False
ATM047,2024-07-06,179,94.14,16825.94,57283.66,False
ATM047,2024-07-07,126,91.79,11600.8,45682.86,False
ATM047,2024-07-08,108,93.51,10088.38,35594.48,False
ATM047,2024-07-09,118,90.01,10621.56,24972.92,False
ATM047,2024-07-10,101,92.06,9270.93,100729.07,True
ATM047,2024-07-11,113,98.34,11129.82,89599.24,False
ATM047,2024-07-12,169,91.88,15515.23,74084.02,False
ATM047,2024-07-13,172,92.69,15909.9,58174.12,False
ATM047,2024-07-14,132,93.72,12374.24,45799.88,False
ATM047,2024-07-15,95,96.67,9167.51,36632.37,False
ATM047,2024-07-16,112,94.49,10613.93,26018.44,False
ATM047,2024-07-17,110,90.71,10002.02,99997.98,True
ATM047,2024-07-18,105,89.73,9462.87,90535.11,False
ATM047,2024-07-19,159,94.12,14931.5,75603.62,False
ATM047,2024-07-20,180,94.44,17034.21,58569.41,False
ATM047,2024-07-21,131,97.49,12797.11,45772.3,False
ATM047,2024-07-22,107,92.14,9894.6,35877.7,False
ATM047,2024-07-23,86,99.09,8496.11,27381.6,False
ATM047,2024-07-24,102,90.74,9284.83,100715.17,True
ATM047,2024-07-25,122,90.76,11029.93,89685.24,False
ATM047,2024-07-26,161,94.04,15114.02,74571.22,False
ATM047,2024-07-27,180,97.38,17490.27,57080.95,False
ATM047,2024-07-28,135,95.59,12901.04,44179.9,False
ATM047,2024-07-29,104,92.04,9530.31,34649.59,False
ATM047,2024-07-30,93,100.68,9361.36,25288.23,False
ATM047,2024-07-31,102,95.46,9746.57,100253.43,True
ATM047,2024-08-01,127,95.73,12156.01,88097.42,False
ATM047,2024-08-02,146,97.08,14213.58,73883.84,False
ATM047,2024-08-03,166,95.82,15910.74,57973.1,False
ATM047,2024-08-04,132,93.59,12378.07,45595.03,False
ATM047,2024-08-05,103,99.56,10253.38,35341.65,False
ATM047,2024-08-06,94,98.75,9298.77,26042.88,False
ATM047,2024-08-07,95,100.14,9516.47,100483.53,True
ATM047,2024-08-08,110,93.88,10294.79,90188.74,False
ATM047,2024-08-09,167,99.42,16646.19,73542.55,False
ATM047,2024-08-10,189,91.92,17361.89,56180.66,False
ATM047,2024-08-11,126,95.0,12011.26,44169.41,False
ATM047,2024-08-12,98,96.99,9532.0,34637.41,False
ATM047,2024-08-13,101,91.32,9201.54,25435.87,False
ATM047,2024-08-14,89,99.88,8854.25,101145.75,True
ATM047,2024-08-15,113,93.6,10546.44,90599.31,False
ATM047,2024-08-16,141,98.9,13935.74,76663.57,False
ATM047,2024-08-17,163,91.57,14885.24,61778.33,False
ATM047,2024-08-18,123,94.94,11676.14,50102.19,False
ATM047,2024-08-19,114,93.07,10598.0,39504.18,False
ATM047,2024-08-20,116,93.09,10824.83,28679.35,False
ATM047,2024-08-21,101,91.85,9242.0,100758.0,True
ATM047,2024-08-22,113,91.67,10353.76,90404.24,False
ATM047,2024-08-23,171,92.15,15786.68,74617.56,False
ATM047,2024-08-24,176,92.07,16243.44,58374.11,False
ATM047,2024-08-25,112,98.15,10999.65,47374.46,False
ATM047,2024-08-26,115,98.62,11322.09,36052.38,False
ATM047,2024-08-27,96,91.2,8764.82,27287.56,False
ATM047,2024-08-28,121,94.28,11391.25,98608.75,True
ATM047,2024-08-29,101,98.08,9927.28,88681.47,False
ATM047,2024-08-30,156,96.62,15049.13,73632.34,False
ATM047,2024-08-31,149,94.07,14017.9,59614.44,False
ATM047,2024-09-01,137,93.17,12762.25,46852.19,False
ATM047,2024-09-02,121,91.25,11034.33,35817.86,False
ATM047,2024-09-03,97,99.69,9639.4,26178.46,False
ATM047,2024-09-04,96,95.77,9150.41,100849.59,True
ATM047,2024-09-05,120,95.26,11387.08,89462.51,False
ATM047,2024-09-06,159,92.5,14718.42,74744.09,False
ATM047,2024-09-07,176,94.71,16622.31,58121.78,False
ATM047,2024-09-08,110,98.13,10799.88,47321.9,False
ATM047,2024-09-09,104,90.98,9495.88,37826.02,False
ATM047,2024-09-10,101,92.46,9318.87,28507.15,False
ATM047,2024-09-11,107,91.46,9740.4,100259.6,True
ATM047,2024-09-12,114,98.94,11278.3,88981.31,False
ATM047,2024-09-13,166,90.88,15089.72,73891.58,False
ATM047,2024-09-14,161,95.63,15379.91,58511.67,False
ATM047,2024-09-15,114,91.49,10406.07,48105.61,False
ATM047,2024-09-16,95,95.33,9018.12,39087.49,False
ATM047,2024-09-17,124,91.41,11303.27,27784.22,False
ATM047,2024-09-18,112,93.39,10501.33,99498.67,True
ATM047,2024-09-19,100,99.46,9965.31,89533.36,False
ATM047,2024-09-20,181,96.17,17423.02,72110.34,False
ATM047,2024-09-21,177,95.18,16816.54,55293.79,False
ATM047,2024-09-22,123,95.97,11818.88,43474.91,False
ATM047,2024-09-23,106,99.74,10610.98,32863.93,False
ATM047,2024-09-24,98,95.36,9366.58,23497.35,False
ATM047,2024-09-25,101,97.92,9856.85,100143.15,True
ATM047,2024-09-26,132,98.02,12929.71,87213.43,False
ATM047,2024-09-27,162,97.59,15839.08,71374.35,False
ATM047,2024-09-28,176,101.88,17916.23,53458.12,False
ATM047,2024-09-29,110,96.71,10613.2,42844.92,False
ATM047,2024-09-30,86,97.71,8447.55,34397.37,False
ATM047,2024-10-01,108,93.44,10097.74,24299.62,False
ATM047,2024-10-02,87,94.96,8227.29,101772.71,True
ATM047,2024-10-03,117,94.82,11101.96,90670.76,False
ATM047,2024-10-04,155,92.44,14340.73,76330.03,False
ATM047,2024-10-05,176,92.71,16335.86,59994.17,False
ATM047,2024-10-06,133,94.78,12638.24,47355.94,False
ATM047,2024-10-07,94,95.5,8969.54,38386.4,False
ATM047,2024-10-08,100,99.61,10001.48,28384.92,False
ATM047,2024-10-09,114,92.44,10583.84,99416.16,True
ATM047,2024-10-10,133,91.05,12077.33,87338.83,False
ATM047,2024-10-11,154,97.15,15007.87,72330.95,False
ATM047,2024-10-12,181,100.38,18157.73,54173.23,False
ATM047,2024-10-13,138,94.61,13056.76,41116.46,False
ATM047,2024-10-14,110,95.64,10539.59,30576.88,False
ATM047,2024-10-15,98,94.67,9244.96,21331.91,False
ATM047,2024-10-16,116,96.84,11248.18,98751.82,True
ATM047,2024-10-17,137,91.91,12624.99,86126.84,False
ATM047,2024-10-18,152,96.18,14583.55,71543.28,False
ATM047,2024-10-19,182,94.67,17269.68,54273.6,False
ATM047,2024-10-20,130,97.26,12630.45,41643.15,False
ATM047,2024-10-21,95,97.15,9183.48,32459.66,False
ATM047,2024-10-22,109,95.84,10473.7,21985.96,False
ATM047,2024-10-23,93,94.21,8719.49,101280.51,True
ATM047,2024-10-24,122,92.53,11270.38,90010.12,False
ATM047,2024-10-25,165,97.08,15972.76,74037.36,False
ATM047,2024-10-26,174,95.05,16550.25,57487.11,False
ATM047,2024-10-27,127,94.99,12104.51,45382.6,False
ATM047,2024-10-28,99,93.77,9249.57,36133.03,False
ATM047,2024-10-29,99,99.04,9765.08,26367.95,False
ATM047,2024-10-30,105,99.2,10410.36,99589.64,True
ATM047,2024-10-31,105,93.98,9906.35,89683.29,False
ATM047,2024-11-01,220,92.88,20435.79,69247.5,False
ATM047,2024-11-02,195,94.23,18340.23,50907.27,False
ATM047,2024-11-03,174,93.09,16229.94,34677.33,False
ATM047,2024-11-04,129,96.12,12417.41,22259.92,False
ATM047,2024-11-05,105,94.96,10016.76,12243.16,False
ATM047,2024-11-06,116,96.93,11259.0,98741.0,True
ATM047,2024-11-07,155,94.02,14567.19,84173.81,False
ATM047,2024-11-08,169,102.18,17253.18,66920.63,False
ATM047,2024-11-09,202,91.17,18406.32,48514.31,False
ATM047,2024-11-10,164,94.86,15518.3,32996.0,False
ATM047,2024-11-11,120,101.36,12181.37,20814.63,False
ATM047,2024-11-12,110,94.44,10392.09,10422.54,False
ATM047,2024-11-13,112,95.96,10733.12,99266.88,True
ATM047,2024-11-14,135,91.66,12407.81,86859.07,False
ATM047,2024-11-15,196,95.03,18604.01,68255.05,False
ATM047,2024-11-16,193,91.61,17723.43,50531.62,False
ATM047,2024-11-17,158,90.24,14298.24,36233.38,False
ATM047,2024-11-18,123,98.82,12133.86,24099.52,False
ATM047,2024-11-19,129,93.22,12012.5,12087.02,False
ATM047,2024-11-20,130,91.43,11930.25,98069.75,True
ATM047,2024-11-21,138,94.07,13021.17,85048.58,False
ATM047,2024-11-22,170,96.78,16434.18,68614.4,False
ATM047,2024-11-23,184,91.62,16845.42,51768.99,False
ATM047,2024-11-24,140,93.56,13078.89,38690.1,False
ATM047,2024-11-25,135,97.15,13079.28,25610.82,False
ATM047,2024-11-26,121,95.17,11549.31,14061.51,False
ATM047,2024-11-27,118,98.91,11693.7,98306.3,True
ATM047,2024-11-28,117,97.2,11358.18,86948.12,False
ATM047,2024-11-29,177,96.43,17056.72,69891.4,False
ATM047,2024-11-30,206,97.09,20046.33,49845.07,False
ATM047,2024-12-01,173,91.09,15743.78,34101.29,False
ATM047,2024-12-02,135,94.82,12812.96,21288.33,False
ATM047,2024-12-03,110,100.8,11100.54,10187.79,False
ATM047,2024-12-04,131,93.81,12292.71,97707.29,True
ATM047,2024-12-05,145,94.87,13791.45,83915.84,False
ATM047,2024-12-06,184,93.27,17146.87,66768.96,False
ATM047,2024-12-07,212,93.25,19763.19,47005.77,False
ATM047,2024-12-08,146,97.53,14245.91,32759.86,False
ATM047,2024-12-09,120,100.63,12034.91,20724.95,False
ATM047,2024-12-10,116,98.84,11475.09,9249.86,False
ATM047,2024-12-11,126,99.35,12531.1,97468.9,True
ATM047,2024-12-12,165,89.98,14806.76,82662.14,False
ATM047,2024-12-13,190,94.68,18005.54,64656.6,False
ATM047,2024-12-14,208,93.87,19497.81,45158.79,False
ATM047,2024-12-15,148,91.87,13565.75,31593.04,False
ATM047,2024-12-16,123,97.66,12023.85,19569.18,False
ATM047,2024-12-17,118,94.06,11075.05,8494.13,False
ATM047,2024-12-18,121,92.17,11145.19,98854.81,True
ATM047,2024-12-19,132,95.98,12686.1,86168.71,False
ATM047,2024-12-20,211,91.6,19300.52,66868.19,False
ATM047,2024-12-21,196,98.36,19305.21,47562.98,False
ATM047,2024-12-22,132,98.61,12975.61,34587.37,False
ATM047,2024-12-23,119,97.03,11580.8,23006.57,False
ATM047,2024-12-24,117,96.31,11290.81,11715.76,False
ATM047,2024-12-25,138,94.65,13098.61,96901.39,True
ATM047,2024-12-26,144,95.78,13829.33,83072.06,False
ATM047,2024-12-27,177,94.59,16728.21,66343.85,False
ATM047,2024-12-28,210,90.98,19066.53,47277.32,False
ATM047,2024-12-29,150,96.88,14551.92,32725.4,False
ATM047,2024-12-30,128,99.07,12640.97,20084.43,False
ATM047,2024-12-31,131,93.28,12256.16,7828.28,False
ATM048,2024-01-01,118,69.96,8259.09,71740.91,False
ATM048,2024-01-02,105,68.89,7257.12,64483.79,False
ATM048,2024-01-03,124,65.9,8204.06,71795.94,True
ATM048,2024-01-04,103,71.46,7368.38,64427.56,False
ATM048,2024-01-05,161,70.98,11458.52,52969.04,False
ATM048,2024-01-06,214,67.87,14538.9,38430.14,False
ATM048,2024-01-07,122,69.42,8437.43,29992.71,False
ATM048,2024-01-08,110,69.95,7660.67,22332.04,False
ATM048,2024-01-09,113,70.69,8011.48,14320.57,False
ATM048,2024-01-10,109,72.22,7901.64,72098.36,True
ATM048,2024-01-11,131,69.62,9097.0,63001.36,False
ATM048,2024-01-12,186,66.75,12435.36,50566.0,False
ATM048,2024-01-13,200,70.05,14026.15,36539.85,False
ATM048,2024-01-14,126,69.13,8718.98,27820.87,False
ATM048,2024-01-15,126,68.39,8642.25,19178.62,False
ATM048,2024-01-16,111,71.85,7940.33,11238.29,False
ATM048,2024-01-17,116,68.18,7889.58,72110.42,True
ATM048,2024-01-18,129,67.04,8641.04,63469.38,False
ATM048,2024-01-19,170,67.67,11494.53,51974.85,False
ATM048,2024-01-20,193,67.33,12976.98,38997.87,False
ATM048,2024-01-21,132,72.38,9539.0,29458.87,False
ATM048,2024-01-22,130,67.38,8738.44,20720.43,False
ATM048,2024-01-23,103,71.79,7363.87,13356.56,False
ATM048,2024-01-24,120,68.71,8273.98,71726.02,True
ATM048,2024-01-25,120,70.17,8389.18,63336.84,False
ATM048,2024-01-26,147,71.1,10461.97,52874.87,False
ATM048,2024-01-27,203,69.18,14045.13,38829.74,False
ATM048,2024-01-28,118,72.97,8586.61,30243.13,False
ATM048,2024-01-29,114,71.49,8161.23,22081.9,False
ATM048,2024-01-30,105,67.23,7033.85,15048.05,False
ATM048,2024-01-31,112,72.16,8107.75,71892.25,True
ATM048,2024-02-01,96,69.79,6683.41,65208.84,False
ATM048,2024-02-02,129,68.53,8869.78,56339.06,False
ATM048,2024-02-03,150,71.03,10656.26,45682.8,False
ATM048,2024-02-04,94,72.77,6819.75,38863.05,False
ATM048,2024-02-05,91,72.72,6617.88,32245.17,False
ATM048,2024-02-06,94,71.79,6751.74,25493.43,False
ATM048,2024-02-07,111,68.36,7560.46,72439.54,True
ATM048,2024-02-08,108,67.92,7302.05,65137.49,False
ATM048,2024-02-09,138,71.51,9841.43,55296.07,False
ATM048,2024-02-10,170,69.2,11740.6,43555.46,False
ATM048,2024-02-11,104,70.15,7263.72,36291.74,False
ATM048,2024-02-12,92,68.79,6309.53,29982.21,False
ATM048,2024-02-13,95,71.02,6739.01,23243.2,False
ATM048,2024-02-14,100,69.29,6958.09,73041.91,True
ATM048,2024-02-15,168,70.03,11798.98,61242.93,False
ATM048,2024-02-16,218,67.69,14769.66,65230.34,True
ATM048,2024-02-17,214,66.72,14247.11,50983.23,False
ATM048,2024-02-18,179,68.09,12194.93,38788.3,False
ATM048,2024-02-19,131,69.12,9072.57,29715.73,False
ATM048,2024-02-20,141,70.87,9966.07,70033.93,True
ATM048,2024-02-21,142,69.87,9956.25,60077.68,False
ATM048,2024-02-22,148,71.33,10587.73,49489.95,False
ATM048,2024-02-23,213,69.84,14881.05,34608.9,False
ATM048,2024-02-24,247,71.66,17734.27,62265.73,True
ATM048,2024-02-25,171,69.31,11857.94,50407.79,False
ATM048,2024-02-26,151,65.76,9944.16,40463.63,False
ATM048,2024-02-27,154,68.56,10552.73,29910.91,False
ATM048,2024-02-28,151,70.09,10591.42,69408.58,True
ATM048,2024-02-29,170,71.11,12119.33,57289.25,False
ATM048,2024-03-01,234,68.76,16059.72,41229.53,False
ATM048,2024-03-02,214,70.31,15072.49,26157.04,False
ATM048,2024-03-03,152,69.02,10503.78,69496.22,True
ATM048,2024-03-04,137,68.24,9366.72,60129.5,False
ATM048,2024-03-05,143,71.11,10188.91,49940.58,False
ATM048,2024-03-06,140,70.67,9863.92,40076.66,False
ATM048,2024-03-07,141,75.1,10586.04,69413.96,True
ATM048,2024-03-08,224,68.76,15387.02,54026.94,False
ATM048,2024-03-09,241,72.6,17533.71,36493.22,False
ATM048,2024-03-10,170,67.02,11378.7,25114.53,False
ATM048,2024-03-11,136,68.59,9346.41,70653.59,True
ATM048,2024-03-12,146,66.58,9735.73,60917.86,False
ATM048,2024-03-13,139,69.56,9688.54,51229.32,False
ATM048,2024-03-14,158,71.28,11247.26,39982.06,False
ATM048,2024-03-15,210,73.76,15495.87,64504.13,True
ATM048,2024-03-16,166,70.47,11713.34,52790.79,False
ATM048,2024-03-17,108,68.58,7383.84,45406.95,False
ATM048,2024-03-18,86,70.32,6059.98,39346.97,False
ATM048,2024-03-19,92,71.88,6580.34,32766.63,False
ATM048,2024-03-20,93,72.21,6687.39,73312.61,True
ATM048,2024-03-21,115,67.84,7798.17,65514.44,False
ATM048,2024-03-22,137,69.98,9559.08,55955.37,False
ATM048,2024-03-23,149,69.49,10326.51,45628.86,False
ATM048,2024-03-24,116,69.74,8071.31,37557.55,False
ATM048,2024-03-25,98,68.02,6697.5,30860.04,False
ATM048,2024-03-26,94,70.91,6661.48,24198.56,False
ATM048,2024-03-27,92,67.28,6222.28,73777.72,True
ATM048,2024-03-28,107,73.67,7883.65,65894.07,False
ATM048,2024-03-29,146,69.24,10076.29,55817.78,False
ATM048,2024-03-30,164,70.99,11674.17,44143.61,False
ATM048,2024-03-31,108,72.03,7787.18,36356.43,False
ATM048,2024-04-01,111,68.55,7594.02,28762.42,False
ATM048,2024-04-02,113,70.24,7914.27,20848.15,False
ATM048,2024-04-03,114,72.51,8235.4,71764.6,True
ATM048,2024-04-04,111,70.08,7785.98,63978.62,False
ATM048,2024-04-05,198,68.75,13587.53,50391.09,False
ATM048,2024-04-06,190,65.29,12384.29,38006.8,False
ATM048,2024-04-07,134,71.22,9551.25,28455.55,False
ATM048,2024-04-08,123,67.82,8368.99,20086.56,False
ATM048,2024-04-09,109,70.47,7710.65,12375.91,False
ATM048,2024-04-10,117,67.7,7904.88,72095.12,True
ATM048,2024-04-11,128,68.29,8726.88,63368.25,False
ATM048,2024-04-12,146,71.43,10433.73,52934.52,False
ATM048,2024-04-13,185,71.24,13147.92,39786.6,False
ATM048,2024-04-14,128,71.32,9135.22,30651.38,False
ATM048,2024-04-15,117,73.68,8632.93,22018.45,False
ATM048,2024-04-16,115,70.81,8167.66,13850.79,False
ATM048,2024-04-17,102,69.78,7150.92,72849.08,True
ATM048,2024-04-18,115,68.28,7857.04,64992.05,False
ATM048,2024-04-19,201,67.85,13638.97,51353.08,False
ATM048,2024-04-20,154,71.71,11050.54,40302.54,False
ATM048,2024-04-21,126,71.61,9047.01,31255.52,False
ATM048,2024-04-22,107,69.11,7404.78,23850.74,False
ATM048,2024-04-23,125,67.22,8389.03,15461.71,False
ATM048,2024-04-24,110,70.61,7783.32,72216.68,True
ATM048,2024-04-25,117,70.51,8253.6,63963.08,False
ATM048,2024-04-26,167,71.12,11907.55,52055.53,False
ATM048,2024-04-27,196,75.62,14811.66,37243.87,False
ATM048,2024-04-28,140,69.77,9796.08,27447.79,False
ATM048,2024-04-29,119,69.51,8288.75,19159.04,False
ATM048,2024-04-30,99,69.9,6903.97,12255.07,False
ATM048,2024-05-01,106,66.92,7079.89,72920.11,True
ATM048,2024-05-02,98,68.78,6751.42,66168.69,False
ATM048,2024-05-03,136,74.99,10173.84,55994.85,False
ATM048,2024-05-04,146,70.19,10252.15,45742.7,False
ATM048,2024-05-05,114,69.37,7906.08,37836.62,False
ATM048,2024-05-06,97,69.02,6675.03,31161.58,False
ATM048,2024-05-07,109,71.57,7790.46,23371.12,False
ATM048,2024-05-08,88,72.49,6357.15,73642.85,True
ATM048,2024-05-09,105,70.12,7364.29,66278.56,False
ATM048,2024-05-10,141,69.47,9786.6,56491.95,False
ATM048,2024-05-11,150,66.49,9961.64,46530.32,False
ATM048,2024-05-12,117,69.6,8110.66,38419.65,False
ATM048,2024-05-13,105,68.13,7121.61,31298.04,False
ATM048,2024-05-14,83,71.63,5953.83,25344.21,False
ATM048,2024-05-15,90,71.8,6429.12,73570.88,True
ATM048,2024-05-16,98,73.94,7250.11,66320.77,False
ATM048,2024-05-17,147,70.86,10450.58,55870.2,False
ATM048,2024-05-18,165,69.43,11474.58,44395.61,False
ATM048,2024-05-19,100,70.76,7044.34,37351.28,False
ATM048,2024-05-20,118,65.19,7672.36,29678.92,False
ATM048,2024-05-21,99,66.78,6644.11,23034.8,False
ATM048,2024-05-22,93,70.17,6552.71,73447.29,True
ATM048,2024-05-23,108,70.44,7621.35,65825.93,False
ATM048,2024-05-24,151,72.45,10912.42,54913.51,False
ATM048,2024-05-25,148,72.3,10701.38,44212.13,False
ATM048,2024-05-26,112,68.98,7731.73,36480.4,False
ATM048,2024-05-27,85,72.76,6155.87,30324.53,False
ATM048,2024-05-28,97,64.91,6295.84,24028.68,False
ATM048,2024-05-29,99,69.09,6817.24,73182.76,True
ATM048,2024-05-30,102,69.51,7083.52,66099.23,False
ATM048,2024-05-31,128,75.73,9681.31,56417.93,False
ATM048,2024-06-01,171,71.47,12188.94,44228.99,False
ATM048,2024-06-02,111,72.37,8037.52,36191.47,False
ATM048,2024-06-03,95,71.71,6812.57,29378.9,False
ATM048,2024-06-04,95,70.27,6685.67,22693.23,False
ATM048,2024-06-05,101,69.12,7009.96,72990.04,True
ATM048,2024-06-06,107,67.94,7262.8,65727.23,False
ATM048,2024-06-07,144,64.69,9330.4,56396.84,False
ATM048,2024-06-08,157,71.54,11202.08,45194.76,False
ATM048,2024-06-09,126,67.68,8526.74,36668.02,False
ATM048,2024-06-10,99,70.0,6906.8,29761.21,False
ATM048,2024-06-11,99,68.63,6770.14,22991.07,False
ATM048,2024-06-12,96,66.74,6410.71,73589.29,True
ATM048,2024-06-13,98,70.01,6879.11,66710.18,False
ATM048,2024-06-14,151,66.46,10033.65,56676.53,False
ATM048,2024-06-15,149,70.34,10468.16,46208.37,False
ATM048,2024-06-16,128,68.23,8721.5,37486.87,False
ATM048,2024-06-17,101,68.82,6931.1,30555.78,False
ATM048,2024-06-18,91,68.16,6231.94,24323.84,False
ATM048,2024-06-19,88,69.0,6100.72,73899.28,True
ATM048,2024-06-20,114,68.41,7783.73,66115.55,False
ATM048,2024-06-21,132,70.44,9299.9,56815.65,False
ATM048,2024-06-22,155,69.86,10853.68,45961.97,False
ATM048,2024-06-23,119,67.88,8044.65,37917.32,False
ATM048,2024-06-24,87,72.07,6288.93,31628.4,False
ATM048,2024-06-25,89,71.25,6364.12,25264.28,False
ATM048,2024-06-26,100,71.78,7150.58,72849.42,True
ATM048,2024-06-27,94,69.76,6571.81,66277.61,False
ATM048,2024-06-28,150,71.1,10661.23,55616.38,False
ATM048,2024-06-29,165,66.56,10990.33,44626.06,False
ATM048,2024-06-30,108,70.15,7569.08,37056.98,False
ATM048,2024-07-01,85,71.67,6061.16,30995.82,False
ATM048,2024-07-02,97,65.84,6376.75,24619.07,False
ATM048,2024-07-03,91,69.4,6308.18,73691.82,True
ATM048,2024-07-04,98,72.98,7167.69,66524.13,False
ATM048,2024-07-05,154,67.13,10321.69,56202.44,False
ATM048,2024-07-06,141,69.44,9775.45,46426.99,False
ATM048,2024-07-07,111,72.08,7973.01,38453.97,False
ATM048,2024-07-08,103,73.75,7559.51,30894.47,False
ATM048,2024-07-09,87,71.96,6233.43,24661.04,False
ATM048,2024-07-10,100,67.71,6761.9,73238.1,True
ATM048,2024-07-11,90,70.3,6337.74,66900.36,False
ATM048,2024-07-12,131,68.21,8927.12,57973.24,False
ATM048,2024-07-13,147,70.46,10341.88,47631.37,False
ATM048,2024-07-14,123,70.03,8644.05,38987.31,False
ATM048,2024-07-15,98,65.66,6449.43,32537.89,False
ATM048,2024-07-16,95,70.06,6639.11,25898.78,False
ATM048,2024-07-17,87,72.45,6315.66,73684.34,True
ATM048,2024-07-18,97,68.56,6654.66,67029.67,False
ATM048,2024-07-19,142,68.82,9743.53,57286.14,False
ATM048,2024-07-20,159,70.97,11276.18,46009.97,False
ATM048,2024-07-21,120,71.05,8506.2,37503.76,False
ATM048,2024-07-22,96,69.29,6643.49,30860.27,False
ATM048,2024-07-23,95,69.6,6637.67,24222.61,False
ATM048,2024-07-24,93,71.07,6585.15,73414.85,True
ATM048,2024-07-25,103,70.65,7303.64,66111.21,False
ATM048,2024-07-26,129,72.83,9378.23,56732.98,False
ATM048,2024-07-27,142,70.92,10040.96,46692.03,False
ATM048,2024-07-28,106,72.27,7638.64,39053.39,False
ATM048,2024-07-29,102,70.0,7124.75,31928.64,False
ATM048,2024-07-30,103,69.61,7168.68,24759.95,False
ATM048,2024-07-31,102,68.47,6981.26,73018.74,True
ATM048,2024-08-01,109,68.04,7441.13,65577.61,False
ATM048,2024-08-02,142,69.89,9925.61,55652.0,False
ATM048,2024-08-03,168,68.59,11537.92,44114.09,False
ATM048,2024-08-04,146,67.1,9799.8,34314.28,False
ATM048,2024-08-05,96,70.6,6807.46,27506.82,False
ATM048,2024-08-06,97,68.92,6676.26,20830.56,False
ATM048,2024-08-07,97,68.81,6675.44,73324.56,True
ATM048,2024-08-08,120,68.67,8246.54,65078.02,False
ATM048,2024-08-09,143,68.61,9809.92,55268.1,False
ATM048,2024-08-10,153,67.06,10258.65,45009.45,False
ATM048,2024-08-11,121,68.59,8283.56,36725.9,False
ATM048,2024-08-12,93,67.98,6333.88,30392.02,False
ATM048,2024-08-13,94,70.05,6567.93,23824.09,False
ATM048,2024-08-14,96,68.4,6575.49,73424.51,True
ATM048,2024-08-15,109,68.61,7456.91,65967.61,False
ATM048,2024-08-16,143,69.71,9960.91,56006.7,False
ATM048,2024-08-17,130,74.26,9640.24,46366.46,False
ATM048,2024-08-18,117,70.38,8227.34,38139.12,False
ATM048,2024-08-19,92,74.31,6857.73,31281.4,False
ATM048,2024-08-20,98,70.73,6962.04,24319.36,False
ATM048,2024-08-21,91,68.84,6245.92,73754.08,True
ATM048,2024-08-22,92,69.23,6375.4,67378.68,False
ATM048,2024-08-23,146,71.33,10382.11,56996.57,False
ATM048,2024-08-24,164,68.92,11327.91,45668.66,False
ATM048,2024-08-25,115,71.73,8213.68,37454.98,False
ATM048,2024-08-26,81,70.64,5730.64,31724.34,False
ATM048,2024-08-27,107,69.39,7437.72,24286.62,False
ATM048,2024-08-28,81,68.29,5501.29,74498.71,True
ATM048,2024-08-29,93,68.67,6370.36,68128.34,False
ATM048,2024-08-30,126,71.95,9098.15,59030.19,False
ATM048,2024-08-31,162,70.72,11457.4,47572.8,False
ATM048,2024-09-01,125,68.81,8611.2,38961.6,False
ATM048,2024-09-02,90,74.61,6731.93,32229.67,False
ATM048,2024-09-03,94,71.22,6698.35,25531.32,False
ATM048,2024-09-04,90,69.13,6220.08,73779.92,True
ATM048,2024-09-05,92,73.53,6742.75,67037.17,False
ATM048,2024-09-06,124,71.92,8887.81,58149.36,False
ATM048,2024-09-07,170,66.63,11300.17,46849.19,False
ATM048,2024-09-08,123,69.46,8560.82,38288.37,False
ATM048,2024-09-09,86,70.77,6105.87,32182.5,False
ATM048,2024-09-10,87,69.57,6069.75,26112.74,False
ATM048,2024-09-11,93,68.15,6335.12,73664.88,True
ATM048,2024-09-12,93,71.67,6655.78,67009.1,False
ATM048,2024-09-13,144,70.55,10140.09,56869.01,False
ATM048,2024-09-14,151,70.11,10576.6,46292.42,False
ATM048,2024-09-15,110,68.42,7506.01,38786.41,False
ATM048,2024-09-16,105,71.86,7549.11,31237.29,False
ATM048,2024-09-17,92,66.86,6181.68,25055.62,False
ATM048,2024-09-18,85,68.67,5826.61,74173.39,True
ATM048,2024-09-19,104,70.25,7287.89,66885.51,False
ATM048,2024-09-20,142,70.7,10015.54,56869.97,False
ATM048,2024-09-21,138,73.17,10089.09,46780.88,False
ATM048,2024-09-22,110,70.62,7794.44,38986.44,False
ATM048,2024-09-23,91,70.65,6396.68,32589.76,False
ATM048,2024-09-24,109,67.92,7435.6,25154.16,False
ATM048,2024-09-25,89,68.18,6070.37,73929.63,True
ATM048,2024-09-26,103,68.91,7066.42,66863.22,False
ATM048,2024-09-27,132,69.9,9215.71,57647.51,False
ATM048,2024-09-28,174,69.69,12102.59,45544.92,False
ATM048,2024-09-29,111,70.72,7849.71,37695.21,False
ATM048,2024-09-30,96,72.88,7007.98,30687.23,False
ATM048,2024-10-01,93,69.99,6538.41,24148.81,False
ATM048,2024-10-02,86,71.55,6123.31,73876.69,True
ATM048,2024-10-03,100,68.16,6817.95,67058.74,False
ATM048,2024-10-04,137,73.24,10047.01,57011.73,False
ATM048,2024-10-05,163,69.92,11415.72,45596.01,False
ATM048,2024-10-06,101,73.2,7378.1,38217.91,False
ATM048,2024-10-07,96,69.39,6670.89,31547.02,False
ATM048,2024-10-08,97,69.06,6684.24,24862.78,False
ATM048,2024-10-09,91,68.62,6226.41,73773.59,True
ATM048,2024-10-10,102,67.63,6906.69,66866.89,False
ATM048,2024-10-11,126,72.04,9088.69,57778.2,False
ATM048,2024-10-12,167,68.27,11369.77,46408.43,False
ATM048,2024-10-13,119,70.65,8409.95,37998.48,False
ATM048,2024-10-14,97,67.43,6547.27,31451.21,False
ATM048,2024-10-15,89,73.92,6584.99,24866.22,False
ATM048,2024-10-16,91,72.1,6570.11,73429.89,True
ATM048,2024-10-17,99,71.94,7126.74,66303.15,False
ATM048,2024-10-18,151,64.95,9808.41,56494.73,False
ATM048,2024-10-19,147,70.28,10315.19,46179.54,False
ATM048,2024-10-20,122,69.68,8525.07,37654.47,False
ATM048,2024-10-21,98,68.77,6711.35,30943.11,False
ATM048,2024-10-22,98,73.15,7171.8,23771.32,False
ATM048,2024-10-23,94,66.82,6259.96,73740.04,True
ATM048,2024-10-24,89,71.27,6373.64,67366.4,False
ATM048,2024-10-25,146,68.36,10006.36,57360.04,False
ATM048,2024-10-26,164,67.42,11058.16,46301.89,False
ATM048,2024-10-27,121,69.2,8355.1,37946.78,False
ATM048,2024-10-28,90,69.23,6209.07,31737.71,False
ATM048,2024-10-29,88,70.77,6251.29,25486.42,False
ATM048,2024-10-30,98,72.34,7121.59,72878.41,True
ATM048,2024-10-31,105,69.61,7314.43,65563.99,False
ATM048,2024-11-01,170,66.29,11239.84,54324.15,False
ATM048,2024-11-02,187,68.21,12785.46,41538.68,False
ATM048,2024-11-03,146,69.58,10155.61,31383.07,False
ATM048,2024-11-04,121,68.99,8327.17,23055.9,False
ATM048,2024-11-05,102,71.27,7236.39,15819.52,False
ATM048,2024-11-06,112,70.68,7896.81,72103.19,True
ATM048,2024-11-07,118,71.66,8479.27,63623.92,False
ATM048,2024-11-08,187,65.43,12236.26,51387.65,False
ATM048,2024-11-09,174,72.13,12574.01,38813.64,False
ATM048,2024-11-10,131,66.45,8683.07,30130.57,False
ATM048,2024-11-11,110,71.09,7826.48,22304.09,False
ATM048,2024-11-12,101,72.72,7346.12,14957.97,False
ATM048,2024-11-13,134,65.96,8811.68,71188.32,True
ATM048,2024-11-14,127,65.21,8308.75,62879.57,False
ATM048,2024-11-15,179,68.57,12250.18,50629.39,False
ATM048,2024-11-16,171,72.41,12383.28,38246.1,False
ATM048,2024-11-17,127,66.68,8497.35,29748.75,False
ATM048,2024-11-18,93,72.67,6738.28,23010.47,False
ATM048,2024-11-19,118,69.38,8158.67,14851.8,False
ATM048,2024-11-20,99,71.75,7083.43,72916.57,True
ATM048,2024-11-21,149,69.51,10350.31,62566.27,False
ATM048,2024-11-22,148,72.61,10751.73,51814.54,False
ATM048,2024-11-23,171,69.23,11826.94,39987.6,False
ATM048,2024-11-24,112,69.36,7752.63,32234.97,False
ATM048,2024-11-25,99,72.64,7226.45,25008.52,False
ATM048,2024-11-26,99,71.64,7085.68,17922.84,False
ATM048,2024-11-27,109,70.26,7688.14,72311.86,True
ATM048,2024-11-28,127,69.89,8852.89,63458.96,False
ATM048,2024-11-29,164,68.29,11177.73,52281.23,False
ATM048,2024-11-30,201,66.01,13267.04,39014.19,False
ATM048,2024-12-01,149,70.28,10487.81,28526.38,False
ATM048,2024-12-02,109,70.56,7718.42,20807.96,False
ATM048,2024-12-03,105,69.63,7277.63,13530.33,False
ATM048,2024-12-04,101,70.79,7154.95,72845.05,True
ATM048,2024-12-05,121,70.39,8488.37,64356.68,False
ATM048,2024-12-06,190,68.31,12975.85,51380.83,False
ATM048,2024-12-07,191,66.53,12687.69,38693.15,False
ATM048,2024-12-08,139,69.96,9691.45,29001.69,False
ATM048,2024-12-09,114,69.67,7912.49,21089.21,False
ATM048,2024-12-10,97,75.24,7285.84,13803.37,False
ATM048,2024-12-11,110,70.62,7765.57,72234.43,True
ATM048,2024-12-12,110,71.86,7880.8,64353.63,False
ATM048,2024-12-13,163,70.94,11595.62,52758.01,False
ATM048,2024-12-14,195,69.78,13637.42,39120.59,False
ATM048,2024-12-15,137,65.11,8893.78,30226.81,False
ATM048,2024-12-16,112,68.57,7691.57,22535.24,False
ATM048,2024-12-17,96,73.05,7003.37,15531.86,False
ATM048,2024-12-18,125,66.16,8296.38,71703.62,True
ATM048,2024-12-19,126,68.28,8627.45,63076.18,False
ATM048,2024-12-20,176,68.32,12000.47,51075.71,False
ATM048,2024-12-21,171,72.02,12328.63,38747.08,False
ATM048,2024-12-22,135,73.17,9875.89,28871.2,False
ATM048,2024-12-23,116,66.94,7783.72,21087.48,False
ATM048,2024-12-24,112,71.95,8092.17,12995.31,False
ATM048,2024-12-25,118,68.44,8093.04,71906.96,True
ATM048,2024-12-26,111,71.13,7918.74,63988.22,False
ATM048,2024-12-27,159,69.35,10992.79,52995.43,False
ATM048,2024-12-28,211,74.47,15691.35,37304.08,False
ATM048,2024-12-29,144,68.61,9857.48,27446.6,False
ATM048,2024-12-30,105,71.5,7513.23,19933.38,False
ATM048,2024-12-31,122,68.93,8424.93,11508.45,False
ATM049,2024-01-01,78,100.26,7776.24,72223.76,False
ATM049,2024-01-02,73,95.92,6993.63,65230.13,False
ATM049,2024-01-03,71,101.64,7246.56,72753.44,True
ATM049,2024-01-04,85,103.41,8837.91,63915.54,False
ATM049,2024-01-05,110,95.45,10522.21,53393.33,False
ATM049,2024-01-06,138,97.38,13428.46,39964.87,False
ATM049,2024-01-07,87,103.04,8958.51,31006.36,False
ATM049,2024-01-08,78,98.69,7724.08,23282.28,False
ATM049,2024-01-09,76,99.43,7574.0,15708.28,False
ATM049,2024-01-10,86,96.37,8254.78,71745.22,True
ATM049,2024-01-11,83,103.49,8557.79,63187.43,False
ATM049,2024-01-12,144,95.93,13796.08,49391.35,False
ATM049,2024-01-13,134,99.43,13311.74,36079.62,False
ATM049,2024-01-14,96,97.63,9408.83,26670.79,False
ATM049,2024-01-15,83,102.11,8465.13,18205.65,False
ATM049,2024-01-16,96,96.04,9196.55,9009.1,False
ATM049,2024-01-17,66,106.16,6962.18,73037.82,True
ATM049,2024-01-18,88,98.63,8639.79,64398.03,False
ATM049,2024-01-19,126,95.82,12040.41,52357.62,False
ATM049,2024-01-20,134,99.76,13353.6,39004.02,False
ATM049,2024-01-21,100,102.57,10213.68,28790.34,False
ATM049,2024-01-22,85,100.57,8575.19,20215.15,False
ATM049,2024-01-23,85,101.73,8623.85,11591.3,False
ATM049,2024-01-24,78,97.57,7580.11,72419.89,True
ATM049,2024-01-25,81,101.77,8258.59,64161.3,False
ATM049,2024-01-26,108,100.47,10825.22,53336.08,False
ATM049,2024-01-27,127,96.24,12270.21,41065.87,False
ATM049,2024-01-28,88,99.93,8777.11,32288.76,False
ATM049,2024-01-29,86,97.97,8469.86,23818.9,False
ATM049,2024-01-30,61,109.46,6665.26,17153.64,False
ATM049,2024-01-31,83,102.8,8508.73,71491.27,True
ATM049,2024-02-01,87,100.28,8676.63,62814.64,False
ATM049,2024-02-02,101,104.07,10509.85,52304.79,False
ATM049,2024-02-03,125,101.85,12763.38,39541.41,False
ATM049,2024-02-04,93,96.28,8998.07,30543.34,False
ATM049,2024-02-05,67,105.11,7040.63,23502.71,False
ATM049,2024-02-06,76,95.61,7280.52,16222.19,False
ATM049,2024-02-07,65,104.62,6768.92,73231.08,True
ATM049,2024-02-08,79,100.55,7992.85,65238.24,False
ATM049,2024-02-09,108,99.75,10768.23,54470.01,False
ATM049,2024-02-10,115,97.5,11194.81,43275.2,False
ATM049,2024-02-11,90,100.71,9078.94,34196.26,False
ATM049,2024-02-12,74,101.64,7532.41,26663.85,False
ATM049,2024-02-13,75,101.36,7595.14,19068.71,False
ATM049,2024-02-14,74,100.5,7442.23,72557.77,True
ATM049,2024-02-15,96,99.32,9505.91,63051.86,False
ATM049,2024-02-16,142,102.03,14506.69,65493.31,True
ATM049,2024-02-17,171,98.62,16865.52,48627.78,False
ATM049,2024-02-18,113,99.61,11275.22,37352.56,False
ATM049,2024-02-19,104,101.13,10537.87,26814.69,False
ATM049,2024-02-20,93,99.89,9282.61,70717.39,True
ATM049,2024-02-21,95,95.65,9073.12,61644.27,False
ATM049,2024-02-22,92,100.54,9299.4,52344.86,False
ATM049,2024-02-23,139,100.55,13972.71,38372.16,False
ATM049,2024-02-24,162,100.28,16274.46,63725.54,True
ATM049,2024-02-25,109,99.37,10830.93,52894.61,False
ATM049,2024-02-26,97,98.86,9567.26,43327.35,False
ATM049,2024-02-27,97,99.97,9727.52,33599.83,False
ATM049,2024-02-28,96,97.55,9381.01,70618.99,True
ATM049,2024-02-29,105,104.32,10943.83,59675.16,False
ATM049,2024-03-01,125,101.2,12653.01,47022.15,False
ATM049,2024-03-02,150,100.85,15121.93,31900.22,False
ATM049,2024-03-03,123,93.3,11455.09,68544.91,True
ATM049,2024-03-04,96,103.34,9918.86,58626.05,False
ATM049,2024-03-05,101,97.17,9837.36,48788.69,False
ATM049,2024-03-06,93,98.38,9197.23,39591.45,False
ATM049,2024-03-07,91,98.14,8883.25,71116.75,True
ATM049,2024-03-08,128,101.0,12902.59,58214.16,False
ATM049,2024-03-09,140,97.06,13592.23,44621.93,False
ATM049,2024-03-10,105,102.31,10701.94,33919.99,False
ATM049,2024-03-11,113,100.91,11424.02,68575.98,True
ATM049,2024-03-12,86,97.96,8399.77,60176.22,False
ATM049,2024-03-13,101,95.96,9651.71,50524.51,False
ATM049,2024-03-14,109,100.82,10968.25,39556.26,False
ATM049,2024-03-15,145,94.95,13798.51,66201.49,True
ATM049,2024-03-16,127,97.72,12386.09,53815.4,False
ATM049,2024-03-17,86,99.53,8550.53,45264.87,False
ATM049,2024-03-18,65,99.31,6416.38,38848.48,False
ATM049,2024-03-19,64,98.04,6322.91,32525.58,False
ATM049,2024-03-20,71,102.11,7241.39,72758.61,True
ATM049,2024-03-21,79,97.35,7732.29,65026.33,False
ATM049,2024-03-22,103,98.01,10139.55,54886.77,False
ATM049,2024-03-23,100,100.22,9999.67,44887.1,False
ATM049,2024-03-24,75,100.23,7527.85,37359.25,False
ATM049,2024-03-25,67,96.38,6472.49,30886.76,False
ATM049,2024-03-26,72,100.07,7211.68,23675.08,False
ATM049,2024-03-27,63,98.32,6156.94,73843.06,True
ATM049,2024-03-28,80,98.14,7885.44,65957.62,False
ATM049,2024-03-29,103,100.73,10357.82,55599.8,False
ATM049,2024-03-30,120,97.02,11649.65,43950.15,False
ATM049,2024-03-31,85,99.14,8472.25,35477.9,False
ATM049,2024-04-01,91,99.69,9058.81,26419.09,False
ATM049,2024-04-02,77,100.78,7780.93,18638.16,False
ATM049,2024-04-03,79,97.84,7692.8,72307.2,True
ATM049,2024-04-04,88,101.4,8954.84,63352.35,False
ATM049,2024-04-05,134,102.23,13747.71,49604.65,False
ATM049,2024-04-06,134,102.15,13716.85,35887.8,False
ATM049,2024-04-07,94,96.23,9027.19,26860.6,False
ATM049,2024-04-08,73,102.06,7484.23,19376.38,False
ATM049,2024-04-09,83,102.2,8514.25,10862.12,False
ATM049,2024-04-10,74,105.03,7776.93,72223.07,True
ATM049,2024-04-11,87,96.56,8406.08,63817.0,False
ATM049,2024-04-12,116,103.88,12095.11,51721.89,False
ATM049,2024-04-13,129,94.89,12260.83,39461.06,False
ATM049,2024-04-14,93,102.31,9499.16,29961.9,False
ATM049,2024-04-15,63,102.93,6524.28,23437.63,False
ATM049,2024-04-16,69,102.17,7004.49,16433.13,False
ATM049,2024-04-17,72,95.58,6841.98,73158.02,True
ATM049,2024-04-18,87,103.65,9055.03,64102.98,False
ATM049,2024-04-19,111,107.19,11875.19,52227.79,False
ATM049,2024-04-20,125,96.89,12108.33,40119.46,False
ATM049,2024-04-21,94,98.95,9275.8,30843.66,False
ATM049,2024-04-22,84,97.77,8189.83,22653.83,False
ATM049,2024-04-23,79,101.63,8020.12,14633.71,False
ATM049,2024-04-24,89,98.53,8809.08,71190.92,True
ATM049,2024-04-25,87,101.82,8878.2,62312.72,False
ATM049,2024-04-26,120,99.37,11876.78,50435.94,False
ATM049,2024-04-27,112,100.25,11257.25,39178.69,False
ATM049,2024-04-28,99,99.83,9877.4,29301.29,False
ATM049,2024-04-29,80,94.96,7601.08,21700.21,False
ATM049,2024-04-30,79,100.1,7956.12,13744.09,False
ATM049,2024-05-01,81,95.65,7743.2,72256.8,True
ATM049,2024-05-02,78,96.04,7491.43,64765.37,False
ATM049,2024-05-03,110,103.72,11399.11,53366.26,False
ATM049,2024-05-04,131,101.56,13286.23,40080.03,False
ATM049,2024-05-05,88,101.31,8939.54,31140.49,False
ATM049,2024-05-06,75,100.15,7462.11,23678.38,False
ATM049,2024-05-07,68,106.42,7186.59,16491.8,False
ATM049,2024-05-08,71,100.07,7133.67,72866.33,True
ATM049,2024-05-09,79,99.55,7850.26,65016.07,False
ATM049,2024-05-10,109,99.45,10794.24,54221.83,False
ATM049,2024-05-11,122,103.13,12581.48,41640.35,False
ATM049,2024-05-12,99,99.93,9843.89,31796.47,False
ATM049,2024-05-13,73,100.74,7314.99,24481.48,False
ATM049,2024-05-14,67,103.39,6978.75,17502.72,False
ATM049,2024-05-15,62,101.38,6269.96,73730.04,True
ATM049,2024-05-16,86,104.09,8902.98,64827.07,False
ATM049,2024-05-17,113,102.53,11578.65,53248.42,False
ATM049,2024-05-18,114,97.75,11138.89,42109.54,False
ATM049,2024-05-19,83,96.58,8030.87,34078.66,False
ATM049,2024-05-20,73,104.41,7659.78,26418.88,False
ATM049,2024-05-21,69,102.41,7094.42,19324.46,False
ATM049,2024-05-22,71,101.71,7171.11,72828.89,True
ATM049,2024-05-23,66,100.94,6675.8,66153.09,False
ATM049,2024-05-24,103,99.88,10298.26,55854.83,False
ATM049,2024-05-25,121,97.85,11798.24,44056.59,False
ATM049,2024-05-26,80,97.76,7845.52,36211.07,False
ATM049,2024-05-27,67,96.53,6477.52,29733.55,False
ATM049,2024-05-28,67,95.69,6408.64,23324.92,False
ATM049,2024-05-29,75,97.3,7290.21,72709.79,True
ATM049,2024-05-30,69,98.8,6795.49,65914.3,False
ATM049,2024-05-31,94,104.38,9814.27,56100.03,False
ATM049,2024-06-01,123,95.59,11721.81,44378.22,False
ATM049,2024-06-02,88,100.25,8802.57,35575.65,False
ATM049,2024-06-03,67,104.72,7049.93,28525.72,False
ATM049,2024-06-04,62,103.11,6427.67,22098.04,False
ATM049,2024-06-05,68,99.94,6826.77,73173.23,True
ATM049,2024-06-06,75,97.94,7346.28,65826.95,False
ATM049,2024-06-07,109,94.3,10290.7,55536.26,False
ATM049,2024-06-08,119,100.34,11898.5,43637.76,False
ATM049,2024-06-09,75,101.98,7617.1,36020.65,False
ATM049,2024-06-10,81,98.01,7938.43,28082.23,False
ATM049,2024-06-11,63,103.34,6514.07,21568.15,False
ATM049,2024-06-12,73,99.59,7226.43,72773.57,True
ATM049,2024-06-13,81,100.82,8196.45,64577.12,False
ATM049,2024-06-14,117,99.95,11725.41,52851.71,False
ATM049,2024-06-15,116,103.29,11965.17,40886.54,False
ATM049,2024-06-16,69,103.4,7126.98,33759.56,False
ATM049,2024-06-17,68,101.5,6919.64,26839.92,False
ATM049,2024-06-18,78,99.08,7732.16,19107.77,False
ATM049,2024-06-19,68,99.84,6804.82,73195.18,True
ATM049,2024-06-20,66,106.6,6993.78,66201.39,False
ATM049,2024-06-21,101,104.94,10578.11,55623.28,False
ATM049,2024-06-22,113,100.1,11345.51,44277.77,False
ATM049,2024-06-23,93,96.69,9037.06,35240.71,False
ATM049,2024-06-24,69,102.72,7117.4,28123.31,False
ATM049,2024-06-25,69,98.55,6780.06,21343.25,False
ATM049,2024-06-26,73,104.2,7595.71,72404.29,True
ATM049,2024-06-27,88,97.98,8635.58,63768.7,False
ATM049,2024-06-28,103,98.59,10188.0,53580.7,False
ATM049,2024-06-29,127,96.41,12212.3,41368.41,False
ATM049,2024-06-30,80,97.86,7810.05,33558.35,False
ATM049,2024-07-01,65,102.65,6713.0,26845.36,False
ATM049,2024-07-02,74,98.55,7286.96,19558.39,False
ATM049,2024-07-03,75,92.38,6930.61,73069.39,True
ATM049,2024-07-04,72,103.73,7498.19,65571.2,False
ATM049,2024-07-05,106,96.72,10236.25,55334.95,False
ATM049,2024-07-06,132,96.66,12787.69,42547.26,False
ATM049,2024-07-07,87,108.66,9425.88,33121.38,False
ATM049,2024-07-08,69,103.73,7114.0,26007.38,False
ATM049,2024-07-09,65,94.86,6123.13,19884.25,False
ATM049,2024-07-10,65,102.47,6644.22,73355.78,True
ATM049,2024-07-11,78,99.44,7743.11,65612.67,False
ATM049,2024-07-12,97,99.62,9693.0,55919.66,False
ATM049,2024-07-13,114,97.23,11101.65,44818.01,False
ATM049,2024-07-14,78,100.58,7883.09,36934.92,False
ATM049,2024-07-15,68,99.98,6816.17,30118.75,False
ATM049,2024-07-16,60,101.51,6080.38,24038.36,False
ATM049,2024-07-17,72,99.31,7144.68,72855.32,True
ATM049,2024-07-18,76,102.8,7830.2,65025.12,False
ATM049,2024-07-19,96,100.2,9586.41,55438.71,False
ATM049,2024-07-20,106,100.26,10599.29,44839.42,False
ATM049,2024-07-21,83,99.93,8307.14,36532.28,False
ATM049,2024-07-22,74,102.46,7607.31,28924.97,False
ATM049,2024-07-23,75,98.81,7425.86,21499.11,False
ATM049,2024-07-24,73,101.52,7379.75,72620.25,True
ATM049,2024-07-25,75,100.35,7543.58,65076.67,False
ATM049,2024-07-26,101,104.18,10511.92,54564.75,False
ATM049,2024-07-27,124,98.99,12290.94,42273.81,False
ATM049,2024-07-28,80,102.87,8222.34,34051.47,False
ATM049,2024-07-29,78,100.95,7873.63,26177.85,False
ATM049,2024-07-30,69,103.91,7206.61,18971.24,False
ATM049,2024-07-31,69,100.25,6939.87,73060.13,True
ATM049,2024-08-01,81,98.71,8010.5,65049.63,False
ATM049,2024-08-02,121,98.69,11949.58,53100.05,False
ATM049,2024-08-03,110,105.75,11663.18,41436.87,False
ATM049,2024-08-04,74,100.65,7425.43,34011.44,False
ATM049,2024-08-05,68,100.0,6844.74,27166.7,False
ATM049,2024-08-06,64,98.89,6324.86,20841.84,False
ATM049,2024-08-07,70,100.71,7037.5,72962.5,True
ATM049,2024-08-08,89,93.03,8243.1,64719.4,False
ATM049,2024-08-09,106,99.48,10516.57,54202.83,False
ATM049,2024-08-10,115,100.1,11561.12,42641.71,False
ATM049,2024-08-11,84,95.36,7981.5,34660.21,False
ATM049,2024-08-12,75,97.02,7278.45,27381.76,False
ATM049,2024-08-13,73,97.19,7078.7,20303.05,False
ATM049,2024-08-14,74,99.84,7374.36,72625.64,True
ATM049,2024-08-15,78,99.26,7750.28,64875.36,False
ATM049,2024-08-16,104,99.3,10311.86,54563.5,False
ATM049,2024-08-17,132,95.4,12614.7,41948.81,False
ATM049,2024-08-18,78,103.17,8083.83,33864.98,False
ATM049,2024-08-19,73,104.03,7592.07,26272.9,False
ATM049,2024-08-20,71,96.05,6853.45,19419.46,False
ATM049,2024-08-21,66,99.1,6501.09,73498.91,True
ATM049,2024-08-22,82,99.24,8165.6,65333.31,False
ATM049,2024-08-23,102,101.19,10366.14,54967.17,False
ATM049,2024-08-24,118,98.68,11635.81,43331.36,False
ATM049,2024-08-25,77,102.84,7886.32,35445.04,False
ATM049,2024-08-26,80,96.83,7714.24,27730.8,False
ATM049,2024-08-27,66,102.0,6690.68,21040.12,False
ATM049,2024-08-28,64,101.1,6487.53,73512.47,True
ATM049,2024-08-29,79,96.35,7567.23,65945.24,False
ATM049,2024-08-30,121,98.98,12015.25,53929.99,False
ATM049,2024-08-31,125,96.64,12047.4,41882.59,False
ATM049,2024-09-01,89,105.84,9430.03,32452.56,False
ATM049,2024-09-02,65,99.51,6453.15,25999.41,False
ATM049,2024-09-03,77,98.59,7552.29,18447.12,False
ATM049,2024-09-04,76,94.96,7229.49,72770.51,True
ATM049,2024-09-05,73,100.92,7326.52,65443.99,False
ATM049,2024-09-06,103,98.92,10180.77,55263.22,False
ATM049,2024-09-07,102,101.96,10444.3,44818.91,False
ATM049,2024-09-08,74,104.62,7701.88,37117.03,False
ATM049,2024-09-09,67,102.4,6834.15,30282.88,False
ATM049,2024-09-10,74,97.04,7228.66,23054.22,False
ATM049,2024-09-11,68,98.63,6747.79,73252.21,True
ATM049,2024-09-12,78,96.11,7533.85,65718.36,False
ATM049,2024-09-13,112,97.93,11013.63,54704.73,False
ATM049,2024-09-14,112,103.02,11520.81,43183.92,False
ATM049,2024-09-15,90,98.14,8804.48,34379.44,False
ATM049,2024-09-16,76,102.0,7710.52,26668.91,False
ATM049,2024-09-17,67,98.46,6550.16,20118.75,False
ATM049,2024-09-18,74,102.34,7534.96,72465.04,True
ATM049,2024-09-19,72,96.98,6969.21,65495.83,False
ATM049,2024-09-20,115,96.48,11138.85,54356.97,False
ATM049,2024-09-21,116,105.81,12286.4,42070.58,False
ATM049,2024-09-22,89,97.23,8682.99,33387.59,False
ATM049,2024-09-23,70,103.1,7257.8,26129.8,False
ATM049,2024-09-24,68,101.45,6929.74,19200.05,False
ATM049,2024-09-25,68,97.83,6642.97,73357.03,True
ATM049,2024-09-26,84,97.86,8249.11,65107.92,False
ATM049,2024-09-27,89,99.08,8852.75,56255.16,False
ATM049,2024-09-28,115,103.18,11871.5,44383.66,False
ATM049,2024-09-29,95,100.25,9491.91,34891.75,False
ATM049,2024-09-30,75,100.36,7506.91,27384.84,False
ATM049,2024-10-01,71,99.44,7054.63,20330.22,False
ATM049,2024-10-02,74,97.81,7217.94,72782.06,True
ATM049,2024-10-03,96,92.83,8893.21,63888.86,False
ATM049,2024-10-04,109,100.96,11042.21,52846.65,False
ATM049,2024-10-05,124,96.45,11919.03,40927.61,False
ATM049,2024-10-06,74,101.82,7521.5,33406.12,False
ATM049,2024-10-07,78,100.66,7874.19,25531.92,False
ATM049,2024-10-08,74,98.63,7281.0,18250.93,False
ATM049,2024-10-09,69,103.68,7190.27,72809.73,True
ATM049,2024-10-10,73,103.56,7574.09,65235.64,False
ATM049,2024-10-11,96,98.16,9462.56,55773.08,False
ATM049,2024-10-12,114,105.71,12065.63,43707.45,False
ATM049,2024-10-13,87,96.9,8467.49,35239.96,False
ATM049,2024-10-14,82,99.62,8177.01,27062.95,False
ATM049,2024-10-15,73,99.0,7209.74,19853.21,False
ATM049,2024-10-16,72,98.31,7095.62,72904.38,True
ATM049,2024-10-17,88,103.57,9067.68,63836.7,False
ATM049,2024-10-18,123,97.63,12007.5,51829.2,False
ATM049,2024-10-19,103,99.12,10220.5,41608.7,False
ATM049,2024-10-20,102,99.03,10088.42,31520.28,False
ATM049,2024-10-21,80,96.93,7716.38,23803.89,False
ATM049,2024-10-22,65,99.76,6493.93,17309.96,False
ATM049,2024-10-23,79,103.3,8143.31,71856.69,True
ATM049,2024-10-24,66,102.0,6705.71,65150.98,False
ATM049,2024-10-25,100,97.96,9789.9,55361.08,False
ATM049,2024-10-26,116,104.2,12035.66,43325.42,False
ATM049,2024-10-27,92,100.99,9296.93,34028.49,False
ATM049,2024-10-28,71,104.04,7344.22,26684.27,False
ATM049,2024-10-29,58,105.48,6163.29,20520.98,False
ATM049,2024-10-30,66,100.78,6672.53,73327.47,True
ATM049,2024-10-31,77,96.53,7477.84,65849.63,False
ATM049,2024-11-01,128,100.71,12930.5,52919.13,False
ATM049,2024-11-02,137,99.54,13602.91,39316.22,False
ATM049,2024-11-03,104,106.58,11106.89,28209.32,False
ATM049,2024-11-04,92,100.83,9234.43,18974.9,False
ATM049,2024-11-05,71,101.88,7241.33,11733.57,False
ATM049,2024-11-06,85,102.31,8688.76,71311.24,True
ATM049,2024-11-07,82,102.55,8434.48,62876.77,False
ATM049,2024-11-08,144,97.05,13965.48,48911.29,False
ATM049,2024-11-09,147,97.56,14376.39,34534.9,False
ATM049,2024-11-10,102,97.15,9909.07,24625.83,False
ATM049,2024-11-11,83,98.97,8253.9,16371.93,False
ATM049,2024-11-12,81,102.67,8358.45,8013.48,False
ATM049,2024-11-13,92,98.04,9026.5,70973.5,True
ATM049,2024-11-14,97,96.71,9368.82,61604.68,False
ATM049,2024-11-15,124,100.13,12422.75,49181.93,False
ATM049,2024-11-16,126,101.68,12846.66,36335.27,False
ATM049,2024-11-17,98,100.46,9873.43,26461.85,False
ATM049,2024-11-18,93,98.72,9216.09,17245.76,False
ATM049,2024-11-19,83,104.33,8618.64,8627.12,False
ATM049,2024-11-20,92,99.44,9131.64,70868.36,True
ATM049,2024-11-21,87,97.87,8534.44,62333.92,False
ATM049,2024-11-22,110,102.06,11203.31,51130.61,False
ATM049,2024-11-23,144,100.35,14440.36,36690.25,False
ATM049,2024-11-24,92,98.9,9064.99,27625.25,False
ATM049,2024-11-25,91,101.83,9317.12,18308.13,False
ATM049,2024-11-26,78,109.92,8578.22,9729.91,False
ATM049,2024-11-27,91,93.52,8482.44,71517.56,True
ATM049,2024-11-28,84,100.92,8458.06,63059.51,False
ATM049,2024-11-29,126,99.48,12535.81,50523.7,False
ATM049,2024-11-30,139,97.65,13556.3,36967.4,False
ATM049,2024-12-01,98,104.18,10246.3,26721.1,False
ATM049,2024-12-02,91,105.11,9549.6,17171.51,False
ATM049,2024-12-03,76,99.94,7595.04,9576.47,False
ATM049,2024-12-04,80,101.78,8109.72,71890.28,True
ATM049,2024-12-05,91,99.32,9083.03,62807.25,False
ATM049,2024-12-06,138,100.3,13861.26,48945.99,False
ATM049,2024-12-07,137,101.24,13823.28,35122.71,False
ATM049,2024-12-08,103,102.05,10465.49,24657.22,False
ATM049,2024-12-09,98,96.14,9429.89,15227.32,False
ATM049,2024-12-10,83,99.69,8307.22,6920.1,False
ATM049,2024-12-11,79,102.27,8117.08,71882.92,True
ATM049,2024-12-12,102,98.22,10003.69,61879.22,False
ATM049,2024-12-13,147,95.71,14088.56,47790.67,False
ATM049,2024-12-14,147,97.33,14281.71,33508.96,False
ATM049,2024-12-15,95,100.18,9543.17,23965.79,False
ATM049,2024-12-16,90,91.41,8226.15,15739.64,False
ATM049,2024-12-17,83,102.34,8475.81,7263.83,False
ATM049,2024-12-18,83,99.28,8196.92,71803.08,True
ATM049,2024-12-19,94,94.87,8900.38,62902.7,False
ATM049,2024-12-20,108,102.41,11023.92,51878.79,False
ATM049,2024-12-21,145,101.79,14763.98,37114.81,False
ATM049,2024-12-22,100,102.35,10250.2,26864.6,False
ATM049,2024-12-23,91,97.64,8893.88,17970.73,False
ATM049,2024-12-24,83,99.11,8248.12,9722.61,False
ATM049,2024-12-25,79,103.42,8127.33,71872.67,True
ATM049,2024-12-26,110,92.96,10200.36,61672.32,False
ATM049,2024-12-27,124,99.08,12297.82,49374.5,False
ATM049,2024-12-28,155,95.65,14864.33,34510.17,False
ATM049,2024-12-29,79,102.46,8096.88,26413.28,False
ATM049,2024-12-30,96,94.65,9048.88,17364.41,False
ATM049,2024-12-31,77,104.59,8050.27,9314.14,False
ATM050,2024-01-01,81,76.57,6201.23,63798.77,False
ATM050,2024-01-02,73,75.94,5522.88,58275.89,False
ATM050,2024-01-03,74,78.1,5797.75,52478.14,False
ATM050,2024-01-04,80,81.52,6558.02,45920.12,False
ATM050,2024-01-05,114,85.6,9761.4,60238.6,True
ATM050,2024-01-06,124,79.24,9837.04,50401.55,False
ATM050,2024-01-07,89,77.68,6879.03,43522.52,False
ATM050,2024-01-08,78,78.81,6175.32,37347.2,False
ATM050,2024-01-09,77,77.76,5957.39,31389.81,False
ATM050,2024-01-10,70,81.04,5676.65,25713.16,False
ATM050,2024-01-11,85,75.39,6407.11,63592.89,True
ATM050,2024-01-12,113,78.08,8847.8,54745.09,False
ATM050,2024-01-13,128,82.33,10530.93,44214.17,False
ATM050,2024-01-14,73,81.92,6018.87,38195.3,False
ATM050,2024-01-15,80,76.44,6149.93,32045.37,False
ATM050,2024-01-16,79,76.93,6109.54,25935.83,False
ATM050,2024-01-17,81,78.45,6354.5,63645.5,True
ATM050,2024-01-18,68,85.09,5811.79,57833.71,False
ATM050,2024-01-19,102,78.07,7948.55,49885.16,False
ATM050,2024-01-20,118,78.91,9289.84,40595.32,False
ATM050,2024-01-21,93,80.14,7415.85,33179.47,False
ATM050,2024-01-22,79,80.89,6420.47,26759.0,False
ATM050,2024-01-23,63,81.32,5110.3,64889.7,True
ATM050,2024-01-24,76,78.5,5961.69,58928.01,False
ATM050,2024-01-25,92,81.46,7473.12,51454.9,False
ATM050,2024-01-26,115,82.34,9460.76,41994.13,False
ATM050,2024-01-27,115,81.52,9414.14,32579.99,False
ATM050,2024-01-28,92,78.66,7219.79,25360.2,False
ATM050,2024-01-29,69,80.06,5494.12,64505.88,True
ATM050,2024-01-30,75,80.04,5986.18,58519.7,False
ATM050,2024-01-31,72,80.07,5790.54,52729.16,False
ATM050,2024-02-01,69,83.72,5758.93,46970.22,False
ATM050,2024-02-02,104,78.83,8205.78,38764.44,False
ATM050,2024-02-03,98,79.53,7765.91,30998.53,False
ATM050,2024-02-04,79,78.53,6165.79,63834.21,True
ATM050,2024-02-05,72,80.19,5811.64,58022.57,False
ATM050,2024-02-06,57,81.49,4642.66,53379.91,False
ATM050,2024-02-07,58,81.66,4772.81,48607.1,False
ATM050,2024-02-08,71,80.21,5683.6,42923.5,False
ATM050,2024-02-09,101,79.64,8037.99,34885.51,False
ATM050,2024-02-10,112,80.2,8943.91,61056.09,True
ATM050,2024-02-11,91,80.54,7317.55,53738.54,False
ATM050,2024-02-12,71,78.3,5535.51,48203.04,False
ATM050,2024-02-13,69,77.54,5364.06,42838.98,False
ATM050,2024-02-14,76,76.44,5778.74,37060.24,False
ATM050,2024-02-15,92,76.09,6978.94,30081.3,False
ATM050,2024-02-16,132,78.98,10447.98,59552.02,True
ATM050,2024-02-17,150,77.66,11651.47,47900.54,False
ATM050,2024-02-18,103,81.39,8395.61,39504.93,False
ATM050,2024-02-19,87,80.07,6957.48,63042.52,True
ATM050,2024-02-20,85,77.81,6644.39,56398.12,False
ATM050,2024-02-21,77,81.31,6230.9,50167.23,False
ATM050,2024-02-22,89,81.09,7214.87,62785.13,True
ATM050,2024-02-23,143,78.9,11309.05,51476.08,False
ATM050,2024-02-24,134,79.22,10648.42,40827.66,False
ATM050,2024-02-25,100,81.47,8111.1,61888.9,True
ATM050,2024-02-26,80,84.99,6841.48,55047.41,False
ATM050,2024-02-27,83,81.87,6777.64,48269.77,False
ATM050,2024-02-28,81,82.43,6700.68,63299.32,True
ATM050,2024-02-29,93,78.45,7297.88,56001.44,False
ATM050,2024-03-01,135,79.86,10809.31,45192.13,False
ATM050,2024-03-02,137,82.36,11297.56,58702.44,True
ATM050,2024-03-03,103,79.64,8168.09,50534.36,False
ATM050,2024-03-04,80,82.55,6602.93,43931.42,False
ATM050,2024-03-05,80,79.88,6425.34,63574.66,True
ATM050,2024-03-06,85,80.68,6854.27,56720.39,False
ATM050,2024-03-07,100,79.83,7947.93,48772.46,False
ATM050,2024-03-08,141,79.4,11171.67,58828.33,True
ATM050,2024-03-09,143,79.56,11397.24,47431.1,False
ATM050,2024-03-10,118,79.16,9365.44,38065.66,False
ATM050,2024-03-11,84,80.28,6731.36,63268.64,True
ATM050,2024-03-12,80,80.75,6459.14,56809.5,False
ATM050,2024-03-13,91,80.35,7321.57,49487.93,False
ATM050,2024-03-14,94,79.45,7499.61,62500.39,True
ATM050,2024-03-15,122,80.23,9793.11,52707.28,False
ATM050,2024-03-16,106,82.82,8818.38,43888.9,False
ATM050,2024-03-17,72,83.49,6003.0,63997.0,True
ATM050,2024-03-18,67,80.36,5384.92,58612.08,False
ATM050,2024-03-19,60,81.35,4847.77,53764.31,False
ATM050,2024-03-20,62,80.9,4985.05,48779.26,False
ATM050,2024-03-21,76,79.22,5990.29,42788.96,False
ATM050,2024-03-22,82,85.19,6968.17,35820.79,False
ATM050,2024-03-23,102,80.65,8186.71,61813.29,True
ATM050,2024-03-24,74,82.52,6100.12,55713.17,False
ATM050,2024-03-25,68,78.2,5297.93,50415.24,False
ATM050,2024-03-26,71,76.95,5445.12,44970.12,False
ATM050,2024-03-27,63,81.66,5179.7,39790.42,False
ATM050,2024-03-28,84,77.69,6529.43,33260.99,False
ATM050,2024-03-29,95,80.85,7714.59,62285.41,True
ATM050,2024-03-30,92,83.26,7663.64,54621.78,False
ATM050,2024-03-31,76,78.95,5986.04,48635.74,False
ATM050,2024-04-01,76,80.12,6094.88,42540.86,False
ATM050,2024-04-02,64,84.13,5370.47,37170.39,False
ATM050,2024-04-03,63,77.31,4897.52,32272.88,False
ATM050,2024-04-04,80,77.72,6181.6,63818.4,True
ATM050,2024-04-05,127,76.02,9646.56,54171.85,False
ATM050,2024-04-06,136,79.33,10811.81,43360.04,False
ATM050,2024-04-07,86,74.96,6420.13,36939.91,False
ATM050,2024-04-08,75,78.32,5895.16,31044.75,False
ATM050,2024-04-09,74,78.92,5841.12,25203.63,False
ATM050,2024-04-10,79,79.66,6270.74,63729.26,True
ATM050,2024-04-11,76,82.34,6274.4,57454.87,False
ATM050,2024-04-12,110,81.86,8999.82,48455.05,False
ATM050,2024-04-13,133,79.29,10506.8,37948.25,False
ATM050,2024-04-14,86,82.03,7080.76,30867.49,False
ATM050,2024-04-15,63,79.76,5041.2,25826.29,False
ATM050,2024-04-16,70,80.9,5655.49,64344.51,True
ATM050,2024-04-17,67,82.63,5545.07,58799.43,False
ATM050,2024-04-18,78,78.9,6138.05,52661.38,False
ATM050,2024-04-19,102,82.95,8454.71,44206.67,False
ATM050,2024-04-20,99,84.29,8378.14,35828.53,False
ATM050,2024-04-21,100,78.64,7829.04,27999.49,False
ATM050,2024-04-22,80,80.31,6430.64,63569.36,True
ATM050,2024-04-23,78,82.28,6449.95,57119.41,False
ATM050,2024-04-24,90,76.25,6838.08,50281.32,False
ATM050,2024-04-25,86,75.86,6550.53,43730.8,False
ATM050,2024-04-26,100,85.4,8541.38,35189.42,False
ATM050,2024-04-27,122,82.36,10018.07,25171.35,False
ATM050,2024-04-28,90,81.08,7320.51,62679.49,True
ATM050,2024-04-29,74,78.3,5769.73,56909.76,False
ATM050,2024-04-30,75,73.45,5528.56,51381.2,False
ATM050,2024-05-01,66,80.58,5301.21,46079.99,False
ATM050,2024-05-02,71,79.69,5626.55,40453.44,False
ATM050,2024-05-03,102,82.12,8353.46,32099.99,False
ATM050,2024-05-04,104,78.09,8104.82,61895.18,True
ATM050,2024-05-05,83,81.41,6767.3,55127.88,False
ATM050,2024-05-06,72,83.13,5977.41,49150.47,False
ATM050,2024-05-07,78,79.3,6184.83,42965.64,False
ATM050,2024-05-08,77,77.79,5954.68,37010.97,False
ATM050,2024-05-09,86,81.09,6947.8,30063.17,False
ATM050,2024-05-10,102,82.38,8363.39,61636.61,True
ATM050,2024-05-11,104,77.42,8015.93,53620.68,False
ATM050,2024-05-12,80,80.83,6472.04,47148.64,False
ATM050,2024-05-13,81,77.72,6294.39,40854.25,False
ATM050,2024-05-14,73,79.36,5817.5,35036.75,False
ATM050,2024-05-15,66,79.61,5228.43,29808.32,False
ATM050,2024-05-16,71,81.17,5751.56,64248.44,True
ATM050,2024-05-17,102,76.61,7832.46,56415.98,False
ATM050,2024-05-18,107,81.1,8650.0,47765.98,False
ATM050,2024-05-19,71,81.4,5819.6,41946.38,False
ATM050,2024-05-20,71,83.55,5909.23,36037.15,False
ATM050,2024-05-21,71,75.67,5347.85,30689.3,False
ATM050,2024-05-22,68,82.32,5579.01,64420.99,True
ATM050,2024-05-23,70,79.83,5596.18,58824.82,False
ATM050,2024-05-24,99,84.29,8329.25,50495.56,False
ATM050,2024-05-25,105,82.14,8657.25,41838.32,False
ATM050,2024-05-26,82,80.48,6563.57,35274.74,False
ATM050,2024-05-27,77,78.0,5971.59,29303.16,False
ATM050,2024-05-28,66,80.07,5307.85,64692.15,True
ATM050,2024-05-29,58,82.96,4797.97,59894.18,False
ATM050,2024-05-30,78,80.08,6226.86,53667.32,False
ATM050,2024-05-31,99,80.0,7906.03,45761.29,False
ATM050,2024-06-01,116,80.13,9261.09,36500.2,False
ATM050,2024-06-02,78,78.76,6126.78,30373.42,False
ATM050,2024-06-03,70,77.76,5435.93,64564.07,True
ATM050,2024-06-04,68,78.1,5346.22,59217.84,False
ATM050,2024-06-05,57,87.66,4987.19,54230.65,False
ATM050,2024-06-06,84,80.35,6730.37,47500.27,False
ATM050,2024-06-07,104,82.45,8546.25,38954.02,False
ATM050,2024-06-08,109,80.68,8767.27,30186.75,False
ATM050,2024-06-09,76,83.01,6303.11,63696.89,True
ATM050,2024-06-10,71,83.75,5946.13,57750.77,False
ATM050,2024-06-11,62,85.2,5321.09,52429.68,False
ATM050,2024-06-12,62,84.91,5303.32,47126.36,False
ATM050,2024-06-13,74,76.89,5688.29,41438.07,False
ATM050,2024-06-14,114,81.58,9280.07,32158.0,False
ATM050,2024-06-15,115,79.13,9139.86,60860.14,True
ATM050,2024-06-16,77,78.2,6051.06,54809.08,False
ATM050,2024-06-17,69,79.64,5493.57,49315.51,False
ATM050,2024-06-18,54,84.07,4559.52,44755.99,False
ATM050,2024-06-19,62,82.97,5177.37,39578.62,False
ATM050,2024-06-20,70,80.37,5592.61,33986.01,False
ATM050,2024-06-21,105,82.0,8619.13,61380.87,True
ATM050,2024-06-22,106,81.22,8649.91,52730.96,False
ATM050,2024-06-23,85,79.64,6730.91,46000.05,False
ATM050,2024-06-24,64,78.5,5032.51,40967.54,False
ATM050,2024-06-25,64,80.06,5086.1,35881.43,False
ATM050,2024-06-26,73,82.18,5960.44,29921.0,False
ATM050,2024-06-27,66,84.41,5549.55,64450.45,True
ATM050,2024-06-28,98,81.61,8007.7,56442.75,False
ATM050,2024-06-29,105,78.91,8253.0,48189.75,False
ATM050,2024-06-30,89,77.89,6903.65,41286.1,False
ATM050,2024-07-01,67,81.13,5461.6,35824.5,False
ATM050,2024-07-02,64,75.73,4862.01,30962.49,False
ATM050,2024-07-03,65,86.87,5681.38,64318.62,True
ATM050,2024-07-04,74,81.56,6067.59,58251.03,False
ATM050,2024-07-05,91,83.53,7568.82,50682.21,False
ATM050,2024-07-06,104,82.79,8584.28,42097.93,False
ATM050,2024-07-07,82,81.52,6698.64,35399.29,False
ATM050,2024-07-08,70,81.35,5671.26,29728.03,False
ATM050,2024-07-09,65,82.33,5327.57,64672.43,True
ATM050,2024-07-10,64,79.43,5067.53,59604.9,False
ATM050,2024-07-11,81,80.41,6511.74,53093.16,False
ATM050,2024-07-12,95,82.48,7870.38,45222.78,False
ATM050,2024-07-13,122,76.88,9345.79,35876.98,False
ATM050,2024-07-14,84,80.33,6756.4,29120.59,False
ATM050,2024-07-15,71,80.03,5718.54,64281.46,True
ATM050,2024-07-16,71,75.61,5395.47,58886.0,False
ATM050,2024-07-17,61,81.78,5007.98,53878.02,False
ATM050,2024-07-18,87,80.88,7059.27,46818.75,False
ATM050,2024-07-19,95,80.32,7670.84,39147.92,False
ATM050,2024-07-20,100,83.0,8279.37,30868.55,False
ATM050,2024-07-21,78,82.53,6441.49,63558.51,True
ATM050,2024-07-22,65,82.74,5382.42,58176.09,False
ATM050,2024-07-23,58,80.06,4661.82,53514.27,False
ATM050,2024-07-24,70,79.36,5536.98,47977.29,False
ATM050,2024-07-25,75,80.82,6025.54,41951.75,False
ATM050,2024-07-26,106,81.49,8665.42,33286.34,False
ATM050,2024-07-27,110,82.11,9059.47,60940.53,True
ATM050,2024-07-28,75,78.19,5839.71,55100.82,False
ATM050,2024-07-29,61,81.32,4937.76,50163.06,False
ATM050,2024-07-30,65,83.32,5376.43,44786.63,False
ATM050,2024-07-31,70,78.48,5464.62,39322.01,False
ATM050,2024-08-01,79,75.5,5931.17,33390.84,False
ATM050,2024-08-02,105,74.37,7825.18,62174.82,True
ATM050,2024-08-03,114,79.33,9018.72,53156.1,False
ATM050,2024-08-04,82,77.76,6360.68,46795.42,False
ATM050,2024-08-05,64,81.66,5191.69,41603.73,False
ATM050,2024-08-06,58,81.21,4723.42,36880.31,False
ATM050,2024-08-07,66,75.97,5037.41,31842.9,False
ATM050,2024-08-08,77,83.19,6402.48,63597.52,True
ATM050,2024-08-09,99,78.68,7753.62,55843.91,False
ATM050,2024-08-10,111,78.06,8660.26,47183.65,False
ATM050,2024-08-11,76,81.08,6141.23,41042.42,False
ATM050,2024-08-12,79,79.15,6290.58,34751.84,False
ATM050,2024-08-13,69,80.85,5610.7,29141.14,False
ATM050,2024-08-14,59,79.94,4742.77,65257.23,True
ATM050,2024-08-15,70,83.51,5814.4,59442.83,False
ATM050,2024-08-16,111,80.9,8946.68,50496.15,False
ATM050,2024-08-17,120,79.65,9595.6,40900.56,False
ATM050,2024-08-18,87,80.24,6943.11,33957.45,False
ATM050,2024-08-19,71,82.88,5875.07,28082.38,False
ATM050,2024-08-20,70,78.22,5491.54,64508.46,True
ATM050,2024-08-21,63,81.81,5177.07,59331.39,False
ATM050,2024-08-22,78,80.38,6255.01,53076.37,False
ATM050,2024-08-23,98,80.46,7877.9,45198.47,False
ATM050,2024-08-24,109,79.35,8643.54,36554.93,False
ATM050,2024-08-25,93,78.86,7363.95,29190.97,False
ATM050,2024-08-26,70,80.37,5637.41,64362.59,True
ATM050,2024-08-27,62,76.97,4793.21,59569.38,False
ATM050,2024-08-28,70,75.31,5301.55,54267.83,False
ATM050,2024-08-29,84,79.13,6679.01,47588.82,False
ATM050,2024-08-30,94,82.94,7806.05,39782.78,False
ATM050,2024-08-31,107,81.56,8727.3,31055.48,False
ATM050,2024-09-01,77,80.11,6167.62,63832.38,True
ATM050,2024-09-02,75,77.93,5822.17,58010.21,False
ATM050,2024-09-03,73,74.2,5419.48,52590.73,False
ATM050,2024-09-04,74,78.66,5825.6,46765.12,False
ATM050,2024-09-05,73,79.76,5840.67,40924.46,False
ATM050,2024-09-06,97,77.48,7520.87,33403.59,False
ATM050,2024-09-07,112,81.36,9141.28,60858.72,True
ATM050,2024-09-08,74,81.3,6034.09,54824.63,False
ATM050,2024-09-09,72,79.09,5657.22,49167.41,False
ATM050,2024-09-10,60,79.91,4770.8,44396.61,False
ATM050,2024-09-11,68,79.86,5469.75,38926.86,False
ATM050,2024-09-12,69,81.12,5637.08,33289.78,False
ATM050,2024-09-13,113,78.15,8797.74,61202.26,True
ATM050,2024-09-14,100,86.58,8631.74,52570.53,False
ATM050,2024-09-15,85,76.96,6551.9,46018.63,False
ATM050,2024-09-16,67,78.18,5261.67,40756.95,False
ATM050,2024-09-17,66,80.74,5363.87,35393.08,False
ATM050,2024-09-18,60,84.46,5099.4,30293.68,False
ATM050,2024-09-19,75,78.91,5910.91,64089.09,True
ATM050,2024-09-20,95,77.85,7392.33,56696.75,False
ATM050,2024-09-21,102,79.54,8077.52,48619.24,False
ATM050,2024-09-22,74,81.88,6034.22,42585.01,False
ATM050,2024-09-23,64,82.02,5222.47,37362.55,False
ATM050,2024-09-24,66,81.55,5405.74,31956.81,False
ATM050,2024-09-25,67,84.78,5677.15,64322.85,True
ATM050,2024-09-26,67,82.03,5536.77,58786.08,False
ATM050,2024-09-27,100,82.55,8279.56,50506.51,False
ATM050,2024-09-28,107,82.82,8882.31,41624.2,False
ATM050,2024-09-29,76,77.59,5864.88,35759.32,False
ATM050,2024-09-30,65,79.82,5228.03,30531.29,False
ATM050,2024-10-01,67,78.22,5239.9,64760.1,True
ATM050,2024-10-02,63,78.43,4974.46,59785.64,False
ATM050,2024-10-03,66,79.31,5213.18,54572.46,False
ATM050,2024-10-04,99,81.06,8019.16,46553.3,False
ATM050,2024-10-05,106,84.3,8917.25,37636.06,False
ATM050,2024-10-06,83,81.77,6795.5,30840.56,False
ATM050,2024-10-07,69,81.29,5581.23,64418.77,True
ATM050,2024-10-08,64,80.24,5142.84,59275.93,False
ATM050,2024-10-09,76,79.83,6099.37,53176.55,False
ATM050,2024-10-10,66,81.67,5352.75,47823.8,False
ATM050,2024-10-11,107,80.37,8560.74,39263.06,False
ATM050,2024-10-12,93,83.09,7727.78,31535.28,False
ATM050,2024-10-13,82,79.26,6524.0,63476.0,True
ATM050,2024-10-14,79,75.14,5912.35,57563.64,False
ATM050,2024-10-15,67,78.7,5263.98,52299.66,False
ATM050,2024-10-16,73,80.58,5918.76,46380.9,False
ATM050,2024-10-17,67,82.73,5530.7,40850.19,False
ATM050,2024-10-18,83,81.22,6778.73,34071.46,False
ATM050,2024-10-19,102,78.89,8067.76,61932.24,True
ATM050,2024-10-20,77,82.18,6312.6,55619.65,False
ATM050,2024-10-21,84,75.73,6347.87,49271.78,False
ATM050,2024-10-22,63,85.29,5388.67,43883.11,False
ATM050,2024-10-23,65,78.48,5122.14,38760.97,False
ATM050,2024-10-24,73,81.99,5973.64,32787.32,False
ATM050,2024-10-25,107,79.14,8431.32,61568.68,True
ATM050,2024-10-26,100,83.16,8332.21,53236.47,False
ATM050,2024-10-27,81,75.4,6081.03,47155.44,False
ATM050,2024-10-28,63,78.62,4914.27,42241.17,False
ATM050,2024-10-29,75,77.15,5798.12,36443.05,False
ATM050,2024-10-30,71,83.14,5931.11,30511.94,False
ATM050,2024-10-31,81,73.88,5969.17,64030.83,True
ATM050,2024-11-01,111,78.48,8745.61,55285.22,False
ATM050,2024-11-02,149,78.63,11739.62,43545.6,False
ATM050,2024-11-03,89,80.45,7176.44,36369.16,False
ATM050,2024-11-04,73,79.94,5816.67,30552.49,False
ATM050,2024-11-05,67,86.45,5828.0,24724.49,False
ATM050,2024-11-06,70,84.63,5900.03,64099.97,True
ATM050,2024-11-07,79,80.63,6401.57,57698.39,False
ATM050,2024-11-08,122,80.34,9840.03,47858.37,False
ATM050,2024-11-09,127,82.07,10458.85,37399.52,False
ATM050,2024-11-10,98,79.59,7800.01,29599.51,False
ATM050,2024-11-11,77,79.6,6123.81,23475.7,False
ATM050,2024-11-12,77,79.53,6086.7,63913.3,True
ATM050,2024-11-13,83,76.62,6325.1,57588.2,False
ATM050,2024-11-14,79,82.0,6452.22,51135.98,False
ATM050,2024-11-15,98,82.87,8116.57,43019.41,False
ATM050,2024-11-16,119,84.01,10001.11,33018.3,False
ATM050,2024-11-17,104,79.21,8254.38,24763.92,False
ATM050,2024-11-18,75,83.82,6320.09,63679.91,True
ATM050,2024-11-19,82,82.33,6737.57,56942.34,False
ATM050,2024-11-20,88,77.39,6816.08,50126.26,False
ATM050,2024-11-21,90,78.15,7033.79,43092.46,False
ATM050,2024-11-22,109,80.39,8789.08,34303.38,False
ATM050,2024-11-23,127,79.6,10103.19,24200.18,False
ATM050,2024-11-24,95,76.99,7314.85,62685.15,True
ATM050,2024-11-25,90,80.37,7229.5,55455.65,False
ATM050,2024-11-26,69,80.44,5571.25,49884.4,False
ATM050,2024-11-27,85,82.3,6998.45,42885.95,False
ATM050,2024-11-28,85,78.81,6686.19,36199.76,False
ATM050,2024-11-29,114,78.22,8885.68,27314.08,False
ATM050,2024-11-30,130,76.48,9929.98,60070.02,True
ATM050,2024-12-01,91,80.83,7343.61,52726.41,False
ATM050,2024-12-02,77,80.52,6236.47,46489.94,False
ATM050,2024-12-03,82,84.41,6904.05,39585.89,False
ATM050,2024-12-04,76,82.11,6261.61,33324.29,False
ATM050,2024-12-05,87,78.83,6853.03,26471.26,False
ATM050,2024-12-06,110,80.21,8786.87,61213.13,True
ATM050,2024-12-07,146,76.94,11220.33,49992.8,False
ATM050,2024-12-08,94,79.2,7424.7,42568.1,False
ATM050,2024-12-09,81,80.63,6531.76,36036.34,False
ATM050,2024-12-10,76,84.55,6399.24,29637.11,False
ATM050,2024-12-11,76,77.78,5919.53,23717.58,False
ATM050,2024-12-12,84,83.49,7054.54,62945.46,True
ATM050,2024-12-13,106,80.8,8576.88,54368.58,False
ATM050,2024-12-14,125,82.05,10254.6,44113.98,False
ATM050,2024-12-15,99,80.12,7915.97,36198.01,False
ATM050,2024-12-16,85,78.42,6642.72,29555.29,False
ATM050,2024-12-17,78,83.33,6518.13,23037.16,False
ATM050,2024-12-18,80,79.02,6335.72,63664.28,True
ATM050,2024-12-19,84,81.9,6863.34,56800.94,False
ATM050,2024-12-20,123,77.12,9473.57,47327.37,False
ATM050,2024-12-21,143,77.64,11116.92,36210.45,False
ATM050,2024-12-22,103,75.52,7803.9,28406.56,False
ATM050,2024-12-23,81,79.84,6468.63,21937.92,False
ATM050,2024-12-24,66,80.8,5370.27,64629.73,True
ATM050,2024-12-25,73,80.2,5824.64,58805.1,False
ATM050,2024-12-26,88,76.45,6736.46,52068.64,False
ATM050,2024-12-27,114,77.68,8830.71,43237.93,False
ATM050,2024-12-28,136,82.01,11140.53,32097.4,False
ATM050,2024-12-29,112,78.77,8833.26,23264.15,False
ATM050,2024-12-30,77,80.32,6179.95,63820.05,True
ATM050,2024-12-31,76,78.6,6011.68,57808.38,False
